payment_id,ride_id,payment_method,payment_status,tip_amount
P00001,R00001,UPI,Success,96.06
P00002,R00002,Cash,Pending,19.86
P00003,R00003,Debit Card,Pending,90.34
P00004,R00004,Credit Card,Success,3.9
P00005,R00005,Debit Card,Pending,68.58
P00006,R00006,Credit Card,Success,97.47
P00007,R00007,Debit Card,Failed,40.26
P00008,R00008,Credit Card,Failed,134.48
P00009,R00009,Cash,Pending,8.69
P00010,R00010,Cash,Failed,77.47
P00011,R00011,Cash,Failed,86.85
P00012,R00012,Debit Card,Failed,12.03
P00013,R00013,Cash,Success,60.0
P00014,R00014,UPI,Pending,143.73
P00015,R00015,Credit Card,Failed,29.4
P00016,R00016,Debit Card,Success,36.73
P00017,R00017,UPI,Success,111.83
P00018,R00018,UPI,Pending,24.78
P00019,R00019,Cash,Pending,72.89
P00020,R00020,Credit Card,Failed,38.07
P00021,R00021,Cash,Pending,123.2
P00022,R00022,Cash,Pending,52.15
P00023,R00023,Debit Card,Failed,66.47
P00024,R00024,Credit Card,Pending,73.81
P00025,R00025,Debit Card,Failed,69.64
P00026,R00026,Debit Card,Failed,37.92
P00027,R00027,UPI,Failed,27.7
P00028,R00028,UPI,Success,149.3
P00029,R00029,Cash,Pending,74.99
P00030,R00030,Credit Card,Pending,124.85
P00031,R00031,Debit Card,Success,149.79
P00032,R00032,Credit Card,Success,17.51
P00033,R00033,Debit Card,Success,31.92
P00034,R00034,Cash,Failed,91.9
P00035,R00035,Cash,Pending,127.72
P00036,R00036,UPI,Pending,49.24
P00037,R00037,UPI,Failed,142.64
P00038,R00038,UPI,Pending,95.17
P00039,R00039,Cash,Success,114.16
P00040,R00040,Debit Card,Success,52.88
P00041,R00041,Cash,Success,22.73
P00042,R00042,Cash,Success,74.97
P00043,R00043,Cash,Success,50.71
P00044,R00044,Credit Card,Pending,114.6
P00045,R00045,Credit Card,Failed,9.82
P00046,R00046,Cash,Pending,83.62
P00047,R00047,Credit Card,Pending,85.97
P00048,R00048,Cash,Failed,10.32
P00049,R00049,Credit Card,Failed,136.41
P00050,R00050,Credit Card,Failed,8.07
P00051,R00051,UPI,Success,33.36
P00052,R00052,Debit Card,Success,53.01
P00053,R00053,UPI,Pending,47.68
P00054,R00054,Credit Card,Pending,24.25
P00055,R00055,Credit Card,Failed,97.04
P00056,R00056,Debit Card,Success,38.69
P00057,R00057,Debit Card,Failed,23.43
P00058,R00058,UPI,Failed,55.06
P00059,R00059,Debit Card,Failed,0.39
P00060,R00060,Debit Card,Failed,26.42
P00061,R00061,Cash,Success,26.48
P00062,R00062,UPI,Pending,80.08
P00063,R00063,Cash,Success,28.93
P00064,R00064,Credit Card,Failed,63.64
P00065,R00065,Cash,Failed,16.16
P00066,R00066,Credit Card,Pending,45.98
P00067,R00067,Credit Card,Pending,71.39
P00068,R00068,Debit Card,Failed,6.56
P00069,R00069,UPI,Pending,22.24
P00070,R00070,Debit Card,Pending,59.45
P00071,R00071,UPI,Pending,21.82
P00072,R00072,Credit Card,Success,43.99
P00073,R00073,Credit Card,Pending,84.94
P00074,R00074,Debit Card,Failed,113.68
P00075,R00075,Cash,Pending,3.49
P00076,R00076,Credit Card,Failed,29.29
P00077,R00077,UPI,Failed,144.25
P00078,R00078,Debit Card,Failed,75.41
P00079,R00079,Debit Card,Pending,149.11
P00080,R00080,Debit Card,Failed,12.05
P00081,R00081,Debit Card,Failed,23.53
P00082,R00082,Cash,Success,59.7
P00083,R00083,Credit Card,Success,108.99
P00084,R00084,Credit Card,Failed,21.91
P00085,R00085,UPI,Success,124.5
P00086,R00086,UPI,Pending,70.0
P00087,R00087,Debit Card,Success,3.66
P00088,R00088,Credit Card,Pending,135.07
P00089,R00089,Credit Card,Failed,56.75
P00090,R00090,Cash,Pending,35.33
P00091,R00091,UPI,Pending,10.9
P00092,R00092,Debit Card,Pending,99.4
P00093,R00093,Cash,Success,89.81
P00094,R00094,UPI,Pending,131.41
P00095,R00095,UPI,Failed,63.0
P00096,R00096,Debit Card,Success,105.42
P00097,R00097,Debit Card,Pending,64.01
P00098,R00098,Cash,Success,130.75
P00099,R00099,UPI,Pending,100.04
P00100,R00100,Credit Card,Pending,57.65
P00101,R00101,UPI,Failed,15.54
P00102,R00102,Debit Card,Failed,116.49
P00103,R00103,UPI,Success,10.44
P00104,R00104,Cash,Success,64.24
P00105,R00105,Debit Card,Pending,10.51
P00106,R00106,Debit Card,Success,5.39
P00107,R00107,Debit Card,Success,141.97
P00108,R00108,Debit Card,Failed,109.96
P00109,R00109,UPI,Success,19.74
P00110,R00110,Credit Card,Failed,43.52
P00111,R00111,Cash,Success,11.22
P00112,R00112,UPI,Failed,140.51
P00113,R00113,Debit Card,Failed,96.75
P00114,R00114,Credit Card,Success,47.93
P00115,R00115,Debit Card,Pending,23.97
P00116,R00116,Debit Card,Success,6.59
P00117,R00117,UPI,Pending,60.13
P00118,R00118,Cash,Failed,107.47
P00119,R00119,Debit Card,Pending,77.98
P00120,R00120,Credit Card,Pending,11.24
P00121,R00121,Debit Card,Success,81.94
P00122,R00122,Cash,Success,139.85
P00123,R00123,Credit Card,Failed,91.61
P00124,R00124,Cash,Failed,148.3
P00125,R00125,Credit Card,Success,69.54
P00126,R00126,UPI,Pending,94.86
P00127,R00127,Cash,Pending,129.34
P00128,R00128,Debit Card,Success,63.18
P00129,R00129,Credit Card,Pending,134.8
P00130,R00130,UPI,Pending,94.43
P00131,R00131,Debit Card,Success,139.71
P00132,R00132,Credit Card,Failed,29.97
P00133,R00133,Credit Card,Pending,49.25
P00134,R00134,Cash,Pending,38.61
P00135,R00135,Credit Card,Failed,73.14
P00136,R00136,Debit Card,Pending,110.7
P00137,R00137,Cash,Pending,97.24
P00138,R00138,Credit Card,Success,144.54
P00139,R00139,UPI,Failed,73.07
P00140,R00140,UPI,Success,92.42
P00141,R00141,UPI,Failed,113.73
P00142,R00142,Debit Card,Pending,149.47
P00143,R00143,UPI,Success,79.29
P00144,R00144,UPI,Success,39.17
P00145,R00145,UPI,Failed,138.46
P00146,R00146,Debit Card,Success,111.21
P00147,R00147,Credit Card,Failed,26.11
P00148,R00148,Credit Card,Failed,114.98
P00149,R00149,Cash,Pending,133.9
P00150,R00150,Debit Card,Success,103.46
P00151,R00151,Cash,Success,45.42
P00152,R00152,Cash,Failed,68.93
P00153,R00153,Debit Card,Pending,103.32
P00154,R00154,UPI,Success,49.65
P00155,R00155,Credit Card,Failed,62.37
P00156,R00156,Credit Card,Success,79.93
P00157,R00157,UPI,Pending,47.25
P00158,R00158,UPI,Success,23.21
P00159,R00159,Credit Card,Success,16.91
P00160,R00160,UPI,Success,98.48
P00161,R00161,Debit Card,Success,96.89
P00162,R00162,Credit Card,Pending,64.29
P00163,R00163,Debit Card,Failed,122.19
P00164,R00164,Cash,Pending,122.81
P00165,R00165,UPI,Failed,32.96
P00166,R00166,Debit Card,Success,66.18
P00167,R00167,Cash,Failed,143.15
P00168,R00168,Cash,Pending,33.27
P00169,R00169,Credit Card,Pending,71.04
P00170,R00170,Debit Card,Pending,50.69
P00171,R00171,Debit Card,Success,22.48
P00172,R00172,Cash,Failed,6.28
P00173,R00173,Cash,Failed,73.95
P00174,R00174,Credit Card,Failed,84.47
P00175,R00175,Credit Card,Pending,112.33
P00176,R00176,Cash,Success,64.51
P00177,R00177,Cash,Failed,77.58
P00178,R00178,Debit Card,Pending,72.3
P00179,R00179,Credit Card,Success,30.78
P00180,R00180,Cash,Failed,37.45
P00181,R00181,UPI,Pending,29.18
P00182,R00182,UPI,Success,100.47
P00183,R00183,Debit Card,Pending,133.91
P00184,R00184,UPI,Success,148.5
P00185,R00185,Credit Card,Pending,8.39
P00186,R00186,UPI,Pending,146.44
P00187,R00187,UPI,Failed,29.8
P00188,R00188,Cash,Failed,8.07
P00189,R00189,Debit Card,Failed,56.03
P00190,R00190,Debit Card,Pending,79.09
P00191,R00191,Debit Card,Success,143.09
P00192,R00192,Credit Card,Pending,135.63
P00193,R00193,Cash,Success,84.78
P00194,R00194,Debit Card,Pending,99.2
P00195,R00195,Debit Card,Failed,45.22
P00196,R00196,Credit Card,Success,26.47
P00197,R00197,Cash,Pending,96.33
P00198,R00198,UPI,Success,56.09
P00199,R00199,Cash,Failed,26.99
P00200,R00200,UPI,Pending,86.48
P00201,R00201,Cash,Success,130.27
P00202,R00202,Credit Card,Failed,55.63
P00203,R00203,UPI,Failed,5.32
P00204,R00204,UPI,Failed,127.91
P00205,R00205,Cash,Success,133.47
P00206,R00206,UPI,Pending,129.29
P00207,R00207,Cash,Success,53.29
P00208,R00208,Cash,Failed,15.2
P00209,R00209,Cash,Success,78.45
P00210,R00210,UPI,Success,120.58
P00211,R00211,Debit Card,Pending,112.02
P00212,R00212,UPI,Failed,92.51
P00213,R00213,UPI,Failed,108.29
P00214,R00214,Credit Card,Success,117.48
P00215,R00215,UPI,Pending,138.91
P00216,R00216,Cash,Success,129.31
P00217,R00217,Debit Card,Failed,30.89
P00218,R00218,Cash,Failed,87.11
P00219,R00219,Cash,Failed,16.8
P00220,R00220,Credit Card,Success,93.72
P00221,R00221,Credit Card,Failed,52.56
P00222,R00222,Credit Card,Failed,122.03
P00223,R00223,Credit Card,Success,106.77
P00224,R00224,Cash,Success,56.22
P00225,R00225,Credit Card,Failed,33.81
P00226,R00226,Cash,Success,32.25
P00227,R00227,Cash,Success,74.55
P00228,R00228,Cash,Failed,60.69
P00229,R00229,Debit Card,Pending,49.97
P00230,R00230,Cash,Success,21.51
P00231,R00231,Debit Card,Failed,132.76
P00232,R00232,Cash,Failed,148.96
P00233,R00233,Cash,Pending,7.65
P00234,R00234,Cash,Failed,1.17
P00235,R00235,Cash,Failed,91.27
P00236,R00236,Debit Card,Failed,77.91
P00237,R00237,Credit Card,Failed,126.1
P00238,R00238,Cash,Failed,113.94
P00239,R00239,UPI,Pending,20.94
P00240,R00240,UPI,Success,62.98
P00241,R00241,Cash,Success,105.13
P00242,R00242,UPI,Success,67.9
P00243,R00243,Debit Card,Success,114.97
P00244,R00244,UPI,Failed,61.95
P00245,R00245,Cash,Failed,3.92
P00246,R00246,Cash,Pending,84.99
P00247,R00247,Credit Card,Pending,28.63
P00248,R00248,Cash,Pending,93.88
P00249,R00249,Credit Card,Failed,70.64
P00250,R00250,UPI,Failed,80.5
P00251,R00251,Debit Card,Success,72.43
P00252,R00252,Debit Card,Failed,115.06
P00253,R00253,UPI,Pending,22.96
P00254,R00254,Cash,Failed,117.93
P00255,R00255,Credit Card,Pending,7.43
P00256,R00256,UPI,Failed,40.21
P00257,R00257,Credit Card,Pending,112.14
P00258,R00258,Cash,Failed,81.85
P00259,R00259,Credit Card,Pending,81.12
P00260,R00260,UPI,Failed,37.73
P00261,R00261,Cash,Success,142.37
P00262,R00262,Credit Card,Failed,98.39
P00263,R00263,Debit Card,Success,53.53
P00264,R00264,Cash,Failed,90.14
P00265,R00265,UPI,Success,88.72
P00266,R00266,Debit Card,Failed,49.33
P00267,R00267,Credit Card,Failed,35.2
P00268,R00268,Credit Card,Success,109.62
P00269,R00269,UPI,Success,41.77
P00270,R00270,Debit Card,Pending,64.02
P00271,R00271,Credit Card,Failed,140.26
P00272,R00272,Cash,Pending,139.17
P00273,R00273,Cash,Failed,122.72
P00274,R00274,UPI,Success,64.57
P00275,R00275,Credit Card,Success,9.84
P00276,R00276,Credit Card,Success,129.15
P00277,R00277,Credit Card,Failed,111.12
P00278,R00278,UPI,Pending,110.3
P00279,R00279,Cash,Failed,19.74
P00280,R00280,UPI,Success,5.32
P00281,R00281,UPI,Success,29.99
P00282,R00282,UPI,Pending,88.92
P00283,R00283,Credit Card,Success,118.34
P00284,R00284,Debit Card,Failed,102.69
P00285,R00285,Debit Card,Success,37.25
P00286,R00286,Credit Card,Pending,0.95
P00287,R00287,Debit Card,Success,76.32
P00288,R00288,Cash,Pending,8.88
P00289,R00289,UPI,Pending,1.03
P00290,R00290,UPI,Failed,37.62
P00291,R00291,Cash,Pending,55.54
P00292,R00292,Credit Card,Pending,133.47
P00293,R00293,UPI,Pending,45.99
P00294,R00294,Credit Card,Failed,92.93
P00295,R00295,Debit Card,Success,102.97
P00296,R00296,Credit Card,Failed,105.27
P00297,R00297,Credit Card,Success,128.01
P00298,R00298,UPI,Pending,11.8
P00299,R00299,Debit Card,Success,77.2
P00300,R00300,UPI,Success,60.12
P00301,R00301,Credit Card,Pending,4.29
P00302,R00302,Cash,Failed,128.13
P00303,R00303,Debit Card,Failed,40.85
P00304,R00304,Debit Card,Success,82.64
P00305,R00305,UPI,Pending,84.14
P00306,R00306,UPI,Success,34.42
P00307,R00307,UPI,Pending,105.04
P00308,R00308,Credit Card,Success,5.68
P00309,R00309,Credit Card,Failed,32.45
P00310,R00310,Credit Card,Failed,62.65
P00311,R00311,UPI,Failed,4.62
P00312,R00312,UPI,Failed,24.43
P00313,R00313,UPI,Failed,59.95
P00314,R00314,Debit Card,Success,13.12
P00315,R00315,UPI,Success,36.85
P00316,R00316,Credit Card,Success,80.43
P00317,R00317,Cash,Pending,79.67
P00318,R00318,Credit Card,Failed,139.71
P00319,R00319,UPI,Failed,61.37
P00320,R00320,Cash,Failed,141.02
P00321,R00321,Cash,Pending,46.79
P00322,R00322,Credit Card,Pending,91.83
P00323,R00323,UPI,Success,101.12
P00324,R00324,UPI,Success,31.39
P00325,R00325,Cash,Success,129.04
P00326,R00326,Debit Card,Success,95.89
P00327,R00327,Credit Card,Pending,144.41
P00328,R00328,Cash,Pending,44.35
P00329,R00329,UPI,Failed,6.97
P00330,R00330,Debit Card,Pending,31.21
P00331,R00331,Credit Card,Pending,60.0
P00332,R00332,Cash,Pending,37.06
P00333,R00333,Cash,Success,66.42
P00334,R00334,Debit Card,Success,77.4
P00335,R00335,Credit Card,Pending,21.54
P00336,R00336,UPI,Failed,143.27
P00337,R00337,UPI,Success,21.06
P00338,R00338,Debit Card,Pending,42.76
P00339,R00339,Debit Card,Success,0.56
P00340,R00340,UPI,Failed,79.46
P00341,R00341,Credit Card,Success,72.26
P00342,R00342,Debit Card,Pending,7.09
P00343,R00343,Debit Card,Failed,68.62
P00344,R00344,Credit Card,Failed,65.86
P00345,R00345,UPI,Pending,14.51
P00346,R00346,Credit Card,Success,57.46
P00347,R00347,UPI,Success,93.73
P00348,R00348,Credit Card,Success,66.71
P00349,R00349,Cash,Pending,86.96
P00350,R00350,Credit Card,Failed,140.01
P00351,R00351,Cash,Success,134.58
P00352,R00352,UPI,Failed,18.8
P00353,R00353,UPI,Failed,67.56
P00354,R00354,UPI,Failed,57.01
P00355,R00355,UPI,Failed,121.92
P00356,R00356,Debit Card,Pending,80.54
P00357,R00357,UPI,Pending,126.12
P00358,R00358,UPI,Failed,71.11
P00359,R00359,Credit Card,Success,118.13
P00360,R00360,UPI,Failed,90.53
P00361,R00361,Credit Card,Failed,90.9
P00362,R00362,UPI,Success,118.71
P00363,R00363,Debit Card,Failed,76.39
P00364,R00364,Credit Card,Success,121.5
P00365,R00365,Cash,Failed,113.86
P00366,R00366,Debit Card,Failed,87.22
P00367,R00367,Credit Card,Success,91.92
P00368,R00368,Credit Card,Failed,37.53
P00369,R00369,Debit Card,Pending,53.93
P00370,R00370,Debit Card,Failed,119.37
P00371,R00371,UPI,Pending,40.02
P00372,R00372,UPI,Success,148.4
P00373,R00373,Cash,Success,77.04
P00374,R00374,Cash,Success,30.45
P00375,R00375,UPI,Failed,4.15
P00376,R00376,Credit Card,Pending,103.59
P00377,R00377,UPI,Pending,73.87
P00378,R00378,UPI,Failed,9.66
P00379,R00379,Debit Card,Failed,74.68
P00380,R00380,Credit Card,Success,116.92
P00381,R00381,Cash,Success,59.43
P00382,R00382,Debit Card,Pending,10.2
P00383,R00383,UPI,Success,114.03
P00384,R00384,UPI,Pending,56.95
P00385,R00385,UPI,Failed,140.25
P00386,R00386,UPI,Success,106.12
P00387,R00387,Cash,Pending,54.34
P00388,R00388,UPI,Success,79.65
P00389,R00389,Cash,Failed,77.63
P00390,R00390,Credit Card,Failed,57.62
P00391,R00391,UPI,Failed,44.12
P00392,R00392,UPI,Success,133.83
P00393,R00393,UPI,Failed,128.34
P00394,R00394,Debit Card,Failed,3.57
P00395,R00395,UPI,Pending,32.19
P00396,R00396,Debit Card,Failed,48.8
P00397,R00397,Debit Card,Success,45.41
P00398,R00398,Debit Card,Failed,84.57
P00399,R00399,Cash,Pending,103.07
P00400,R00400,Cash,Success,77.47
P00401,R00401,Cash,Pending,139.6
P00402,R00402,Debit Card,Success,110.72
P00403,R00403,Debit Card,Pending,33.41
P00404,R00404,Cash,Pending,97.08
P00405,R00405,UPI,Pending,15.9
P00406,R00406,Debit Card,Failed,54.36
P00407,R00407,Debit Card,Pending,10.83
P00408,R00408,Debit Card,Success,73.94
P00409,R00409,Debit Card,Pending,85.91
P00410,R00410,Cash,Success,61.61
P00411,R00411,Credit Card,Failed,101.84
P00412,R00412,Cash,Pending,8.63
P00413,R00413,Debit Card,Pending,146.88
P00414,R00414,Debit Card,Failed,32.02
P00415,R00415,Credit Card,Success,17.49
P00416,R00416,Debit Card,Success,122.94
P00417,R00417,Cash,Success,57.69
P00418,R00418,Cash,Pending,67.88
P00419,R00419,Credit Card,Success,62.9
P00420,R00420,Credit Card,Failed,64.79
P00421,R00421,UPI,Success,18.21
P00422,R00422,Credit Card,Success,111.12
P00423,R00423,UPI,Failed,105.07
P00424,R00424,Credit Card,Failed,134.59
P00425,R00425,UPI,Pending,98.7
P00426,R00426,Cash,Failed,15.01
P00427,R00427,Credit Card,Failed,57.07
P00428,R00428,Cash,Failed,114.3
P00429,R00429,Cash,Pending,66.92
P00430,R00430,Credit Card,Pending,67.72
P00431,R00431,Cash,Pending,130.97
P00432,R00432,Credit Card,Success,56.54
P00433,R00433,UPI,Failed,127.48
P00434,R00434,Cash,Failed,11.39
P00435,R00435,Cash,Pending,65.13
P00436,R00436,Debit Card,Failed,126.1
P00437,R00437,Cash,Success,144.91
P00438,R00438,UPI,Failed,121.41
P00439,R00439,UPI,Pending,132.59
P00440,R00440,Cash,Pending,14.06
P00441,R00441,Debit Card,Success,9.91
P00442,R00442,Credit Card,Failed,72.93
P00443,R00443,UPI,Failed,54.23
P00444,R00444,Debit Card,Success,111.77
P00445,R00445,Cash,Failed,41.08
P00446,R00446,Credit Card,Pending,94.97
P00447,R00447,Debit Card,Success,1.07
P00448,R00448,Cash,Pending,128.13
P00449,R00449,Debit Card,Failed,22.42
P00450,R00450,UPI,Pending,47.32
P00451,R00451,Debit Card,Pending,56.86
P00452,R00452,UPI,Success,0.23
P00453,R00453,Cash,Success,40.75
P00454,R00454,UPI,Failed,83.52
P00455,R00455,Debit Card,Failed,89.72
P00456,R00456,Debit Card,Pending,99.36
P00457,R00457,Credit Card,Success,23.84
P00458,R00458,Debit Card,Failed,54.58
P00459,R00459,UPI,Failed,45.77
P00460,R00460,Credit Card,Pending,70.93
P00461,R00461,Debit Card,Failed,10.23
P00462,R00462,Cash,Failed,88.37
P00463,R00463,Credit Card,Pending,90.22
P00464,R00464,Credit Card,Success,101.85
P00465,R00465,Cash,Failed,10.96
P00466,R00466,Credit Card,Pending,19.6
P00467,R00467,Cash,Pending,77.65
P00468,R00468,Debit Card,Failed,59.98
P00469,R00469,Debit Card,Failed,127.97
P00470,R00470,Credit Card,Success,136.21
P00471,R00471,Cash,Failed,136.74
P00472,R00472,Cash,Failed,4.92
P00473,R00473,Debit Card,Failed,97.7
P00474,R00474,UPI,Pending,87.22
P00475,R00475,Cash,Pending,44.3
P00476,R00476,Credit Card,Pending,77.44
P00477,R00477,Credit Card,Pending,96.27
P00478,R00478,Debit Card,Failed,57.89
P00479,R00479,Cash,Success,63.82
P00480,R00480,UPI,Failed,49.37
P00481,R00481,Debit Card,Pending,83.82
P00482,R00482,Debit Card,Failed,72.63
P00483,R00483,Credit Card,Success,67.21
P00484,R00484,Debit Card,Success,46.86
P00485,R00485,Cash,Pending,1.46
P00486,R00486,Cash,Failed,3.24
P00487,R00487,Credit Card,Failed,25.72
P00488,R00488,Credit Card,Pending,64.35
P00489,R00489,UPI,Failed,49.16
P00490,R00490,Debit Card,Success,147.33
P00491,R00491,Debit Card,Success,67.63
P00492,R00492,Credit Card,Success,25.01
P00493,R00493,Debit Card,Success,40.08
P00494,R00494,Credit Card,Pending,15.81
P00495,R00495,UPI,Failed,58.49
P00496,R00496,UPI,Failed,113.8
P00497,R00497,Credit Card,Failed,7.68
P00498,R00498,Debit Card,Pending,86.02
P00499,R00499,Credit Card,Success,67.14
P00500,R00500,Debit Card,Success,111.39
P00501,R00501,Cash,Success,57.64
P00502,R00502,UPI,Pending,1.44
P00503,R00503,Credit Card,Pending,60.79
P00504,R00504,Debit Card,Pending,70.99
P00505,R00505,Cash,Failed,82.62
P00506,R00506,Debit Card,Pending,32.77
P00507,R00507,Cash,Success,105.16
P00508,R00508,Credit Card,Success,120.7
P00509,R00509,Debit Card,Pending,96.94
P00510,R00510,Debit Card,Pending,72.61
P00511,R00511,Credit Card,Failed,108.36
P00512,R00512,Debit Card,Failed,112.29
P00513,R00513,Cash,Failed,27.12
P00514,R00514,Cash,Success,4.58
P00515,R00515,Debit Card,Success,86.99
P00516,R00516,Credit Card,Failed,84.63
P00517,R00517,Cash,Failed,15.36
P00518,R00518,Credit Card,Failed,137.15
P00519,R00519,Credit Card,Failed,14.59
P00520,R00520,Debit Card,Failed,61.75
P00521,R00521,Debit Card,Success,125.89
P00522,R00522,Debit Card,Success,14.33
P00523,R00523,Cash,Pending,18.52
P00524,R00524,Credit Card,Failed,90.95
P00525,R00525,Debit Card,Failed,46.49
P00526,R00526,UPI,Failed,68.07
P00527,R00527,Debit Card,Success,135.76
P00528,R00528,Credit Card,Pending,118.06
P00529,R00529,Cash,Failed,73.56
P00530,R00530,UPI,Success,52.98
P00531,R00531,UPI,Pending,121.39
P00532,R00532,Credit Card,Pending,148.04
P00533,R00533,Cash,Pending,108.31
P00534,R00534,Debit Card,Pending,113.06
P00535,R00535,Cash,Pending,65.4
P00536,R00536,UPI,Success,100.54
P00537,R00537,UPI,Success,98.08
P00538,R00538,Cash,Pending,149.63
P00539,R00539,UPI,Success,137.35
P00540,R00540,Credit Card,Success,9.5
P00541,R00541,Debit Card,Pending,113.22
P00542,R00542,Credit Card,Success,8.99
P00543,R00543,Debit Card,Pending,125.15
P00544,R00544,Debit Card,Pending,71.61
P00545,R00545,Credit Card,Pending,126.18
P00546,R00546,Credit Card,Pending,132.9
P00547,R00547,Cash,Failed,13.95
P00548,R00548,UPI,Pending,107.98
P00549,R00549,UPI,Failed,141.09
P00550,R00550,UPI,Pending,8.05
P00551,R00551,Cash,Pending,3.09
P00552,R00552,Cash,Success,71.05
P00553,R00553,Credit Card,Success,93.74
P00554,R00554,UPI,Pending,86.65
P00555,R00555,Debit Card,Failed,124.44
P00556,R00556,UPI,Pending,66.98
P00557,R00557,Credit Card,Pending,48.51
P00558,R00558,Cash,Failed,3.75
P00559,R00559,Credit Card,Success,15.34
P00560,R00560,Credit Card,Pending,51.42
P00561,R00561,Debit Card,Pending,99.54
P00562,R00562,Credit Card,Failed,51.25
P00563,R00563,Cash,Failed,67.46
P00564,R00564,UPI,Pending,78.65
P00565,R00565,Debit Card,Pending,55.51
P00566,R00566,Debit Card,Failed,115.83
P00567,R00567,Cash,Success,22.23
P00568,R00568,UPI,Pending,62.38
P00569,R00569,Credit Card,Failed,40.32
P00570,R00570,UPI,Success,53.28
P00571,R00571,Debit Card,Failed,83.81
P00572,R00572,Cash,Pending,66.11
P00573,R00573,Credit Card,Failed,88.96
P00574,R00574,UPI,Failed,140.08
P00575,R00575,Debit Card,Failed,1.72
P00576,R00576,Credit Card,Failed,121.86
P00577,R00577,Debit Card,Success,88.79
P00578,R00578,Credit Card,Pending,69.32
P00579,R00579,Debit Card,Pending,43.24
P00580,R00580,UPI,Pending,84.04
P00581,R00581,UPI,Pending,134.15
P00582,R00582,UPI,Failed,77.43
P00583,R00583,UPI,Pending,2.39
P00584,R00584,Debit Card,Success,11.45
P00585,R00585,UPI,Success,110.07
P00586,R00586,UPI,Success,103.15
P00587,R00587,Credit Card,Failed,29.94
P00588,R00588,Credit Card,Pending,74.07
P00589,R00589,UPI,Success,2.84
P00590,R00590,Debit Card,Success,106.81
P00591,R00591,Debit Card,Failed,83.4
P00592,R00592,Cash,Failed,91.64
P00593,R00593,Debit Card,Failed,137.32
P00594,R00594,Cash,Pending,62.02
P00595,R00595,Credit Card,Success,18.48
P00596,R00596,Debit Card,Pending,28.14
P00597,R00597,Cash,Success,101.21
P00598,R00598,Credit Card,Success,22.39
P00599,R00599,Cash,Pending,34.32
P00600,R00600,Cash,Success,117.08
P00601,R00601,UPI,Success,6.74
P00602,R00602,Debit Card,Success,50.42
P00603,R00603,Cash,Success,149.94
P00604,R00604,Cash,Failed,38.98
P00605,R00605,Credit Card,Success,54.69
P00606,R00606,Debit Card,Failed,147.86
P00607,R00607,Credit Card,Pending,18.47
P00608,R00608,UPI,Pending,45.47
P00609,R00609,Cash,Pending,73.71
P00610,R00610,Credit Card,Success,117.85
P00611,R00611,Credit Card,Success,61.37
P00612,R00612,UPI,Pending,39.0
P00613,R00613,UPI,Success,19.99
P00614,R00614,UPI,Success,13.44
P00615,R00615,Credit Card,Pending,79.99
P00616,R00616,UPI,Success,146.45
P00617,R00617,Cash,Failed,66.21
P00618,R00618,Cash,Pending,116.36
P00619,R00619,Debit Card,Success,34.34
P00620,R00620,Cash,Pending,91.29
P00621,R00621,Cash,Pending,107.22
P00622,R00622,Cash,Pending,106.34
P00623,R00623,UPI,Pending,23.6
P00624,R00624,UPI,Failed,37.79
P00625,R00625,Debit Card,Success,134.17
P00626,R00626,Credit Card,Success,72.79
P00627,R00627,Cash,Failed,85.48
P00628,R00628,Debit Card,Success,52.34
P00629,R00629,Debit Card,Pending,108.95
P00630,R00630,Cash,Failed,107.87
P00631,R00631,Cash,Failed,104.94
P00632,R00632,Credit Card,Pending,70.92
P00633,R00633,Debit Card,Failed,103.34
P00634,R00634,Debit Card,Pending,110.54
P00635,R00635,Debit Card,Pending,126.59
P00636,R00636,Cash,Failed,95.3
P00637,R00637,Debit Card,Pending,112.57
P00638,R00638,Debit Card,Pending,106.98
P00639,R00639,Cash,Failed,130.38
P00640,R00640,Cash,Failed,21.75
P00641,R00641,UPI,Pending,29.92
P00642,R00642,UPI,Failed,35.65
P00643,R00643,Cash,Failed,113.63
P00644,R00644,Cash,Pending,135.27
P00645,R00645,Debit Card,Success,145.92
P00646,R00646,Cash,Success,120.87
P00647,R00647,Debit Card,Pending,127.02
P00648,R00648,Credit Card,Pending,133.48
P00649,R00649,UPI,Pending,115.02
P00650,R00650,Cash,Success,10.91
P00651,R00651,Credit Card,Success,43.87
P00652,R00652,UPI,Pending,96.33
P00653,R00653,UPI,Pending,52.02
P00654,R00654,UPI,Success,76.63
P00655,R00655,UPI,Success,126.52
P00656,R00656,Credit Card,Pending,72.89
P00657,R00657,Credit Card,Success,41.96
P00658,R00658,Debit Card,Success,123.18
P00659,R00659,UPI,Failed,109.12
P00660,R00660,Cash,Pending,149.04
P00661,R00661,UPI,Success,43.96
P00662,R00662,Cash,Failed,144.87
P00663,R00663,Debit Card,Pending,124.13
P00664,R00664,UPI,Failed,2.4
P00665,R00665,Credit Card,Pending,34.7
P00666,R00666,Cash,Pending,146.64
P00667,R00667,UPI,Success,116.35
P00668,R00668,Credit Card,Success,30.03
P00669,R00669,Credit Card,Success,117.86
P00670,R00670,UPI,Failed,10.35
P00671,R00671,Credit Card,Pending,149.35
P00672,R00672,Credit Card,Failed,53.82
P00673,R00673,UPI,Success,107.66
P00674,R00674,Debit Card,Failed,55.95
P00675,R00675,Debit Card,Failed,135.0
P00676,R00676,Debit Card,Pending,123.96
P00677,R00677,UPI,Success,77.04
P00678,R00678,Cash,Pending,148.59
P00679,R00679,Cash,Pending,47.46
P00680,R00680,Cash,Pending,32.9
P00681,R00681,Debit Card,Failed,53.22
P00682,R00682,Credit Card,Pending,4.42
P00683,R00683,Credit Card,Failed,64.16
P00684,R00684,Cash,Success,36.03
P00685,R00685,Credit Card,Success,72.81
P00686,R00686,Cash,Success,72.16
P00687,R00687,Cash,Success,45.25
P00688,R00688,Debit Card,Pending,80.97
P00689,R00689,Cash,Success,142.29
P00690,R00690,Credit Card,Failed,46.5
P00691,R00691,Credit Card,Success,133.81
P00692,R00692,Credit Card,Failed,99.0
P00693,R00693,UPI,Failed,46.92
P00694,R00694,Cash,Failed,51.03
P00695,R00695,Credit Card,Failed,32.73
P00696,R00696,UPI,Pending,37.25
P00697,R00697,Credit Card,Failed,71.56
P00698,R00698,Cash,Failed,20.08
P00699,R00699,Debit Card,Success,52.27
P00700,R00700,Credit Card,Success,41.49
P00701,R00701,Cash,Pending,47.42
P00702,R00702,Debit Card,Failed,2.28
P00703,R00703,UPI,Success,33.73
P00704,R00704,Credit Card,Pending,97.24
P00705,R00705,Debit Card,Pending,36.31
P00706,R00706,Cash,Success,59.73
P00707,R00707,Debit Card,Success,148.12
P00708,R00708,UPI,Success,61.88
P00709,R00709,Debit Card,Pending,139.79
P00710,R00710,Credit Card,Success,93.28
P00711,R00711,Debit Card,Success,52.45
P00712,R00712,UPI,Success,64.48
P00713,R00713,Debit Card,Pending,127.53
P00714,R00714,UPI,Pending,15.72
P00715,R00715,Debit Card,Pending,35.32
P00716,R00716,Credit Card,Failed,8.16
P00717,R00717,Cash,Failed,129.47
P00718,R00718,Cash,Success,138.83
P00719,R00719,UPI,Pending,89.36
P00720,R00720,UPI,Success,121.5
P00721,R00721,Debit Card,Success,78.49
P00722,R00722,Debit Card,Pending,32.87
P00723,R00723,UPI,Pending,47.14
P00724,R00724,Cash,Failed,25.88
P00725,R00725,Credit Card,Success,35.32
P00726,R00726,Credit Card,Success,108.62
P00727,R00727,Debit Card,Success,16.86
P00728,R00728,Debit Card,Pending,11.42
P00729,R00729,Cash,Failed,111.2
P00730,R00730,Debit Card,Failed,41.96
P00731,R00731,UPI,Pending,27.07
P00732,R00732,Credit Card,Failed,54.03
P00733,R00733,Credit Card,Pending,28.41
P00734,R00734,UPI,Pending,55.91
P00735,R00735,Cash,Pending,89.69
P00736,R00736,UPI,Success,34.6
P00737,R00737,Debit Card,Failed,37.82
P00738,R00738,Debit Card,Pending,46.42
P00739,R00739,Credit Card,Failed,143.79
P00740,R00740,Cash,Success,74.35
P00741,R00741,UPI,Failed,92.82
P00742,R00742,Debit Card,Success,54.08
P00743,R00743,Cash,Failed,81.96
P00744,R00744,Credit Card,Failed,93.08
P00745,R00745,Debit Card,Success,56.94
P00746,R00746,Cash,Success,69.13
P00747,R00747,Credit Card,Success,103.93
P00748,R00748,Debit Card,Failed,44.47
P00749,R00749,Cash,Pending,8.2
P00750,R00750,Debit Card,Pending,141.03
P00751,R00751,Debit Card,Success,120.45
P00752,R00752,Debit Card,Failed,147.94
P00753,R00753,Cash,Pending,17.46
P00754,R00754,Debit Card,Pending,12.35
P00755,R00755,Debit Card,Failed,136.45
P00756,R00756,UPI,Success,26.0
P00757,R00757,Cash,Success,70.49
P00758,R00758,Debit Card,Success,76.41
P00759,R00759,UPI,Pending,46.79
P00760,R00760,Debit Card,Failed,70.4
P00761,R00761,Debit Card,Failed,36.3
P00762,R00762,Credit Card,Failed,149.16
P00763,R00763,Debit Card,Success,20.89
P00764,R00764,UPI,Success,26.71
P00765,R00765,Credit Card,Pending,10.29
P00766,R00766,Debit Card,Success,104.72
P00767,R00767,UPI,Success,120.31
P00768,R00768,Credit Card,Failed,34.04
P00769,R00769,UPI,Failed,133.08
P00770,R00770,UPI,Pending,32.88
P00771,R00771,Credit Card,Pending,138.4
P00772,R00772,Debit Card,Pending,65.87
P00773,R00773,UPI,Success,137.81
P00774,R00774,Cash,Pending,29.09
P00775,R00775,Cash,Success,143.96
P00776,R00776,Debit Card,Failed,90.72
P00777,R00777,Debit Card,Pending,107.36
P00778,R00778,UPI,Success,30.02
P00779,R00779,UPI,Failed,50.53
P00780,R00780,Credit Card,Success,118.44
P00781,R00781,Credit Card,Failed,20.05
P00782,R00782,Cash,Failed,127.99
P00783,R00783,Cash,Pending,51.91
P00784,R00784,UPI,Success,89.65
P00785,R00785,UPI,Failed,89.4
P00786,R00786,Credit Card,Failed,67.17
P00787,R00787,UPI,Failed,9.47
P00788,R00788,Credit Card,Failed,26.7
P00789,R00789,Credit Card,Pending,83.56
P00790,R00790,Credit Card,Success,9.99
P00791,R00791,Cash,Failed,15.25
P00792,R00792,Debit Card,Pending,0.48
P00793,R00793,Credit Card,Failed,0.99
P00794,R00794,Credit Card,Success,86.37
P00795,R00795,Debit Card,Success,104.09
P00796,R00796,Debit Card,Success,47.4
P00797,R00797,Credit Card,Pending,121.93
P00798,R00798,UPI,Failed,143.46
P00799,R00799,Credit Card,Success,90.19
P00800,R00800,Debit Card,Failed,139.49
P00801,R00801,UPI,Failed,120.86
P00802,R00802,Credit Card,Success,53.59
P00803,R00803,Cash,Failed,112.91
P00804,R00804,Cash,Pending,91.36
P00805,R00805,Credit Card,Success,85.51
P00806,R00806,UPI,Failed,78.65
P00807,R00807,UPI,Pending,1.43
P00808,R00808,Cash,Success,125.08
P00809,R00809,UPI,Failed,92.63
P00810,R00810,Cash,Failed,124.84
P00811,R00811,Credit Card,Pending,9.21
P00812,R00812,Cash,Pending,108.82
P00813,R00813,Debit Card,Pending,66.1
P00814,R00814,Debit Card,Success,107.61
P00815,R00815,Cash,Pending,66.36
P00816,R00816,UPI,Pending,97.76
P00817,R00817,Debit Card,Failed,82.63
P00818,R00818,Credit Card,Failed,76.84
P00819,R00819,Debit Card,Failed,26.85
P00820,R00820,Credit Card,Failed,132.71
P00821,R00821,Cash,Success,40.07
P00822,R00822,Credit Card,Failed,137.19
P00823,R00823,UPI,Success,60.32
P00824,R00824,UPI,Pending,21.34
P00825,R00825,UPI,Success,137.95
P00826,R00826,Cash,Pending,141.09
P00827,R00827,Debit Card,Failed,38.23
P00828,R00828,Cash,Failed,60.39
P00829,R00829,Cash,Success,74.31
P00830,R00830,Credit Card,Success,114.82
P00831,R00831,Credit Card,Failed,1.36
P00832,R00832,UPI,Failed,134.8
P00833,R00833,Cash,Failed,10.58
P00834,R00834,Cash,Failed,21.95
P00835,R00835,UPI,Failed,111.9
P00836,R00836,Debit Card,Success,62.52
P00837,R00837,Cash,Failed,20.99
P00838,R00838,Debit Card,Failed,95.06
P00839,R00839,Debit Card,Success,25.41
P00840,R00840,UPI,Pending,57.64
P00841,R00841,UPI,Success,46.03
P00842,R00842,UPI,Success,102.93
P00843,R00843,Debit Card,Pending,6.89
P00844,R00844,Credit Card,Pending,102.28
P00845,R00845,Cash,Failed,148.83
P00846,R00846,Cash,Success,142.6
P00847,R00847,Cash,Success,49.61
P00848,R00848,UPI,Failed,144.57
P00849,R00849,UPI,Pending,15.44
P00850,R00850,UPI,Failed,123.2
P00851,R00851,Debit Card,Failed,59.28
P00852,R00852,Debit Card,Pending,100.6
P00853,R00853,UPI,Pending,119.65
P00854,R00854,UPI,Failed,78.33
P00855,R00855,Cash,Pending,97.85
P00856,R00856,Credit Card,Pending,106.69
P00857,R00857,Credit Card,Failed,119.19
P00858,R00858,Credit Card,Success,95.37
P00859,R00859,Cash,Pending,23.42
P00860,R00860,UPI,Failed,63.24
P00861,R00861,Credit Card,Success,110.88
P00862,R00862,Cash,Failed,111.29
P00863,R00863,UPI,Success,143.85
P00864,R00864,Credit Card,Success,57.69
P00865,R00865,UPI,Pending,147.08
P00866,R00866,UPI,Pending,66.59
P00867,R00867,Cash,Failed,93.2
P00868,R00868,Cash,Pending,86.94
P00869,R00869,Debit Card,Failed,61.91
P00870,R00870,Debit Card,Failed,98.66
P00871,R00871,Credit Card,Pending,137.75
P00872,R00872,Debit Card,Success,71.67
P00873,R00873,Debit Card,Failed,30.35
P00874,R00874,Debit Card,Pending,92.91
P00875,R00875,Debit Card,Success,80.95
P00876,R00876,Credit Card,Pending,124.0
P00877,R00877,Cash,Success,123.6
P00878,R00878,Cash,Failed,132.09
P00879,R00879,Cash,Pending,85.03
P00880,R00880,UPI,Failed,85.54
P00881,R00881,Credit Card,Success,69.41
P00882,R00882,Credit Card,Failed,134.96
P00883,R00883,Cash,Success,21.32
P00884,R00884,Cash,Pending,106.66
P00885,R00885,Credit Card,Success,100.31
P00886,R00886,Cash,Success,12.97
P00887,R00887,UPI,Failed,52.51
P00888,R00888,Credit Card,Success,89.98
P00889,R00889,UPI,Pending,1.74
P00890,R00890,Cash,Pending,76.65
P00891,R00891,Credit Card,Success,102.4
P00892,R00892,UPI,Success,98.98
P00893,R00893,Cash,Pending,87.64
P00894,R00894,UPI,Failed,40.36
P00895,R00895,Credit Card,Success,54.7
P00896,R00896,Cash,Success,50.85
P00897,R00897,Cash,Pending,105.85
P00898,R00898,Cash,Failed,80.97
P00899,R00899,Credit Card,Success,128.08
P00900,R00900,Cash,Failed,76.18
P00901,R00901,Cash,Success,18.55
P00902,R00902,Debit Card,Failed,134.76
P00903,R00903,UPI,Success,56.32
P00904,R00904,Cash,Success,62.1
P00905,R00905,Cash,Success,126.7
P00906,R00906,Cash,Pending,55.68
P00907,R00907,Credit Card,Failed,88.06
P00908,R00908,Cash,Success,84.41
P00909,R00909,Cash,Success,34.86
P00910,R00910,Debit Card,Pending,29.02
P00911,R00911,Cash,Success,83.62
P00912,R00912,Debit Card,Pending,100.89
P00913,R00913,Debit Card,Success,126.33
P00914,R00914,UPI,Pending,12.08
P00915,R00915,UPI,Failed,145.45
P00916,R00916,Credit Card,Success,59.0
P00917,R00917,Debit Card,Pending,11.85
P00918,R00918,Credit Card,Success,118.0
P00919,R00919,Cash,Pending,98.58
P00920,R00920,Credit Card,Success,46.79
P00921,R00921,Debit Card,Pending,47.71
P00922,R00922,Cash,Success,38.45
P00923,R00923,Credit Card,Pending,110.04
P00924,R00924,UPI,Success,93.17
P00925,R00925,Debit Card,Pending,112.41
P00926,R00926,Cash,Pending,57.44
P00927,R00927,UPI,Pending,14.58
P00928,R00928,Credit Card,Failed,45.17
P00929,R00929,Credit Card,Failed,17.17
P00930,R00930,UPI,Failed,142.99
P00931,R00931,Debit Card,Pending,41.57
P00932,R00932,UPI,Success,105.05
P00933,R00933,UPI,Failed,81.08
P00934,R00934,Cash,Success,76.23
P00935,R00935,Credit Card,Pending,124.05
P00936,R00936,UPI,Failed,27.48
P00937,R00937,UPI,Success,148.74
P00938,R00938,Credit Card,Failed,48.25
P00939,R00939,Credit Card,Pending,145.54
P00940,R00940,UPI,Success,70.09
P00941,R00941,Cash,Failed,63.32
P00942,R00942,Debit Card,Pending,136.67
P00943,R00943,UPI,Success,75.57
P00944,R00944,Debit Card,Success,110.32
P00945,R00945,Cash,Failed,54.96
P00946,R00946,Credit Card,Success,146.85
P00947,R00947,UPI,Failed,54.93
P00948,R00948,Credit Card,Pending,126.66
P00949,R00949,Debit Card,Failed,92.88
P00950,R00950,UPI,Failed,77.21
P00951,R00951,UPI,Pending,35.57
P00952,R00952,UPI,Failed,69.47
P00953,R00953,Debit Card,Success,132.61
P00954,R00954,UPI,Pending,26.73
P00955,R00955,Cash,Success,88.32
P00956,R00956,Credit Card,Failed,18.68
P00957,R00957,UPI,Failed,49.26
P00958,R00958,Debit Card,Pending,0.03
P00959,R00959,Debit Card,Failed,21.08
P00960,R00960,Debit Card,Success,143.59
P00961,R00961,UPI,Success,26.39
P00962,R00962,UPI,Pending,107.61
P00963,R00963,Debit Card,Failed,131.57
P00964,R00964,Credit Card,Failed,51.23
P00965,R00965,Debit Card,Pending,59.32
P00966,R00966,UPI,Pending,92.02
P00967,R00967,UPI,Pending,78.14
P00968,R00968,Debit Card,Success,112.34
P00969,R00969,Debit Card,Success,8.29
P00970,R00970,UPI,Success,88.39
P00971,R00971,UPI,Success,12.62
P00972,R00972,UPI,Failed,56.3
P00973,R00973,Credit Card,Pending,40.04
P00974,R00974,Cash,Failed,71.84
P00975,R00975,Debit Card,Success,1.49
P00976,R00976,Cash,Failed,87.6
P00977,R00977,Debit Card,Pending,34.55
P00978,R00978,Debit Card,Failed,141.69
P00979,R00979,UPI,Pending,4.3
P00980,R00980,UPI,Success,124.5
P00981,R00981,Credit Card,Failed,34.8
P00982,R00982,Debit Card,Pending,49.69
P00983,R00983,Credit Card,Failed,67.87
P00984,R00984,Debit Card,Failed,24.09
P00985,R00985,UPI,Failed,96.75
P00986,R00986,Debit Card,Failed,125.25
P00987,R00987,UPI,Success,97.78
P00988,R00988,Debit Card,Failed,14.24
P00989,R00989,Credit Card,Failed,9.97
P00990,R00990,Credit Card,Success,145.74
P00991,R00991,Debit Card,Failed,61.4
P00992,R00992,UPI,Failed,85.31
P00993,R00993,Cash,Success,142.56
P00994,R00994,Cash,Pending,57.31
P00995,R00995,Debit Card,Pending,94.11
P00996,R00996,Debit Card,Pending,143.41
P00997,R00997,UPI,Failed,48.65
P00998,R00998,Debit Card,Failed,107.05
P00999,R00999,Debit Card,Failed,30.41
P01000,R01000,Debit Card,Pending,36.34
P01001,R01001,Debit Card,Success,21.95
P01002,R01002,UPI,Failed,14.24
P01003,R01003,Cash,Failed,62.5
P01004,R01004,Debit Card,Pending,75.8
P01005,R01005,Debit Card,Success,68.85
P01006,R01006,Debit Card,Failed,87.17
P01007,R01007,Debit Card,Success,8.04
P01008,R01008,Cash,Success,28.59
P01009,R01009,UPI,Pending,101.08
P01010,R01010,Cash,Success,54.89
P01011,R01011,Cash,Pending,73.95
P01012,R01012,Debit Card,Pending,11.59
P01013,R01013,Cash,Pending,72.61
P01014,R01014,Debit Card,Failed,94.28
P01015,R01015,Debit Card,Pending,54.78
P01016,R01016,Credit Card,Failed,3.33
P01017,R01017,Debit Card,Success,77.6
P01018,R01018,UPI,Failed,123.9
P01019,R01019,UPI,Failed,117.03
P01020,R01020,Credit Card,Success,129.29
P01021,R01021,UPI,Failed,65.84
P01022,R01022,Debit Card,Failed,98.01
P01023,R01023,UPI,Pending,65.54
P01024,R01024,UPI,Failed,4.54
P01025,R01025,Cash,Success,61.98
P01026,R01026,UPI,Pending,4.96
P01027,R01027,Cash,Success,79.97
P01028,R01028,Credit Card,Pending,62.77
P01029,R01029,Credit Card,Pending,130.72
P01030,R01030,Cash,Pending,36.27
P01031,R01031,Debit Card,Failed,62.8
P01032,R01032,UPI,Success,99.08
P01033,R01033,Cash,Success,34.72
P01034,R01034,Debit Card,Success,7.28
P01035,R01035,Credit Card,Pending,70.27
P01036,R01036,Credit Card,Success,74.56
P01037,R01037,Credit Card,Pending,146.78
P01038,R01038,Debit Card,Success,83.47
P01039,R01039,Cash,Pending,141.11
P01040,R01040,Credit Card,Pending,109.49
P01041,R01041,Cash,Success,112.33
P01042,R01042,Credit Card,Failed,76.51
P01043,R01043,Credit Card,Pending,12.56
P01044,R01044,Cash,Pending,138.07
P01045,R01045,Cash,Failed,78.7
P01046,R01046,Cash,Success,122.21
P01047,R01047,Cash,Pending,106.36
P01048,R01048,Debit Card,Pending,77.34
P01049,R01049,UPI,Success,138.76
P01050,R01050,Cash,Pending,133.82
P01051,R01051,Cash,Failed,92.86
P01052,R01052,Credit Card,Success,49.54
P01053,R01053,Debit Card,Failed,102.45
P01054,R01054,Credit Card,Failed,102.94
P01055,R01055,Cash,Failed,112.22
P01056,R01056,UPI,Pending,127.31
P01057,R01057,Credit Card,Pending,43.27
P01058,R01058,Cash,Pending,39.71
P01059,R01059,Credit Card,Pending,130.96
P01060,R01060,UPI,Pending,92.16
P01061,R01061,Debit Card,Pending,98.31
P01062,R01062,Debit Card,Pending,27.06
P01063,R01063,Debit Card,Failed,131.6
P01064,R01064,Debit Card,Success,3.91
P01065,R01065,Debit Card,Pending,21.33
P01066,R01066,Debit Card,Pending,53.22
P01067,R01067,Debit Card,Success,76.57
P01068,R01068,Cash,Success,148.32
P01069,R01069,UPI,Failed,59.77
P01070,R01070,Debit Card,Pending,64.18
P01071,R01071,UPI,Pending,78.84
P01072,R01072,Credit Card,Pending,48.43
P01073,R01073,Debit Card,Pending,88.17
P01074,R01074,Cash,Pending,57.31
P01075,R01075,Credit Card,Pending,115.16
P01076,R01076,UPI,Failed,100.31
P01077,R01077,Debit Card,Failed,125.95
P01078,R01078,UPI,Success,8.12
P01079,R01079,Cash,Pending,0.37
P01080,R01080,Credit Card,Success,76.04
P01081,R01081,Credit Card,Pending,131.2
P01082,R01082,UPI,Pending,92.11
P01083,R01083,Debit Card,Failed,78.25
P01084,R01084,Credit Card,Failed,37.09
P01085,R01085,Debit Card,Success,122.49
P01086,R01086,Credit Card,Success,75.69
P01087,R01087,Debit Card,Pending,52.38
P01088,R01088,Credit Card,Pending,122.57
P01089,R01089,UPI,Success,67.71
P01090,R01090,Credit Card,Success,43.95
P01091,R01091,Credit Card,Failed,22.09
P01092,R01092,Cash,Pending,34.44
P01093,R01093,Debit Card,Pending,68.98
P01094,R01094,Credit Card,Success,65.66
P01095,R01095,UPI,Failed,23.72
P01096,R01096,Cash,Success,90.9
P01097,R01097,Debit Card,Success,44.51
P01098,R01098,UPI,Success,88.45
P01099,R01099,UPI,Failed,147.04
P01100,R01100,Debit Card,Pending,79.32
P01101,R01101,Debit Card,Success,45.99
P01102,R01102,Cash,Pending,126.59
P01103,R01103,UPI,Pending,128.2
P01104,R01104,Debit Card,Pending,72.54
P01105,R01105,Debit Card,Pending,80.84
P01106,R01106,Cash,Success,92.55
P01107,R01107,Cash,Failed,59.41
P01108,R01108,UPI,Failed,128.41
P01109,R01109,UPI,Failed,64.78
P01110,R01110,Debit Card,Pending,22.06
P01111,R01111,Cash,Pending,89.37
P01112,R01112,Credit Card,Success,39.29
P01113,R01113,Cash,Success,141.91
P01114,R01114,Credit Card,Failed,127.22
P01115,R01115,Debit Card,Pending,133.83
P01116,R01116,Credit Card,Success,146.35
P01117,R01117,Debit Card,Success,146.11
P01118,R01118,Credit Card,Failed,93.79
P01119,R01119,Credit Card,Success,41.67
P01120,R01120,UPI,Success,52.95
P01121,R01121,Credit Card,Success,23.28
P01122,R01122,Debit Card,Pending,124.91
P01123,R01123,UPI,Success,47.74
P01124,R01124,Credit Card,Pending,123.79
P01125,R01125,Debit Card,Success,113.12
P01126,R01126,Debit Card,Success,137.29
P01127,R01127,Cash,Pending,51.3
P01128,R01128,Cash,Pending,140.56
P01129,R01129,UPI,Pending,105.77
P01130,R01130,UPI,Success,55.92
P01131,R01131,Credit Card,Failed,109.57
P01132,R01132,Debit Card,Success,145.51
P01133,R01133,Debit Card,Success,36.4
P01134,R01134,UPI,Pending,109.48
P01135,R01135,Cash,Success,86.47
P01136,R01136,UPI,Failed,66.09
P01137,R01137,Debit Card,Pending,113.17
P01138,R01138,Credit Card,Success,145.29
P01139,R01139,Cash,Pending,124.17
P01140,R01140,Cash,Failed,120.56
P01141,R01141,Debit Card,Pending,98.58
P01142,R01142,Credit Card,Success,109.67
P01143,R01143,Credit Card,Failed,9.13
P01144,R01144,Debit Card,Success,32.16
P01145,R01145,Credit Card,Success,62.94
P01146,R01146,UPI,Pending,56.41
P01147,R01147,UPI,Pending,85.21
P01148,R01148,UPI,Pending,93.36
P01149,R01149,Cash,Pending,66.51
P01150,R01150,UPI,Failed,34.11
P01151,R01151,Cash,Failed,86.13
P01152,R01152,Cash,Success,134.22
P01153,R01153,Cash,Failed,60.84
P01154,R01154,Cash,Failed,118.29
P01155,R01155,Credit Card,Failed,77.57
P01156,R01156,Cash,Failed,33.88
P01157,R01157,Debit Card,Failed,137.55
P01158,R01158,Debit Card,Success,112.89
P01159,R01159,UPI,Success,131.76
P01160,R01160,UPI,Success,121.28
P01161,R01161,UPI,Success,0.17
P01162,R01162,UPI,Success,146.47
P01163,R01163,Debit Card,Pending,79.9
P01164,R01164,UPI,Pending,55.14
P01165,R01165,Cash,Failed,129.31
P01166,R01166,Debit Card,Failed,54.61
P01167,R01167,UPI,Pending,14.02
P01168,R01168,UPI,Success,115.28
P01169,R01169,Cash,Pending,64.53
P01170,R01170,Cash,Failed,67.07
P01171,R01171,Cash,Failed,96.54
P01172,R01172,Cash,Success,70.45
P01173,R01173,UPI,Failed,40.65
P01174,R01174,UPI,Pending,8.14
P01175,R01175,Debit Card,Pending,145.56
P01176,R01176,Debit Card,Failed,129.01
P01177,R01177,Cash,Failed,9.09
P01178,R01178,Debit Card,Pending,0.88
P01179,R01179,UPI,Failed,104.56
P01180,R01180,Credit Card,Pending,37.79
P01181,R01181,Debit Card,Failed,108.14
P01182,R01182,Cash,Pending,74.84
P01183,R01183,UPI,Success,115.28
P01184,R01184,Cash,Pending,111.08
P01185,R01185,Credit Card,Failed,73.71
P01186,R01186,Credit Card,Pending,13.15
P01187,R01187,UPI,Pending,127.01
P01188,R01188,Debit Card,Pending,121.52
P01189,R01189,Debit Card,Success,119.12
P01190,R01190,Debit Card,Success,134.38
P01191,R01191,Credit Card,Failed,94.9
P01192,R01192,UPI,Pending,53.01
P01193,R01193,Cash,Pending,2.31
P01194,R01194,Cash,Pending,64.68
P01195,R01195,Credit Card,Pending,43.39
P01196,R01196,Cash,Failed,36.89
P01197,R01197,Credit Card,Pending,8.94
P01198,R01198,UPI,Pending,133.14
P01199,R01199,Debit Card,Failed,87.13
P01200,R01200,Credit Card,Failed,81.82
P01201,R01201,Cash,Pending,41.46
P01202,R01202,UPI,Failed,101.67
P01203,R01203,Credit Card,Failed,12.5
P01204,R01204,Credit Card,Pending,73.07
P01205,R01205,Debit Card,Pending,29.93
P01206,R01206,UPI,Failed,27.42
P01207,R01207,Debit Card,Pending,90.24
P01208,R01208,UPI,Success,35.46
P01209,R01209,Cash,Pending,13.39
P01210,R01210,UPI,Pending,69.07
P01211,R01211,Cash,Pending,132.08
P01212,R01212,UPI,Success,63.39
P01213,R01213,Credit Card,Pending,119.49
P01214,R01214,UPI,Success,81.26
P01215,R01215,Debit Card,Failed,94.01
P01216,R01216,Credit Card,Pending,70.03
P01217,R01217,UPI,Pending,14.27
P01218,R01218,UPI,Pending,14.43
P01219,R01219,Cash,Pending,74.8
P01220,R01220,UPI,Success,23.66
P01221,R01221,Debit Card,Success,31.51
P01222,R01222,Cash,Success,13.05
P01223,R01223,Credit Card,Pending,54.5
P01224,R01224,UPI,Success,57.07
P01225,R01225,UPI,Failed,23.2
P01226,R01226,Debit Card,Success,47.13
P01227,R01227,Credit Card,Failed,66.01
P01228,R01228,Credit Card,Success,17.05
P01229,R01229,Cash,Success,6.88
P01230,R01230,Credit Card,Pending,126.83
P01231,R01231,Credit Card,Success,84.3
P01232,R01232,Debit Card,Pending,9.37
P01233,R01233,Debit Card,Failed,48.48
P01234,R01234,Debit Card,Pending,76.94
P01235,R01235,Credit Card,Pending,122.35
P01236,R01236,Debit Card,Success,27.94
P01237,R01237,Debit Card,Success,129.53
P01238,R01238,Debit Card,Failed,9.05
P01239,R01239,Credit Card,Success,63.03
P01240,R01240,UPI,Success,147.96
P01241,R01241,Credit Card,Failed,141.08
P01242,R01242,Credit Card,Pending,58.9
P01243,R01243,Credit Card,Pending,28.13
P01244,R01244,Credit Card,Success,96.15
P01245,R01245,Credit Card,Failed,111.9
P01246,R01246,Credit Card,Pending,46.17
P01247,R01247,UPI,Failed,8.55
P01248,R01248,Debit Card,Success,76.17
P01249,R01249,Credit Card,Pending,96.45
P01250,R01250,Credit Card,Failed,114.65
P01251,R01251,Credit Card,Pending,33.44
P01252,R01252,Cash,Success,76.69
P01253,R01253,Debit Card,Pending,146.88
P01254,R01254,Cash,Success,88.84
P01255,R01255,Credit Card,Pending,89.79
P01256,R01256,Credit Card,Success,117.24
P01257,R01257,Cash,Failed,119.2
P01258,R01258,Cash,Failed,147.32
P01259,R01259,UPI,Success,81.49
P01260,R01260,Cash,Success,145.88
P01261,R01261,UPI,Failed,48.03
P01262,R01262,Credit Card,Failed,77.71
P01263,R01263,Credit Card,Success,63.66
P01264,R01264,UPI,Failed,100.3
P01265,R01265,Debit Card,Pending,10.56
P01266,R01266,Cash,Pending,73.29
P01267,R01267,Debit Card,Pending,31.66
P01268,R01268,Debit Card,Failed,24.58
P01269,R01269,UPI,Pending,119.64
P01270,R01270,Cash,Failed,115.88
P01271,R01271,UPI,Failed,9.03
P01272,R01272,Credit Card,Pending,4.68
P01273,R01273,Cash,Success,57.26
P01274,R01274,Credit Card,Success,28.91
P01275,R01275,UPI,Failed,15.41
P01276,R01276,UPI,Success,101.23
P01277,R01277,Cash,Success,17.85
P01278,R01278,Credit Card,Success,66.01
P01279,R01279,Cash,Pending,31.78
P01280,R01280,UPI,Success,78.51
P01281,R01281,Cash,Pending,121.62
P01282,R01282,UPI,Success,123.57
P01283,R01283,UPI,Failed,147.64
P01284,R01284,Debit Card,Pending,136.25
P01285,R01285,Debit Card,Failed,3.3
P01286,R01286,Debit Card,Success,87.23
P01287,R01287,UPI,Failed,58.44
P01288,R01288,Debit Card,Success,11.97
P01289,R01289,Debit Card,Success,60.29
P01290,R01290,Debit Card,Failed,66.17
P01291,R01291,Cash,Failed,76.91
P01292,R01292,Credit Card,Pending,54.76
P01293,R01293,Credit Card,Pending,139.08
P01294,R01294,UPI,Success,81.9
P01295,R01295,Cash,Pending,123.55
P01296,R01296,Debit Card,Success,108.1
P01297,R01297,Credit Card,Success,136.69
P01298,R01298,Credit Card,Pending,134.28
P01299,R01299,Debit Card,Success,14.88
P01300,R01300,Credit Card,Success,105.74
P01301,R01301,Cash,Pending,69.06
P01302,R01302,Cash,Success,35.62
P01303,R01303,Credit Card,Pending,137.2
P01304,R01304,UPI,Failed,68.02
P01305,R01305,Debit Card,Success,31.36
P01306,R01306,Credit Card,Pending,57.88
P01307,R01307,Credit Card,Failed,126.01
P01308,R01308,Cash,Success,133.74
P01309,R01309,Credit Card,Success,112.38
P01310,R01310,Credit Card,Pending,33.91
P01311,R01311,UPI,Pending,109.74
P01312,R01312,Cash,Success,31.24
P01313,R01313,Credit Card,Pending,21.04
P01314,R01314,Debit Card,Pending,11.06
P01315,R01315,Cash,Success,117.75
P01316,R01316,UPI,Success,107.1
P01317,R01317,Debit Card,Failed,47.06
P01318,R01318,Credit Card,Success,101.07
P01319,R01319,Cash,Pending,107.88
P01320,R01320,Credit Card,Failed,114.56
P01321,R01321,Cash,Failed,17.43
P01322,R01322,UPI,Success,70.76
P01323,R01323,UPI,Failed,27.34
P01324,R01324,Cash,Failed,107.1
P01325,R01325,Cash,Pending,67.83
P01326,R01326,Debit Card,Failed,135.94
P01327,R01327,Debit Card,Pending,94.62
P01328,R01328,Debit Card,Success,130.05
P01329,R01329,Debit Card,Failed,74.95
P01330,R01330,UPI,Success,63.51
P01331,R01331,Cash,Success,24.08
P01332,R01332,Debit Card,Success,79.45
P01333,R01333,Debit Card,Pending,81.46
P01334,R01334,UPI,Pending,130.38
P01335,R01335,Debit Card,Success,133.77
P01336,R01336,Cash,Pending,52.7
P01337,R01337,Debit Card,Pending,16.53
P01338,R01338,Cash,Failed,131.45
P01339,R01339,Debit Card,Success,15.04
P01340,R01340,Debit Card,Failed,126.01
P01341,R01341,Credit Card,Success,36.38
P01342,R01342,Credit Card,Failed,97.35
P01343,R01343,Cash,Success,112.2
P01344,R01344,Debit Card,Success,97.17
P01345,R01345,Credit Card,Success,14.36
P01346,R01346,UPI,Failed,79.37
P01347,R01347,Credit Card,Success,20.76
P01348,R01348,Credit Card,Pending,119.51
P01349,R01349,Credit Card,Failed,110.17
P01350,R01350,Credit Card,Success,50.82
P01351,R01351,Credit Card,Success,84.2
P01352,R01352,Cash,Success,123.43
P01353,R01353,Credit Card,Failed,35.49
P01354,R01354,Cash,Pending,4.69
P01355,R01355,Cash,Failed,62.46
P01356,R01356,Cash,Pending,134.01
P01357,R01357,Cash,Success,42.53
P01358,R01358,Cash,Success,9.87
P01359,R01359,Debit Card,Success,16.47
P01360,R01360,UPI,Success,66.21
P01361,R01361,Cash,Pending,70.15
P01362,R01362,Credit Card,Success,33.44
P01363,R01363,Credit Card,Pending,59.97
P01364,R01364,UPI,Failed,149.15
P01365,R01365,UPI,Pending,28.77
P01366,R01366,Cash,Pending,68.68
P01367,R01367,UPI,Failed,79.75
P01368,R01368,Cash,Pending,82.26
P01369,R01369,UPI,Success,41.36
P01370,R01370,Credit Card,Pending,67.86
P01371,R01371,Cash,Success,107.23
P01372,R01372,Debit Card,Pending,145.14
P01373,R01373,Cash,Failed,142.79
P01374,R01374,Cash,Failed,4.16
P01375,R01375,Credit Card,Failed,63.06
P01376,R01376,Cash,Failed,122.33
P01377,R01377,UPI,Success,20.14
P01378,R01378,Credit Card,Pending,14.96
P01379,R01379,Debit Card,Pending,69.53
P01380,R01380,Credit Card,Failed,42.01
P01381,R01381,Debit Card,Success,112.21
P01382,R01382,Credit Card,Pending,1.73
P01383,R01383,Debit Card,Success,45.99
P01384,R01384,UPI,Failed,91.34
P01385,R01385,Cash,Pending,97.09
P01386,R01386,Debit Card,Failed,58.73
P01387,R01387,Debit Card,Pending,105.89
P01388,R01388,Credit Card,Success,70.58
P01389,R01389,UPI,Success,74.1
P01390,R01390,Credit Card,Success,81.87
P01391,R01391,Credit Card,Failed,16.36
P01392,R01392,Debit Card,Failed,74.77
P01393,R01393,UPI,Success,107.91
P01394,R01394,UPI,Failed,144.45
P01395,R01395,Credit Card,Pending,115.93
P01396,R01396,Debit Card,Success,85.25
P01397,R01397,Debit Card,Failed,6.48
P01398,R01398,Credit Card,Pending,146.06
P01399,R01399,Cash,Pending,125.89
P01400,R01400,Credit Card,Failed,91.68
P01401,R01401,Cash,Success,129.54
P01402,R01402,Credit Card,Pending,52.0
P01403,R01403,UPI,Failed,87.23
P01404,R01404,UPI,Pending,62.9
P01405,R01405,Cash,Pending,67.91
P01406,R01406,Cash,Pending,127.53
P01407,R01407,Cash,Pending,59.85
P01408,R01408,UPI,Failed,139.33
P01409,R01409,Credit Card,Failed,97.3
P01410,R01410,Cash,Pending,42.91
P01411,R01411,UPI,Success,56.69
P01412,R01412,Credit Card,Pending,111.74
P01413,R01413,Credit Card,Failed,3.36
P01414,R01414,Cash,Failed,43.7
P01415,R01415,UPI,Failed,106.19
P01416,R01416,Cash,Success,137.17
P01417,R01417,UPI,Failed,125.67
P01418,R01418,Debit Card,Success,122.53
P01419,R01419,Credit Card,Pending,149.79
P01420,R01420,Debit Card,Failed,130.16
P01421,R01421,Cash,Pending,79.48
P01422,R01422,UPI,Failed,112.28
P01423,R01423,Debit Card,Pending,56.18
P01424,R01424,UPI,Success,58.12
P01425,R01425,UPI,Pending,79.7
P01426,R01426,Credit Card,Success,128.05
P01427,R01427,UPI,Failed,3.12
P01428,R01428,Debit Card,Pending,124.3
P01429,R01429,Debit Card,Pending,138.66
P01430,R01430,Credit Card,Success,30.22
P01431,R01431,Credit Card,Success,135.68
P01432,R01432,Credit Card,Failed,99.97
P01433,R01433,UPI,Failed,71.82
P01434,R01434,Cash,Success,87.75
P01435,R01435,UPI,Pending,5.56
P01436,R01436,Debit Card,Success,110.63
P01437,R01437,Cash,Pending,82.69
P01438,R01438,UPI,Success,91.78
P01439,R01439,UPI,Failed,81.53
P01440,R01440,Debit Card,Failed,57.69
P01441,R01441,Cash,Pending,122.09
P01442,R01442,Cash,Pending,107.97
P01443,R01443,UPI,Success,129.29
P01444,R01444,Cash,Failed,19.34
P01445,R01445,UPI,Pending,44.55
P01446,R01446,Cash,Success,16.77
P01447,R01447,Cash,Pending,64.87
P01448,R01448,Cash,Failed,92.03
P01449,R01449,Credit Card,Pending,59.96
P01450,R01450,Credit Card,Pending,108.86
P01451,R01451,Debit Card,Success,45.84
P01452,R01452,Credit Card,Pending,139.86
P01453,R01453,Cash,Failed,125.42
P01454,R01454,Credit Card,Failed,110.53
P01455,R01455,Cash,Success,11.22
P01456,R01456,Credit Card,Failed,4.25
P01457,R01457,Cash,Success,134.08
P01458,R01458,Credit Card,Success,115.98
P01459,R01459,Debit Card,Success,8.79
P01460,R01460,Debit Card,Success,86.02
P01461,R01461,Cash,Failed,20.32
P01462,R01462,Credit Card,Success,108.59
P01463,R01463,UPI,Pending,7.55
P01464,R01464,Credit Card,Success,122.49
P01465,R01465,Debit Card,Failed,71.07
P01466,R01466,Credit Card,Failed,86.26
P01467,R01467,UPI,Pending,120.09
P01468,R01468,UPI,Failed,17.78
P01469,R01469,Cash,Failed,77.85
P01470,R01470,Credit Card,Success,142.86
P01471,R01471,Cash,Success,15.03
P01472,R01472,Cash,Pending,76.64
P01473,R01473,Cash,Success,138.4
P01474,R01474,Debit Card,Pending,71.55
P01475,R01475,UPI,Pending,11.94
P01476,R01476,Debit Card,Failed,122.88
P01477,R01477,Cash,Pending,39.32
P01478,R01478,UPI,Pending,134.8
P01479,R01479,UPI,Failed,117.58
P01480,R01480,UPI,Failed,94.22
P01481,R01481,Cash,Failed,104.91
P01482,R01482,Cash,Pending,80.68
P01483,R01483,Debit Card,Success,50.63
P01484,R01484,Cash,Success,47.75
P01485,R01485,Credit Card,Pending,21.78
P01486,R01486,Debit Card,Failed,20.06
P01487,R01487,Cash,Pending,134.81
P01488,R01488,Cash,Success,35.12
P01489,R01489,Credit Card,Failed,21.3
P01490,R01490,Cash,Success,47.78
P01491,R01491,Credit Card,Failed,59.45
P01492,R01492,UPI,Success,76.49
P01493,R01493,Credit Card,Success,47.93
P01494,R01494,Credit Card,Success,119.85
P01495,R01495,Credit Card,Success,136.29
P01496,R01496,UPI,Success,34.39
P01497,R01497,Debit Card,Success,141.69
P01498,R01498,Debit Card,Pending,96.39
P01499,R01499,UPI,Pending,78.37
P01500,R01500,UPI,Failed,126.42
P01501,R01501,UPI,Pending,22.72
P01502,R01502,Cash,Success,17.66
P01503,R01503,Debit Card,Pending,58.87
P01504,R01504,Cash,Failed,144.63
P01505,R01505,UPI,Success,115.06
P01506,R01506,Cash,Failed,7.15
P01507,R01507,Credit Card,Success,89.06
P01508,R01508,Credit Card,Pending,137.07
P01509,R01509,Debit Card,Success,74.69
P01510,R01510,Credit Card,Pending,96.5
P01511,R01511,Credit Card,Success,98.88
P01512,R01512,Cash,Failed,50.38
P01513,R01513,Cash,Success,109.43
P01514,R01514,Cash,Success,20.48
P01515,R01515,Credit Card,Success,40.86
P01516,R01516,Credit Card,Success,84.32
P01517,R01517,Debit Card,Success,140.31
P01518,R01518,Cash,Pending,126.86
P01519,R01519,Credit Card,Failed,67.97
P01520,R01520,UPI,Pending,5.41
P01521,R01521,Debit Card,Pending,128.69
P01522,R01522,Credit Card,Failed,85.83
P01523,R01523,UPI,Success,52.58
P01524,R01524,UPI,Failed,7.83
P01525,R01525,Cash,Pending,46.55
P01526,R01526,UPI,Pending,56.26
P01527,R01527,Debit Card,Pending,23.43
P01528,R01528,Cash,Pending,50.52
P01529,R01529,Credit Card,Failed,132.54
P01530,R01530,UPI,Success,116.82
P01531,R01531,Debit Card,Pending,108.14
P01532,R01532,Debit Card,Pending,106.56
P01533,R01533,UPI,Pending,5.79
P01534,R01534,Debit Card,Pending,52.0
P01535,R01535,Cash,Failed,7.38
P01536,R01536,Cash,Pending,11.34
P01537,R01537,Debit Card,Failed,21.82
P01538,R01538,Cash,Failed,114.43
P01539,R01539,Credit Card,Pending,102.27
P01540,R01540,UPI,Failed,131.14
P01541,R01541,Debit Card,Failed,135.06
P01542,R01542,Debit Card,Success,116.38
P01543,R01543,Credit Card,Failed,108.18
P01544,R01544,Cash,Failed,42.41
P01545,R01545,Debit Card,Success,15.2
P01546,R01546,UPI,Failed,59.28
P01547,R01547,UPI,Failed,23.37
P01548,R01548,Credit Card,Failed,119.62
P01549,R01549,UPI,Pending,105.68
P01550,R01550,Debit Card,Pending,35.88
P01551,R01551,Cash,Failed,97.9
P01552,R01552,Debit Card,Pending,76.14
P01553,R01553,Debit Card,Pending,4.96
P01554,R01554,UPI,Success,130.64
P01555,R01555,UPI,Pending,28.85
P01556,R01556,Credit Card,Success,97.99
P01557,R01557,Credit Card,Pending,44.58
P01558,R01558,Cash,Failed,126.81
P01559,R01559,Credit Card,Pending,29.77
P01560,R01560,Credit Card,Pending,135.13
P01561,R01561,Credit Card,Failed,134.47
P01562,R01562,Credit Card,Success,57.2
P01563,R01563,Cash,Pending,130.86
P01564,R01564,Debit Card,Failed,107.52
P01565,R01565,Debit Card,Pending,62.27
P01566,R01566,UPI,Success,85.21
P01567,R01567,UPI,Pending,22.21
P01568,R01568,Debit Card,Failed,88.86
P01569,R01569,Cash,Failed,33.3
P01570,R01570,Credit Card,Pending,38.78
P01571,R01571,Cash,Success,18.98
P01572,R01572,Cash,Failed,50.78
P01573,R01573,Credit Card,Success,114.87
P01574,R01574,Credit Card,Pending,38.05
P01575,R01575,Cash,Pending,146.78
P01576,R01576,Debit Card,Failed,14.04
P01577,R01577,Credit Card,Success,139.77
P01578,R01578,UPI,Failed,142.32
P01579,R01579,UPI,Failed,65.12
P01580,R01580,Debit Card,Pending,76.39
P01581,R01581,UPI,Pending,109.14
P01582,R01582,Credit Card,Success,149.03
P01583,R01583,Cash,Success,62.13
P01584,R01584,Cash,Failed,32.93
P01585,R01585,UPI,Success,27.74
P01586,R01586,Credit Card,Pending,143.06
P01587,R01587,UPI,Failed,131.3
P01588,R01588,Credit Card,Failed,28.05
P01589,R01589,Credit Card,Pending,62.4
P01590,R01590,UPI,Success,68.68
P01591,R01591,UPI,Success,88.56
P01592,R01592,UPI,Pending,146.0
P01593,R01593,Cash,Pending,39.46
P01594,R01594,Cash,Failed,80.78
P01595,R01595,Cash,Pending,130.92
P01596,R01596,Cash,Success,126.98
P01597,R01597,Cash,Pending,145.53
P01598,R01598,Debit Card,Success,36.32
P01599,R01599,UPI,Success,39.04
P01600,R01600,Cash,Success,109.54
P01601,R01601,Cash,Pending,49.83
P01602,R01602,UPI,Pending,25.49
P01603,R01603,Debit Card,Failed,110.78
P01604,R01604,UPI,Success,62.1
P01605,R01605,Cash,Failed,92.75
P01606,R01606,Cash,Success,141.62
P01607,R01607,Credit Card,Success,67.48
P01608,R01608,UPI,Success,76.42
P01609,R01609,Cash,Pending,101.53
P01610,R01610,Credit Card,Failed,51.49
P01611,R01611,Cash,Pending,4.51
P01612,R01612,UPI,Pending,79.79
P01613,R01613,Debit Card,Failed,12.45
P01614,R01614,UPI,Pending,47.71
P01615,R01615,Credit Card,Pending,44.69
P01616,R01616,Cash,Failed,134.56
P01617,R01617,Credit Card,Success,58.75
P01618,R01618,Credit Card,Failed,141.38
P01619,R01619,Debit Card,Success,117.79
P01620,R01620,Cash,Success,122.62
P01621,R01621,Credit Card,Failed,18.82
P01622,R01622,Debit Card,Failed,3.29
P01623,R01623,Cash,Failed,90.68
P01624,R01624,UPI,Success,51.01
P01625,R01625,Cash,Failed,58.92
P01626,R01626,Credit Card,Success,84.59
P01627,R01627,UPI,Pending,55.38
P01628,R01628,Cash,Success,75.56
P01629,R01629,Debit Card,Pending,101.42
P01630,R01630,Debit Card,Success,128.32
P01631,R01631,Cash,Pending,104.97
P01632,R01632,Credit Card,Success,61.86
P01633,R01633,Debit Card,Success,109.86
P01634,R01634,Debit Card,Failed,21.35
P01635,R01635,Credit Card,Success,146.79
P01636,R01636,Cash,Failed,112.32
P01637,R01637,Debit Card,Pending,137.07
P01638,R01638,Credit Card,Success,5.36
P01639,R01639,UPI,Pending,149.64
P01640,R01640,Debit Card,Failed,128.89
P01641,R01641,Debit Card,Failed,110.69
P01642,R01642,Debit Card,Success,90.45
P01643,R01643,Cash,Failed,102.4
P01644,R01644,Cash,Failed,41.35
P01645,R01645,Debit Card,Failed,98.38
P01646,R01646,Cash,Success,42.1
P01647,R01647,Debit Card,Pending,59.13
P01648,R01648,Credit Card,Success,144.67
P01649,R01649,Credit Card,Failed,48.97
P01650,R01650,Credit Card,Success,49.51
P01651,R01651,UPI,Pending,31.67
P01652,R01652,Debit Card,Success,8.64
P01653,R01653,Cash,Pending,71.01
P01654,R01654,Cash,Success,138.7
P01655,R01655,Debit Card,Failed,77.97
P01656,R01656,Debit Card,Pending,134.31
P01657,R01657,Debit Card,Pending,25.65
P01658,R01658,UPI,Success,132.84
P01659,R01659,UPI,Pending,20.09
P01660,R01660,Debit Card,Failed,77.39
P01661,R01661,Debit Card,Pending,89.47
P01662,R01662,Cash,Success,112.75
P01663,R01663,Debit Card,Failed,37.05
P01664,R01664,Cash,Pending,6.09
P01665,R01665,Credit Card,Pending,147.37
P01666,R01666,Cash,Pending,19.2
P01667,R01667,UPI,Pending,37.35
P01668,R01668,Debit Card,Pending,4.09
P01669,R01669,UPI,Failed,106.24
P01670,R01670,Cash,Pending,26.65
P01671,R01671,Debit Card,Failed,111.9
P01672,R01672,Credit Card,Success,118.41
P01673,R01673,Cash,Success,111.58
P01674,R01674,Debit Card,Success,18.96
P01675,R01675,Cash,Success,128.36
P01676,R01676,Cash,Pending,3.91
P01677,R01677,UPI,Success,6.46
P01678,R01678,UPI,Failed,28.59
P01679,R01679,UPI,Failed,2.45
P01680,R01680,Cash,Failed,52.55
P01681,R01681,Debit Card,Failed,107.74
P01682,R01682,Credit Card,Pending,89.89
P01683,R01683,Debit Card,Success,62.21
P01684,R01684,UPI,Success,119.48
P01685,R01685,Cash,Pending,5.95
P01686,R01686,Credit Card,Pending,71.78
P01687,R01687,Credit Card,Failed,120.77
P01688,R01688,Cash,Success,50.25
P01689,R01689,Debit Card,Failed,107.39
P01690,R01690,Debit Card,Success,59.22
P01691,R01691,Credit Card,Pending,34.45
P01692,R01692,Debit Card,Failed,20.49
P01693,R01693,UPI,Success,16.65
P01694,R01694,Credit Card,Pending,54.18
P01695,R01695,Cash,Success,34.74
P01696,R01696,UPI,Pending,131.19
P01697,R01697,Cash,Pending,44.87
P01698,R01698,Credit Card,Failed,113.36
P01699,R01699,UPI,Pending,77.74
P01700,R01700,Cash,Success,128.42
P01701,R01701,Debit Card,Failed,116.98
P01702,R01702,Credit Card,Success,4.4
P01703,R01703,Cash,Success,93.29
P01704,R01704,Debit Card,Success,129.16
P01705,R01705,Debit Card,Failed,25.45
P01706,R01706,Cash,Success,98.04
P01707,R01707,UPI,Success,98.93
P01708,R01708,Cash,Pending,67.16
P01709,R01709,Credit Card,Pending,96.28
P01710,R01710,Debit Card,Pending,87.25
P01711,R01711,Credit Card,Success,145.68
P01712,R01712,Cash,Success,32.36
P01713,R01713,UPI,Pending,88.3
P01714,R01714,Cash,Pending,118.04
P01715,R01715,UPI,Success,56.43
P01716,R01716,Credit Card,Failed,128.16
P01717,R01717,UPI,Success,9.31
P01718,R01718,Cash,Failed,25.65
P01719,R01719,Credit Card,Pending,19.75
P01720,R01720,UPI,Failed,146.78
P01721,R01721,Credit Card,Success,36.58
P01722,R01722,Cash,Success,51.96
P01723,R01723,Cash,Pending,69.09
P01724,R01724,Debit Card,Failed,109.65
P01725,R01725,Cash,Pending,13.0
P01726,R01726,Debit Card,Success,144.18
P01727,R01727,Debit Card,Success,29.12
P01728,R01728,Debit Card,Pending,28.58
P01729,R01729,Cash,Failed,85.43
P01730,R01730,UPI,Pending,136.02
P01731,R01731,Cash,Pending,138.81
P01732,R01732,Cash,Pending,114.54
P01733,R01733,Credit Card,Success,129.09
P01734,R01734,Credit Card,Failed,37.91
P01735,R01735,Cash,Pending,115.28
P01736,R01736,Credit Card,Success,149.05
P01737,R01737,Cash,Failed,41.0
P01738,R01738,Debit Card,Failed,82.17
P01739,R01739,Debit Card,Success,24.76
P01740,R01740,Credit Card,Pending,139.72
P01741,R01741,Credit Card,Failed,121.37
P01742,R01742,Credit Card,Pending,58.74
P01743,R01743,Credit Card,Pending,106.52
P01744,R01744,Debit Card,Success,56.03
P01745,R01745,UPI,Failed,74.48
P01746,R01746,Cash,Failed,137.88
P01747,R01747,Credit Card,Pending,95.81
P01748,R01748,UPI,Failed,98.1
P01749,R01749,Debit Card,Failed,84.75
P01750,R01750,Cash,Success,66.24
P01751,R01751,Cash,Failed,21.32
P01752,R01752,Credit Card,Pending,138.52
P01753,R01753,Cash,Success,129.72
P01754,R01754,UPI,Pending,55.21
P01755,R01755,Cash,Failed,66.97
P01756,R01756,Debit Card,Failed,90.76
P01757,R01757,Credit Card,Success,0.61
P01758,R01758,Credit Card,Failed,13.21
P01759,R01759,Credit Card,Failed,99.47
P01760,R01760,Cash,Failed,10.63
P01761,R01761,Debit Card,Failed,37.65
P01762,R01762,Cash,Failed,56.27
P01763,R01763,Cash,Failed,88.47
P01764,R01764,Debit Card,Pending,109.94
P01765,R01765,UPI,Pending,98.0
P01766,R01766,Debit Card,Failed,112.18
P01767,R01767,Cash,Pending,51.55
P01768,R01768,UPI,Pending,118.29
P01769,R01769,UPI,Success,38.88
P01770,R01770,Cash,Failed,133.37
P01771,R01771,Debit Card,Failed,30.55
P01772,R01772,Cash,Pending,9.44
P01773,R01773,UPI,Failed,8.03
P01774,R01774,UPI,Pending,55.57
P01775,R01775,Credit Card,Pending,125.2
P01776,R01776,UPI,Success,47.82
P01777,R01777,Cash,Failed,76.85
P01778,R01778,Debit Card,Failed,55.44
P01779,R01779,Credit Card,Success,146.04
P01780,R01780,Cash,Failed,110.91
P01781,R01781,Debit Card,Success,80.03
P01782,R01782,Cash,Failed,125.05
P01783,R01783,UPI,Failed,61.1
P01784,R01784,Credit Card,Pending,9.97
P01785,R01785,Cash,Pending,6.81
P01786,R01786,Credit Card,Pending,77.19
P01787,R01787,Cash,Success,143.3
P01788,R01788,Credit Card,Pending,106.47
P01789,R01789,Credit Card,Failed,47.39
P01790,R01790,Cash,Success,129.08
P01791,R01791,Cash,Pending,131.59
P01792,R01792,Credit Card,Pending,138.85
P01793,R01793,Cash,Pending,84.46
P01794,R01794,Credit Card,Success,127.46
P01795,R01795,Cash,Failed,75.23
P01796,R01796,Credit Card,Success,2.89
P01797,R01797,Debit Card,Failed,94.97
P01798,R01798,UPI,Success,88.05
P01799,R01799,UPI,Pending,120.21
P01800,R01800,Debit Card,Failed,30.67
P01801,R01801,Credit Card,Success,95.19
P01802,R01802,UPI,Failed,130.07
P01803,R01803,Cash,Pending,108.32
P01804,R01804,Cash,Success,36.51
P01805,R01805,UPI,Failed,110.06
P01806,R01806,Credit Card,Success,0.93
P01807,R01807,Cash,Pending,56.62
P01808,R01808,Cash,Failed,89.44
P01809,R01809,Debit Card,Pending,82.74
P01810,R01810,Credit Card,Success,37.0
P01811,R01811,Debit Card,Pending,33.34
P01812,R01812,Debit Card,Success,85.35
P01813,R01813,Debit Card,Pending,149.6
P01814,R01814,Debit Card,Success,3.6
P01815,R01815,Cash,Failed,70.84
P01816,R01816,Credit Card,Pending,76.2
P01817,R01817,Cash,Pending,48.9
P01818,R01818,Credit Card,Pending,23.08
P01819,R01819,Debit Card,Failed,9.11
P01820,R01820,Debit Card,Pending,32.08
P01821,R01821,Cash,Pending,26.1
P01822,R01822,Credit Card,Pending,94.63
P01823,R01823,Credit Card,Success,149.49
P01824,R01824,Credit Card,Success,34.84
P01825,R01825,Credit Card,Failed,136.57
P01826,R01826,Debit Card,Success,18.86
P01827,R01827,Cash,Failed,137.21
P01828,R01828,UPI,Pending,57.98
P01829,R01829,Credit Card,Pending,132.84
P01830,R01830,UPI,Failed,2.27
P01831,R01831,Credit Card,Failed,60.02
P01832,R01832,Cash,Failed,131.66
P01833,R01833,Debit Card,Failed,131.63
P01834,R01834,Credit Card,Success,54.01
P01835,R01835,UPI,Failed,65.74
P01836,R01836,Credit Card,Pending,11.95
P01837,R01837,Cash,Failed,62.32
P01838,R01838,Cash,Pending,96.2
P01839,R01839,UPI,Failed,36.54
P01840,R01840,Debit Card,Failed,24.59
P01841,R01841,Debit Card,Pending,89.6
P01842,R01842,Credit Card,Success,66.27
P01843,R01843,Debit Card,Failed,113.3
P01844,R01844,Cash,Pending,35.76
P01845,R01845,UPI,Success,40.82
P01846,R01846,Credit Card,Failed,140.81
P01847,R01847,UPI,Pending,58.31
P01848,R01848,Credit Card,Failed,16.65
P01849,R01849,Cash,Pending,62.94
P01850,R01850,Debit Card,Failed,99.69
P01851,R01851,UPI,Success,114.59
P01852,R01852,Debit Card,Failed,30.66
P01853,R01853,Cash,Failed,52.92
P01854,R01854,Cash,Failed,145.89
P01855,R01855,UPI,Success,35.63
P01856,R01856,Cash,Failed,71.47
P01857,R01857,Credit Card,Pending,118.71
P01858,R01858,Cash,Failed,68.04
P01859,R01859,Cash,Pending,29.29
P01860,R01860,Credit Card,Failed,24.66
P01861,R01861,Credit Card,Success,138.63
P01862,R01862,Credit Card,Pending,134.5
P01863,R01863,Cash,Success,119.33
P01864,R01864,Debit Card,Pending,87.42
P01865,R01865,Debit Card,Pending,76.87
P01866,R01866,Credit Card,Success,133.49
P01867,R01867,UPI,Failed,148.24
P01868,R01868,Credit Card,Success,1.48
P01869,R01869,UPI,Failed,32.33
P01870,R01870,Cash,Failed,80.92
P01871,R01871,Debit Card,Pending,109.44
P01872,R01872,Debit Card,Success,88.67
P01873,R01873,Credit Card,Pending,135.89
P01874,R01874,UPI,Failed,121.64
P01875,R01875,UPI,Pending,130.86
P01876,R01876,Credit Card,Success,109.18
P01877,R01877,Debit Card,Failed,14.91
P01878,R01878,UPI,Success,21.57
P01879,R01879,Credit Card,Pending,79.9
P01880,R01880,Credit Card,Failed,76.19
P01881,R01881,Debit Card,Success,76.28
P01882,R01882,UPI,Success,67.17
P01883,R01883,Cash,Failed,138.52
P01884,R01884,UPI,Failed,57.83
P01885,R01885,Debit Card,Failed,80.3
P01886,R01886,UPI,Pending,34.86
P01887,R01887,UPI,Success,8.77
P01888,R01888,Credit Card,Success,88.76
P01889,R01889,Debit Card,Success,111.56
P01890,R01890,UPI,Success,116.41
P01891,R01891,Cash,Pending,129.3
P01892,R01892,Debit Card,Failed,54.31
P01893,R01893,Cash,Pending,12.52
P01894,R01894,Cash,Success,80.17
P01895,R01895,Debit Card,Failed,133.88
P01896,R01896,Cash,Pending,34.05
P01897,R01897,Debit Card,Pending,114.06
P01898,R01898,Cash,Success,0.46
P01899,R01899,Cash,Failed,98.3
P01900,R01900,Credit Card,Failed,76.77
P01901,R01901,Credit Card,Pending,137.37
P01902,R01902,Cash,Failed,9.38
P01903,R01903,UPI,Failed,58.07
P01904,R01904,Credit Card,Failed,102.73
P01905,R01905,UPI,Success,60.46
P01906,R01906,Credit Card,Pending,4.51
P01907,R01907,Debit Card,Failed,146.19
P01908,R01908,Cash,Failed,127.01
P01909,R01909,Debit Card,Failed,124.11
P01910,R01910,Cash,Success,56.47
P01911,R01911,Credit Card,Success,137.84
P01912,R01912,UPI,Success,75.61
P01913,R01913,UPI,Success,49.09
P01914,R01914,Debit Card,Pending,32.39
P01915,R01915,Cash,Pending,140.41
P01916,R01916,UPI,Success,94.34
P01917,R01917,UPI,Success,50.6
P01918,R01918,Cash,Pending,44.61
P01919,R01919,Debit Card,Failed,20.81
P01920,R01920,Debit Card,Failed,17.69
P01921,R01921,Debit Card,Pending,58.97
P01922,R01922,Credit Card,Failed,0.17
P01923,R01923,Cash,Pending,126.01
P01924,R01924,Debit Card,Success,86.41
P01925,R01925,UPI,Pending,138.64
P01926,R01926,Debit Card,Pending,140.7
P01927,R01927,Debit Card,Pending,108.94
P01928,R01928,UPI,Pending,25.05
P01929,R01929,Cash,Pending,81.86
P01930,R01930,Debit Card,Pending,123.66
P01931,R01931,Credit Card,Failed,87.19
P01932,R01932,Debit Card,Success,107.89
P01933,R01933,Credit Card,Success,90.58
P01934,R01934,UPI,Failed,114.05
P01935,R01935,Debit Card,Success,28.55
P01936,R01936,Debit Card,Pending,118.7
P01937,R01937,Cash,Failed,34.17
P01938,R01938,Cash,Pending,121.58
P01939,R01939,Credit Card,Success,34.44
P01940,R01940,UPI,Pending,38.53
P01941,R01941,Cash,Failed,89.69
P01942,R01942,Debit Card,Pending,32.5
P01943,R01943,Debit Card,Pending,116.03
P01944,R01944,Cash,Pending,50.19
P01945,R01945,Cash,Success,127.34
P01946,R01946,UPI,Pending,120.9
P01947,R01947,Credit Card,Pending,131.59
P01948,R01948,UPI,Failed,112.4
P01949,R01949,UPI,Success,4.51
P01950,R01950,Cash,Success,146.91
P01951,R01951,UPI,Success,81.77
P01952,R01952,UPI,Pending,149.31
P01953,R01953,Debit Card,Pending,43.44
P01954,R01954,Cash,Failed,94.82
P01955,R01955,Debit Card,Failed,93.36
P01956,R01956,UPI,Pending,105.84
P01957,R01957,Credit Card,Pending,15.14
P01958,R01958,UPI,Success,84.97
P01959,R01959,Credit Card,Failed,47.22
P01960,R01960,UPI,Failed,145.34
P01961,R01961,Debit Card,Pending,92.53
P01962,R01962,UPI,Pending,144.46
P01963,R01963,Cash,Failed,8.44
P01964,R01964,Debit Card,Failed,2.23
P01965,R01965,UPI,Failed,11.78
P01966,R01966,Credit Card,Pending,14.71
P01967,R01967,UPI,Pending,109.45
P01968,R01968,Debit Card,Success,112.24
P01969,R01969,Debit Card,Success,126.92
P01970,R01970,Debit Card,Pending,45.09
P01971,R01971,Credit Card,Pending,91.14
P01972,R01972,Credit Card,Success,46.6
P01973,R01973,Cash,Success,14.34
P01974,R01974,Credit Card,Pending,108.05
P01975,R01975,Credit Card,Success,14.86
P01976,R01976,Debit Card,Failed,14.18
P01977,R01977,Cash,Failed,116.64
P01978,R01978,Debit Card,Pending,39.15
P01979,R01979,UPI,Success,80.04
P01980,R01980,UPI,Failed,99.18
P01981,R01981,Credit Card,Failed,124.95
P01982,R01982,Cash,Failed,50.19
P01983,R01983,Debit Card,Failed,144.21
P01984,R01984,Debit Card,Pending,9.44
P01985,R01985,Credit Card,Failed,96.42
P01986,R01986,UPI,Pending,124.03
P01987,R01987,Debit Card,Success,82.95
P01988,R01988,Debit Card,Pending,0.18
P01989,R01989,Cash,Pending,57.32
P01990,R01990,Credit Card,Pending,82.07
P01991,R01991,Debit Card,Failed,44.91
P01992,R01992,UPI,Failed,49.5
P01993,R01993,Cash,Pending,76.34
P01994,R01994,Debit Card,Failed,58.51
P01995,R01995,UPI,Success,68.08
P01996,R01996,UPI,Pending,79.31
P01997,R01997,UPI,Failed,100.0
P01998,R01998,Cash,Failed,22.19
P01999,R01999,Debit Card,Pending,143.82
P02000,R02000,Credit Card,Success,5.59
P02001,R02001,Cash,Pending,20.37
P02002,R02002,Debit Card,Failed,141.44
P02003,R02003,Debit Card,Success,133.73
P02004,R02004,Cash,Success,40.96
P02005,R02005,Cash,Success,98.47
P02006,R02006,Debit Card,Pending,83.84
P02007,R02007,Cash,Success,43.94
P02008,R02008,Cash,Success,96.24
P02009,R02009,Debit Card,Failed,67.24
P02010,R02010,Credit Card,Failed,30.24
P02011,R02011,UPI,Failed,79.42
P02012,R02012,Debit Card,Success,112.26
P02013,R02013,Cash,Success,38.86
P02014,R02014,Cash,Pending,98.93
P02015,R02015,Credit Card,Failed,37.33
P02016,R02016,UPI,Pending,118.3
P02017,R02017,Cash,Pending,42.26
P02018,R02018,Credit Card,Success,66.68
P02019,R02019,Credit Card,Success,51.01
P02020,R02020,Credit Card,Failed,25.27
P02021,R02021,UPI,Pending,94.47
P02022,R02022,Cash,Failed,117.14
P02023,R02023,UPI,Success,94.17
P02024,R02024,Debit Card,Pending,96.23
P02025,R02025,UPI,Failed,46.57
P02026,R02026,UPI,Pending,18.07
P02027,R02027,Debit Card,Failed,103.23
P02028,R02028,Debit Card,Success,109.38
P02029,R02029,UPI,Success,84.66
P02030,R02030,Debit Card,Success,53.3
P02031,R02031,Debit Card,Success,96.21
P02032,R02032,Cash,Failed,28.81
P02033,R02033,UPI,Pending,62.41
P02034,R02034,UPI,Failed,16.41
P02035,R02035,Debit Card,Failed,27.54
P02036,R02036,Cash,Success,24.33
P02037,R02037,Credit Card,Success,11.1
P02038,R02038,Credit Card,Pending,148.41
P02039,R02039,UPI,Success,16.94
P02040,R02040,Debit Card,Failed,28.44
P02041,R02041,Debit Card,Failed,130.05
P02042,R02042,Credit Card,Success,134.39
P02043,R02043,Debit Card,Failed,85.43
P02044,R02044,Credit Card,Success,83.4
P02045,R02045,Cash,Failed,100.73
P02046,R02046,Debit Card,Failed,32.83
P02047,R02047,Cash,Success,76.63
P02048,R02048,Cash,Success,28.67
P02049,R02049,Credit Card,Failed,56.76
P02050,R02050,Cash,Pending,136.47
P02051,R02051,Debit Card,Failed,84.02
P02052,R02052,Debit Card,Failed,27.89
P02053,R02053,Cash,Success,70.29
P02054,R02054,UPI,Pending,51.35
P02055,R02055,UPI,Failed,41.71
P02056,R02056,Cash,Pending,115.31
P02057,R02057,Debit Card,Success,10.68
P02058,R02058,Cash,Pending,133.23
P02059,R02059,Debit Card,Success,42.92
P02060,R02060,UPI,Pending,144.64
P02061,R02061,Debit Card,Pending,88.12
P02062,R02062,Cash,Success,42.05
P02063,R02063,Credit Card,Pending,91.01
P02064,R02064,Debit Card,Pending,146.81
P02065,R02065,Debit Card,Failed,103.16
P02066,R02066,Cash,Failed,78.11
P02067,R02067,Debit Card,Success,44.42
P02068,R02068,Debit Card,Failed,13.12
P02069,R02069,Cash,Failed,22.0
P02070,R02070,Cash,Failed,60.15
P02071,R02071,Debit Card,Pending,93.89
P02072,R02072,Debit Card,Success,136.61
P02073,R02073,Credit Card,Pending,79.45
P02074,R02074,Credit Card,Pending,111.72
P02075,R02075,Debit Card,Pending,21.71
P02076,R02076,Credit Card,Success,1.28
P02077,R02077,UPI,Pending,6.95
P02078,R02078,Cash,Failed,38.64
P02079,R02079,UPI,Pending,24.14
P02080,R02080,Debit Card,Failed,19.78
P02081,R02081,Cash,Failed,143.81
P02082,R02082,UPI,Success,26.48
P02083,R02083,Credit Card,Failed,107.59
P02084,R02084,Debit Card,Success,93.39
P02085,R02085,Cash,Pending,46.61
P02086,R02086,Debit Card,Failed,68.68
P02087,R02087,Debit Card,Failed,18.72
P02088,R02088,Debit Card,Success,66.9
P02089,R02089,UPI,Success,93.34
P02090,R02090,Debit Card,Success,64.75
P02091,R02091,Cash,Success,110.23
P02092,R02092,Cash,Pending,10.13
P02093,R02093,Credit Card,Failed,148.59
P02094,R02094,Debit Card,Failed,82.56
P02095,R02095,Debit Card,Failed,48.06
P02096,R02096,Cash,Pending,32.23
P02097,R02097,Cash,Failed,37.04
P02098,R02098,Credit Card,Pending,36.38
P02099,R02099,Debit Card,Success,56.92
P02100,R02100,Credit Card,Failed,0.74
P02101,R02101,Credit Card,Pending,132.1
P02102,R02102,Debit Card,Success,31.89
P02103,R02103,Credit Card,Failed,61.82
P02104,R02104,Debit Card,Pending,19.13
P02105,R02105,Cash,Failed,91.49
P02106,R02106,Cash,Success,106.79
P02107,R02107,UPI,Success,71.97
P02108,R02108,UPI,Success,129.33
P02109,R02109,Cash,Success,95.36
P02110,R02110,Credit Card,Pending,21.14
P02111,R02111,Debit Card,Success,82.92
P02112,R02112,Credit Card,Pending,99.78
P02113,R02113,Credit Card,Success,60.72
P02114,R02114,UPI,Pending,3.67
P02115,R02115,Cash,Success,124.5
P02116,R02116,UPI,Success,143.78
P02117,R02117,Cash,Success,66.78
P02118,R02118,Credit Card,Pending,127.2
P02119,R02119,UPI,Pending,50.46
P02120,R02120,Debit Card,Success,112.6
P02121,R02121,Debit Card,Failed,94.66
P02122,R02122,UPI,Failed,128.78
P02123,R02123,Credit Card,Failed,63.65
P02124,R02124,Credit Card,Success,65.8
P02125,R02125,Cash,Success,43.35
P02126,R02126,UPI,Pending,62.18
P02127,R02127,Credit Card,Failed,42.6
P02128,R02128,Cash,Failed,5.42
P02129,R02129,Credit Card,Failed,7.39
P02130,R02130,Credit Card,Success,35.9
P02131,R02131,Credit Card,Failed,35.51
P02132,R02132,Credit Card,Pending,7.04
P02133,R02133,Cash,Pending,7.68
P02134,R02134,Cash,Failed,68.4
P02135,R02135,Credit Card,Pending,35.87
P02136,R02136,Credit Card,Failed,140.83
P02137,R02137,Credit Card,Pending,94.86
P02138,R02138,UPI,Failed,144.06
P02139,R02139,Cash,Pending,42.24
P02140,R02140,UPI,Pending,3.2
P02141,R02141,Cash,Success,14.91
P02142,R02142,Cash,Pending,126.9
P02143,R02143,Cash,Success,8.92
P02144,R02144,Credit Card,Failed,80.35
P02145,R02145,Debit Card,Pending,142.52
P02146,R02146,Debit Card,Failed,88.3
P02147,R02147,Debit Card,Success,148.73
P02148,R02148,Credit Card,Pending,113.63
P02149,R02149,Debit Card,Success,147.39
P02150,R02150,UPI,Pending,97.55
P02151,R02151,Credit Card,Failed,76.66
P02152,R02152,Cash,Pending,24.5
P02153,R02153,Debit Card,Pending,106.04
P02154,R02154,Cash,Pending,102.93
P02155,R02155,Debit Card,Failed,76.33
P02156,R02156,Credit Card,Success,112.99
P02157,R02157,Credit Card,Success,43.56
P02158,R02158,Debit Card,Pending,141.57
P02159,R02159,UPI,Failed,65.7
P02160,R02160,Credit Card,Failed,59.72
P02161,R02161,UPI,Success,136.63
P02162,R02162,Credit Card,Failed,118.93
P02163,R02163,Credit Card,Pending,122.94
P02164,R02164,Cash,Pending,35.63
P02165,R02165,Debit Card,Failed,7.91
P02166,R02166,Debit Card,Failed,36.07
P02167,R02167,UPI,Success,74.15
P02168,R02168,Debit Card,Pending,20.52
P02169,R02169,Credit Card,Pending,112.65
P02170,R02170,Debit Card,Pending,115.1
P02171,R02171,UPI,Success,42.13
P02172,R02172,Credit Card,Pending,126.4
P02173,R02173,Debit Card,Pending,71.63
P02174,R02174,Cash,Failed,120.06
P02175,R02175,Cash,Pending,78.02
P02176,R02176,Credit Card,Success,14.67
P02177,R02177,Debit Card,Pending,97.77
P02178,R02178,Credit Card,Success,12.13
P02179,R02179,Credit Card,Success,136.68
P02180,R02180,Debit Card,Failed,118.31
P02181,R02181,Debit Card,Success,8.81
P02182,R02182,Cash,Success,24.07
P02183,R02183,Cash,Pending,10.95
P02184,R02184,Credit Card,Failed,11.62
P02185,R02185,Credit Card,Failed,103.31
P02186,R02186,Cash,Success,145.26
P02187,R02187,Debit Card,Failed,7.72
P02188,R02188,Cash,Pending,58.1
P02189,R02189,UPI,Success,32.97
P02190,R02190,Debit Card,Success,81.54
P02191,R02191,Cash,Failed,148.81
P02192,R02192,Cash,Success,80.0
P02193,R02193,Debit Card,Pending,45.47
P02194,R02194,Credit Card,Success,72.26
P02195,R02195,Debit Card,Success,75.81
P02196,R02196,UPI,Failed,76.42
P02197,R02197,Debit Card,Pending,117.25
P02198,R02198,Debit Card,Failed,8.99
P02199,R02199,Debit Card,Success,105.64
P02200,R02200,Credit Card,Success,147.05
P02201,R02201,Debit Card,Failed,42.14
P02202,R02202,Credit Card,Pending,140.34
P02203,R02203,Cash,Success,61.39
P02204,R02204,Credit Card,Pending,137.82
P02205,R02205,Debit Card,Pending,25.98
P02206,R02206,Debit Card,Failed,122.74
P02207,R02207,Credit Card,Pending,83.66
P02208,R02208,Debit Card,Success,123.51
P02209,R02209,Cash,Success,2.04
P02210,R02210,Cash,Pending,26.42
P02211,R02211,Credit Card,Success,3.31
P02212,R02212,Debit Card,Pending,84.89
P02213,R02213,Debit Card,Failed,70.29
P02214,R02214,UPI,Failed,128.73
P02215,R02215,UPI,Pending,24.31
P02216,R02216,Debit Card,Pending,41.77
P02217,R02217,Credit Card,Failed,90.26
P02218,R02218,Debit Card,Success,17.49
P02219,R02219,Credit Card,Success,47.11
P02220,R02220,Credit Card,Success,53.61
P02221,R02221,Cash,Pending,63.22
P02222,R02222,Credit Card,Success,140.5
P02223,R02223,UPI,Pending,71.15
P02224,R02224,Credit Card,Pending,121.02
P02225,R02225,Debit Card,Pending,99.91
P02226,R02226,Credit Card,Success,0.22
P02227,R02227,Credit Card,Failed,135.68
P02228,R02228,UPI,Failed,57.07
P02229,R02229,UPI,Failed,99.79
P02230,R02230,UPI,Failed,128.83
P02231,R02231,Cash,Pending,61.84
P02232,R02232,Debit Card,Pending,136.58
P02233,R02233,Credit Card,Pending,43.54
P02234,R02234,Debit Card,Failed,111.79
P02235,R02235,UPI,Pending,23.42
P02236,R02236,UPI,Pending,98.13
P02237,R02237,Credit Card,Success,135.04
P02238,R02238,Cash,Success,68.12
P02239,R02239,UPI,Success,49.01
P02240,R02240,Debit Card,Failed,144.92
P02241,R02241,Cash,Success,69.94
P02242,R02242,Debit Card,Success,7.73
P02243,R02243,Debit Card,Failed,53.91
P02244,R02244,Cash,Success,92.66
P02245,R02245,Debit Card,Success,22.85
P02246,R02246,Credit Card,Pending,84.98
P02247,R02247,Debit Card,Success,49.25
P02248,R02248,Credit Card,Success,83.9
P02249,R02249,Credit Card,Failed,105.36
P02250,R02250,Debit Card,Success,117.84
P02251,R02251,Credit Card,Pending,54.02
P02252,R02252,Debit Card,Pending,36.54
P02253,R02253,UPI,Success,111.64
P02254,R02254,UPI,Pending,25.8
P02255,R02255,Debit Card,Pending,71.43
P02256,R02256,Cash,Success,74.04
P02257,R02257,Credit Card,Success,82.44
P02258,R02258,Cash,Success,39.85
P02259,R02259,UPI,Success,70.31
P02260,R02260,Cash,Success,49.82
P02261,R02261,Cash,Pending,93.26
P02262,R02262,UPI,Success,98.52
P02263,R02263,Credit Card,Failed,10.22
P02264,R02264,Cash,Success,113.53
P02265,R02265,Debit Card,Failed,47.04
P02266,R02266,Cash,Failed,51.41
P02267,R02267,Credit Card,Pending,49.05
P02268,R02268,Debit Card,Pending,15.34
P02269,R02269,Debit Card,Success,117.9
P02270,R02270,Credit Card,Pending,144.32
P02271,R02271,Debit Card,Pending,109.07
P02272,R02272,UPI,Success,141.33
P02273,R02273,Credit Card,Failed,59.1
P02274,R02274,UPI,Pending,42.76
P02275,R02275,UPI,Pending,57.91
P02276,R02276,UPI,Success,74.49
P02277,R02277,Credit Card,Failed,43.35
P02278,R02278,Debit Card,Pending,36.97
P02279,R02279,Cash,Pending,64.0
P02280,R02280,Credit Card,Pending,80.54
P02281,R02281,Credit Card,Failed,79.69
P02282,R02282,Debit Card,Pending,48.86
P02283,R02283,UPI,Success,66.96
P02284,R02284,Cash,Pending,41.13
P02285,R02285,UPI,Failed,108.09
P02286,R02286,Credit Card,Failed,34.07
P02287,R02287,Cash,Pending,7.76
P02288,R02288,Debit Card,Success,78.18
P02289,R02289,Debit Card,Failed,127.36
P02290,R02290,Credit Card,Pending,63.61
P02291,R02291,Cash,Success,23.33
P02292,R02292,Cash,Success,47.45
P02293,R02293,UPI,Pending,25.86
P02294,R02294,Cash,Success,87.22
P02295,R02295,UPI,Pending,24.07
P02296,R02296,Cash,Failed,121.61
P02297,R02297,Credit Card,Success,102.74
P02298,R02298,Credit Card,Success,57.77
P02299,R02299,Credit Card,Pending,139.68
P02300,R02300,Debit Card,Failed,124.7
P02301,R02301,Credit Card,Pending,38.67
P02302,R02302,Cash,Success,82.12
P02303,R02303,UPI,Failed,63.42
P02304,R02304,Cash,Failed,28.36
P02305,R02305,Debit Card,Pending,52.01
P02306,R02306,Credit Card,Pending,24.22
P02307,R02307,Cash,Success,12.56
P02308,R02308,Credit Card,Pending,72.35
P02309,R02309,UPI,Pending,4.88
P02310,R02310,UPI,Success,20.45
P02311,R02311,UPI,Success,72.56
P02312,R02312,Cash,Success,138.21
P02313,R02313,Debit Card,Failed,125.26
P02314,R02314,Credit Card,Failed,140.07
P02315,R02315,UPI,Pending,75.49
P02316,R02316,UPI,Pending,105.67
P02317,R02317,Cash,Pending,48.51
P02318,R02318,UPI,Success,61.57
P02319,R02319,Debit Card,Failed,99.8
P02320,R02320,UPI,Success,96.48
P02321,R02321,Debit Card,Pending,47.54
P02322,R02322,Credit Card,Failed,76.9
P02323,R02323,Debit Card,Success,131.47
P02324,R02324,Credit Card,Pending,85.1
P02325,R02325,Cash,Pending,73.48
P02326,R02326,Debit Card,Failed,76.99
P02327,R02327,UPI,Pending,123.08
P02328,R02328,Cash,Success,56.4
P02329,R02329,Cash,Pending,133.3
P02330,R02330,Cash,Pending,48.59
P02331,R02331,Debit Card,Pending,51.46
P02332,R02332,Credit Card,Success,41.7
P02333,R02333,Cash,Success,57.91
P02334,R02334,UPI,Pending,110.49
P02335,R02335,Debit Card,Pending,11.05
P02336,R02336,UPI,Success,122.1
P02337,R02337,Debit Card,Success,145.23
P02338,R02338,Cash,Pending,19.04
P02339,R02339,Credit Card,Pending,56.58
P02340,R02340,Debit Card,Success,68.2
P02341,R02341,Debit Card,Success,56.56
P02342,R02342,Credit Card,Failed,15.94
P02343,R02343,Cash,Pending,140.9
P02344,R02344,UPI,Pending,56.34
P02345,R02345,Credit Card,Pending,5.82
P02346,R02346,Cash,Success,82.57
P02347,R02347,Cash,Pending,131.82
P02348,R02348,Cash,Failed,109.84
P02349,R02349,UPI,Success,105.08
P02350,R02350,Debit Card,Pending,38.23
P02351,R02351,UPI,Success,14.63
P02352,R02352,Debit Card,Success,44.93
P02353,R02353,Cash,Failed,105.18
P02354,R02354,Cash,Success,21.69
P02355,R02355,Cash,Success,103.37
P02356,R02356,UPI,Success,81.53
P02357,R02357,Debit Card,Failed,85.64
P02358,R02358,Debit Card,Failed,35.98
P02359,R02359,UPI,Success,77.17
P02360,R02360,Cash,Failed,87.68
P02361,R02361,Credit Card,Failed,127.61
P02362,R02362,UPI,Failed,119.15
P02363,R02363,Cash,Failed,14.66
P02364,R02364,UPI,Pending,109.87
P02365,R02365,Debit Card,Success,83.47
P02366,R02366,Credit Card,Success,52.27
P02367,R02367,Cash,Success,50.4
P02368,R02368,UPI,Pending,113.76
P02369,R02369,Cash,Failed,133.12
P02370,R02370,Debit Card,Failed,66.85
P02371,R02371,Credit Card,Failed,129.36
P02372,R02372,Debit Card,Success,45.08
P02373,R02373,Cash,Success,82.43
P02374,R02374,Credit Card,Failed,104.79
P02375,R02375,Credit Card,Failed,2.68
P02376,R02376,Credit Card,Pending,141.71
P02377,R02377,Credit Card,Pending,48.2
P02378,R02378,UPI,Pending,93.69
P02379,R02379,UPI,Failed,72.97
P02380,R02380,Credit Card,Pending,4.27
P02381,R02381,UPI,Failed,23.2
P02382,R02382,UPI,Pending,61.72
P02383,R02383,Cash,Failed,4.8
P02384,R02384,Credit Card,Pending,95.39
P02385,R02385,Debit Card,Success,115.81
P02386,R02386,Credit Card,Success,80.01
P02387,R02387,UPI,Pending,80.12
P02388,R02388,Debit Card,Success,140.26
P02389,R02389,Debit Card,Success,62.0
P02390,R02390,Credit Card,Failed,94.06
P02391,R02391,Debit Card,Success,72.79
P02392,R02392,Debit Card,Pending,83.64
P02393,R02393,Credit Card,Failed,120.89
P02394,R02394,Debit Card,Pending,12.45
P02395,R02395,Credit Card,Failed,29.64
P02396,R02396,UPI,Pending,68.27
P02397,R02397,Credit Card,Pending,53.05
P02398,R02398,Debit Card,Pending,137.79
P02399,R02399,Credit Card,Pending,123.7
P02400,R02400,Debit Card,Success,19.19
P02401,R02401,Cash,Failed,96.18
P02402,R02402,UPI,Success,48.43
P02403,R02403,Credit Card,Failed,81.12
P02404,R02404,Cash,Failed,122.47
P02405,R02405,Credit Card,Pending,121.77
P02406,R02406,Debit Card,Failed,123.48
P02407,R02407,Debit Card,Failed,134.97
P02408,R02408,Credit Card,Success,59.61
P02409,R02409,Credit Card,Pending,65.41
P02410,R02410,UPI,Failed,2.76
P02411,R02411,Credit Card,Success,38.13
P02412,R02412,UPI,Pending,53.94
P02413,R02413,Cash,Pending,44.92
P02414,R02414,Debit Card,Failed,67.84
P02415,R02415,Cash,Success,138.17
P02416,R02416,Debit Card,Pending,117.11
P02417,R02417,UPI,Pending,137.75
P02418,R02418,Cash,Success,115.86
P02419,R02419,Debit Card,Failed,149.32
P02420,R02420,Debit Card,Success,98.48
P02421,R02421,Debit Card,Pending,2.11
P02422,R02422,Credit Card,Pending,145.89
P02423,R02423,Cash,Pending,55.73
P02424,R02424,Debit Card,Failed,109.97
P02425,R02425,Cash,Failed,49.97
P02426,R02426,Credit Card,Pending,15.09
P02427,R02427,Debit Card,Pending,119.87
P02428,R02428,Cash,Pending,134.48
P02429,R02429,Cash,Failed,111.01
P02430,R02430,Credit Card,Success,78.07
P02431,R02431,Cash,Pending,130.82
P02432,R02432,Debit Card,Failed,140.51
P02433,R02433,UPI,Failed,14.01
P02434,R02434,Debit Card,Success,60.45
P02435,R02435,Cash,Failed,23.31
P02436,R02436,Credit Card,Pending,114.82
P02437,R02437,Credit Card,Failed,55.03
P02438,R02438,UPI,Pending,43.63
P02439,R02439,Credit Card,Pending,107.2
P02440,R02440,Credit Card,Success,47.57
P02441,R02441,Cash,Pending,45.37
P02442,R02442,Cash,Failed,99.82
P02443,R02443,UPI,Failed,0.31
P02444,R02444,Debit Card,Success,21.19
P02445,R02445,Cash,Failed,9.75
P02446,R02446,Credit Card,Failed,77.12
P02447,R02447,Cash,Success,94.6
P02448,R02448,UPI,Success,106.88
P02449,R02449,UPI,Success,90.95
P02450,R02450,Debit Card,Pending,138.45
P02451,R02451,UPI,Failed,66.29
P02452,R02452,Credit Card,Success,19.6
P02453,R02453,UPI,Pending,105.27
P02454,R02454,Cash,Success,0.66
P02455,R02455,Debit Card,Pending,139.07
P02456,R02456,Cash,Success,21.3
P02457,R02457,Cash,Failed,43.63
P02458,R02458,Debit Card,Success,86.67
P02459,R02459,Cash,Success,65.9
P02460,R02460,UPI,Failed,77.11
P02461,R02461,Credit Card,Failed,4.73
P02462,R02462,Cash,Failed,71.77
P02463,R02463,Credit Card,Pending,111.3
P02464,R02464,Credit Card,Failed,25.97
P02465,R02465,Cash,Pending,70.32
P02466,R02466,Cash,Pending,149.97
P02467,R02467,Credit Card,Failed,149.89
P02468,R02468,Cash,Pending,38.15
P02469,R02469,Cash,Pending,87.14
P02470,R02470,UPI,Pending,88.88
P02471,R02471,Credit Card,Pending,145.58
P02472,R02472,Debit Card,Success,139.06
P02473,R02473,UPI,Success,49.41
P02474,R02474,Cash,Pending,133.94
P02475,R02475,UPI,Success,101.92
P02476,R02476,Credit Card,Pending,123.7
P02477,R02477,Cash,Success,139.48
P02478,R02478,UPI,Pending,24.53
P02479,R02479,UPI,Failed,6.99
P02480,R02480,Cash,Failed,54.23
P02481,R02481,Debit Card,Pending,78.38
P02482,R02482,UPI,Success,92.08
P02483,R02483,Credit Card,Pending,43.5
P02484,R02484,Cash,Success,43.53
P02485,R02485,Credit Card,Pending,107.68
P02486,R02486,Credit Card,Failed,18.33
P02487,R02487,UPI,Success,88.39
P02488,R02488,Credit Card,Success,1.31
P02489,R02489,Credit Card,Pending,122.34
P02490,R02490,Cash,Success,7.66
P02491,R02491,Credit Card,Pending,35.79
P02492,R02492,Debit Card,Success,6.15
P02493,R02493,Cash,Pending,125.75
P02494,R02494,Credit Card,Pending,123.19
P02495,R02495,Cash,Failed,77.06
P02496,R02496,Cash,Success,75.84
P02497,R02497,Debit Card,Success,55.73
P02498,R02498,Credit Card,Success,143.17
P02499,R02499,UPI,Pending,103.89
P02500,R02500,UPI,Pending,16.93
P02501,R02501,Credit Card,Pending,88.23
P02502,R02502,Credit Card,Failed,87.23
P02503,R02503,Cash,Success,103.33
P02504,R02504,UPI,Pending,6.81
P02505,R02505,Debit Card,Pending,66.67
P02506,R02506,Debit Card,Pending,88.97
P02507,R02507,Credit Card,Pending,129.05
P02508,R02508,Credit Card,Pending,25.06
P02509,R02509,Debit Card,Pending,58.76
P02510,R02510,Credit Card,Success,51.76
P02511,R02511,Credit Card,Pending,114.03
P02512,R02512,Cash,Failed,147.5
P02513,R02513,Debit Card,Success,118.3
P02514,R02514,Debit Card,Failed,58.57
P02515,R02515,UPI,Pending,128.29
P02516,R02516,Cash,Pending,13.79
P02517,R02517,Cash,Failed,17.74
P02518,R02518,Credit Card,Pending,23.4
P02519,R02519,UPI,Failed,101.05
P02520,R02520,Credit Card,Pending,96.43
P02521,R02521,Cash,Pending,138.49
P02522,R02522,UPI,Success,101.01
P02523,R02523,Credit Card,Pending,133.43
P02524,R02524,Credit Card,Success,60.54
P02525,R02525,Debit Card,Failed,116.52
P02526,R02526,Debit Card,Pending,26.69
P02527,R02527,Debit Card,Pending,68.09
P02528,R02528,Debit Card,Pending,47.17
P02529,R02529,UPI,Success,118.43
P02530,R02530,Cash,Success,148.26
P02531,R02531,Cash,Pending,31.46
P02532,R02532,Credit Card,Pending,14.61
P02533,R02533,UPI,Success,119.54
P02534,R02534,UPI,Success,7.24
P02535,R02535,Credit Card,Success,82.23
P02536,R02536,UPI,Success,10.34
P02537,R02537,Cash,Failed,60.71
P02538,R02538,Debit Card,Success,48.8
P02539,R02539,Cash,Failed,124.33
P02540,R02540,UPI,Pending,12.48
P02541,R02541,Credit Card,Failed,76.58
P02542,R02542,Debit Card,Failed,33.03
P02543,R02543,UPI,Pending,115.09
P02544,R02544,UPI,Success,34.46
P02545,R02545,UPI,Pending,36.78
P02546,R02546,Credit Card,Success,52.89
P02547,R02547,UPI,Failed,77.0
P02548,R02548,Credit Card,Success,38.42
P02549,R02549,Cash,Pending,117.98
P02550,R02550,UPI,Pending,9.45
P02551,R02551,Debit Card,Failed,145.71
P02552,R02552,Debit Card,Pending,17.14
P02553,R02553,Cash,Success,14.62
P02554,R02554,UPI,Failed,92.64
P02555,R02555,UPI,Failed,17.4
P02556,R02556,Credit Card,Success,116.75
P02557,R02557,Credit Card,Pending,135.6
P02558,R02558,UPI,Success,141.26
P02559,R02559,Credit Card,Success,118.66
P02560,R02560,Cash,Failed,95.83
P02561,R02561,UPI,Pending,37.49
P02562,R02562,Cash,Failed,10.25
P02563,R02563,UPI,Success,95.73
P02564,R02564,Debit Card,Pending,87.02
P02565,R02565,Debit Card,Failed,28.13
P02566,R02566,UPI,Success,67.95
P02567,R02567,UPI,Success,81.71
P02568,R02568,UPI,Failed,8.63
P02569,R02569,Cash,Failed,112.02
P02570,R02570,Credit Card,Success,41.67
P02571,R02571,UPI,Success,144.14
P02572,R02572,Credit Card,Success,89.54
P02573,R02573,Debit Card,Pending,28.18
P02574,R02574,Credit Card,Pending,121.69
P02575,R02575,Cash,Success,139.22
P02576,R02576,Debit Card,Success,2.6
P02577,R02577,Debit Card,Failed,8.74
P02578,R02578,UPI,Pending,62.39
P02579,R02579,Cash,Success,65.19
P02580,R02580,UPI,Failed,91.33
P02581,R02581,Debit Card,Pending,80.47
P02582,R02582,Credit Card,Success,109.22
P02583,R02583,Cash,Pending,91.38
P02584,R02584,Cash,Pending,101.63
P02585,R02585,Cash,Pending,110.83
P02586,R02586,Cash,Pending,110.37
P02587,R02587,Credit Card,Pending,58.56
P02588,R02588,Credit Card,Failed,57.27
P02589,R02589,UPI,Pending,19.83
P02590,R02590,Cash,Pending,39.92
P02591,R02591,Cash,Pending,2.99
P02592,R02592,UPI,Pending,10.24
P02593,R02593,UPI,Success,106.35
P02594,R02594,Credit Card,Success,36.48
P02595,R02595,Debit Card,Success,39.46
P02596,R02596,Debit Card,Pending,21.66
P02597,R02597,Cash,Failed,82.2
P02598,R02598,Cash,Pending,144.85
P02599,R02599,Cash,Success,48.88
P02600,R02600,Debit Card,Success,148.68
P02601,R02601,Cash,Success,48.66
P02602,R02602,Credit Card,Success,125.86
P02603,R02603,UPI,Pending,87.56
P02604,R02604,Debit Card,Failed,53.2
P02605,R02605,Debit Card,Success,81.54
P02606,R02606,Credit Card,Pending,61.93
P02607,R02607,Cash,Success,37.33
P02608,R02608,UPI,Failed,105.05
P02609,R02609,Credit Card,Success,38.65
P02610,R02610,Debit Card,Pending,53.58
P02611,R02611,Debit Card,Success,34.56
P02612,R02612,Debit Card,Success,78.44
P02613,R02613,Debit Card,Failed,66.88
P02614,R02614,UPI,Pending,94.58
P02615,R02615,Credit Card,Pending,72.79
P02616,R02616,Cash,Failed,143.14
P02617,R02617,UPI,Success,3.34
P02618,R02618,Credit Card,Failed,139.77
P02619,R02619,Credit Card,Pending,35.24
P02620,R02620,Credit Card,Pending,71.39
P02621,R02621,UPI,Pending,19.01
P02622,R02622,Cash,Pending,64.77
P02623,R02623,Credit Card,Success,140.48
P02624,R02624,Credit Card,Failed,88.27
P02625,R02625,Cash,Pending,83.8
P02626,R02626,Credit Card,Failed,122.39
P02627,R02627,Credit Card,Failed,19.42
P02628,R02628,Debit Card,Success,3.9
P02629,R02629,Debit Card,Pending,134.78
P02630,R02630,UPI,Pending,139.61
P02631,R02631,Cash,Pending,76.32
P02632,R02632,Cash,Failed,134.53
P02633,R02633,Credit Card,Pending,93.65
P02634,R02634,Cash,Success,98.27
P02635,R02635,Credit Card,Success,52.93
P02636,R02636,UPI,Failed,147.35
P02637,R02637,Debit Card,Success,53.54
P02638,R02638,Cash,Pending,146.01
P02639,R02639,UPI,Success,53.36
P02640,R02640,Credit Card,Failed,1.27
P02641,R02641,Credit Card,Pending,59.7
P02642,R02642,Debit Card,Pending,71.59
P02643,R02643,UPI,Failed,52.05
P02644,R02644,Credit Card,Success,33.77
P02645,R02645,Cash,Failed,120.86
P02646,R02646,Cash,Success,29.57
P02647,R02647,Debit Card,Success,141.79
P02648,R02648,Cash,Failed,125.08
P02649,R02649,Debit Card,Failed,112.1
P02650,R02650,Credit Card,Success,69.29
P02651,R02651,Cash,Pending,101.54
P02652,R02652,Credit Card,Failed,28.72
P02653,R02653,Cash,Pending,104.24
P02654,R02654,Cash,Success,2.41
P02655,R02655,Cash,Pending,99.99
P02656,R02656,Credit Card,Pending,24.02
P02657,R02657,Cash,Success,58.52
P02658,R02658,Credit Card,Pending,138.46
P02659,R02659,Debit Card,Success,48.24
P02660,R02660,Credit Card,Failed,91.7
P02661,R02661,Debit Card,Failed,63.2
P02662,R02662,UPI,Success,76.85
P02663,R02663,Debit Card,Success,12.42
P02664,R02664,Debit Card,Failed,141.11
P02665,R02665,Cash,Success,70.7
P02666,R02666,UPI,Success,143.11
P02667,R02667,Cash,Success,94.58
P02668,R02668,Cash,Success,125.41
P02669,R02669,UPI,Success,137.27
P02670,R02670,Credit Card,Pending,112.25
P02671,R02671,UPI,Failed,100.41
P02672,R02672,Debit Card,Success,22.36
P02673,R02673,UPI,Pending,6.02
P02674,R02674,Credit Card,Success,71.72
P02675,R02675,UPI,Pending,74.77
P02676,R02676,Credit Card,Pending,103.02
P02677,R02677,Credit Card,Failed,22.18
P02678,R02678,Cash,Pending,41.42
P02679,R02679,UPI,Pending,61.29
P02680,R02680,Cash,Success,0.09
P02681,R02681,Cash,Success,30.98
P02682,R02682,UPI,Pending,141.83
P02683,R02683,Credit Card,Pending,74.0
P02684,R02684,Debit Card,Success,114.8
P02685,R02685,Debit Card,Failed,134.54
P02686,R02686,UPI,Pending,132.61
P02687,R02687,Debit Card,Success,99.19
P02688,R02688,Credit Card,Success,57.27
P02689,R02689,Credit Card,Success,14.04
P02690,R02690,Cash,Failed,113.27
P02691,R02691,Credit Card,Failed,27.34
P02692,R02692,UPI,Success,72.24
P02693,R02693,Debit Card,Pending,136.43
P02694,R02694,Cash,Success,69.84
P02695,R02695,UPI,Success,45.05
P02696,R02696,Debit Card,Success,28.03
P02697,R02697,Credit Card,Pending,143.99
P02698,R02698,Cash,Success,56.8
P02699,R02699,Cash,Success,116.91
P02700,R02700,Credit Card,Success,85.57
P02701,R02701,UPI,Failed,78.01
P02702,R02702,Credit Card,Pending,30.23
P02703,R02703,Debit Card,Pending,81.72
P02704,R02704,Cash,Success,142.68
P02705,R02705,UPI,Failed,94.55
P02706,R02706,Debit Card,Pending,136.59
P02707,R02707,Debit Card,Success,44.02
P02708,R02708,Credit Card,Pending,111.31
P02709,R02709,Debit Card,Success,136.89
P02710,R02710,Debit Card,Success,47.82
P02711,R02711,Debit Card,Success,64.52
P02712,R02712,Credit Card,Pending,87.78
P02713,R02713,UPI,Success,132.74
P02714,R02714,UPI,Pending,149.89
P02715,R02715,Credit Card,Success,45.1
P02716,R02716,Credit Card,Failed,47.1
P02717,R02717,Debit Card,Success,21.27
P02718,R02718,Credit Card,Pending,126.49
P02719,R02719,UPI,Pending,90.91
P02720,R02720,Credit Card,Success,14.08
P02721,R02721,UPI,Success,59.56
P02722,R02722,Cash,Success,96.84
P02723,R02723,Credit Card,Success,106.18
P02724,R02724,Debit Card,Failed,0.02
P02725,R02725,Cash,Success,81.42
P02726,R02726,Debit Card,Success,7.07
P02727,R02727,Debit Card,Pending,102.8
P02728,R02728,Credit Card,Pending,100.65
P02729,R02729,Debit Card,Failed,23.97
P02730,R02730,Credit Card,Failed,7.88
P02731,R02731,UPI,Success,37.8
P02732,R02732,Credit Card,Pending,69.29
P02733,R02733,Credit Card,Pending,142.24
P02734,R02734,Cash,Success,71.43
P02735,R02735,Cash,Failed,55.77
P02736,R02736,UPI,Failed,91.66
P02737,R02737,Credit Card,Failed,70.52
P02738,R02738,Cash,Success,43.79
P02739,R02739,Cash,Success,36.34
P02740,R02740,Credit Card,Failed,118.82
P02741,R02741,UPI,Failed,114.93
P02742,R02742,Cash,Success,0.23
P02743,R02743,Debit Card,Success,36.51
P02744,R02744,Credit Card,Success,107.29
P02745,R02745,Credit Card,Failed,52.23
P02746,R02746,Debit Card,Failed,135.0
P02747,R02747,UPI,Failed,8.44
P02748,R02748,Credit Card,Pending,42.34
P02749,R02749,Credit Card,Success,81.65
P02750,R02750,Debit Card,Failed,112.25
P02751,R02751,UPI,Failed,50.14
P02752,R02752,Cash,Pending,9.43
P02753,R02753,Credit Card,Failed,130.12
P02754,R02754,Credit Card,Success,18.53
P02755,R02755,UPI,Success,90.08
P02756,R02756,UPI,Success,111.04
P02757,R02757,Debit Card,Failed,87.73
P02758,R02758,Cash,Failed,42.38
P02759,R02759,Credit Card,Failed,13.55
P02760,R02760,Cash,Pending,13.96
P02761,R02761,Credit Card,Pending,41.51
P02762,R02762,Credit Card,Pending,142.57
P02763,R02763,Debit Card,Pending,88.31
P02764,R02764,UPI,Pending,133.95
P02765,R02765,Debit Card,Success,24.67
P02766,R02766,Cash,Success,57.23
P02767,R02767,Debit Card,Failed,3.04
P02768,R02768,Debit Card,Pending,16.62
P02769,R02769,UPI,Failed,126.3
P02770,R02770,Cash,Failed,47.43
P02771,R02771,Credit Card,Failed,101.33
P02772,R02772,Credit Card,Failed,71.14
P02773,R02773,UPI,Pending,20.54
P02774,R02774,UPI,Failed,115.4
P02775,R02775,Credit Card,Success,54.07
P02776,R02776,Debit Card,Failed,57.53
P02777,R02777,Cash,Failed,73.15
P02778,R02778,Credit Card,Pending,56.27
P02779,R02779,Debit Card,Pending,34.5
P02780,R02780,Credit Card,Success,2.54
P02781,R02781,Cash,Success,0.23
P02782,R02782,Debit Card,Pending,141.21
P02783,R02783,Debit Card,Success,20.49
P02784,R02784,UPI,Failed,101.4
P02785,R02785,UPI,Success,45.42
P02786,R02786,UPI,Success,4.89
P02787,R02787,UPI,Failed,107.56
P02788,R02788,Cash,Success,34.0
P02789,R02789,Cash,Pending,95.79
P02790,R02790,Cash,Pending,105.5
P02791,R02791,Debit Card,Success,113.64
P02792,R02792,Cash,Failed,116.69
P02793,R02793,UPI,Success,51.93
P02794,R02794,Credit Card,Success,102.47
P02795,R02795,Cash,Pending,101.35
P02796,R02796,Credit Card,Failed,70.44
P02797,R02797,Debit Card,Success,145.71
P02798,R02798,Cash,Pending,147.71
P02799,R02799,Cash,Failed,82.18
P02800,R02800,Debit Card,Success,32.9
P02801,R02801,Cash,Success,44.26
P02802,R02802,Credit Card,Success,125.21
P02803,R02803,Cash,Pending,53.31
P02804,R02804,Cash,Success,24.35
P02805,R02805,Debit Card,Failed,109.45
P02806,R02806,Cash,Pending,7.07
P02807,R02807,Credit Card,Failed,24.08
P02808,R02808,UPI,Pending,122.58
P02809,R02809,Credit Card,Pending,14.37
P02810,R02810,Credit Card,Failed,15.92
P02811,R02811,Cash,Failed,80.7
P02812,R02812,UPI,Failed,81.89
P02813,R02813,Cash,Success,136.43
P02814,R02814,Cash,Pending,14.74
P02815,R02815,UPI,Failed,65.51
P02816,R02816,UPI,Pending,83.4
P02817,R02817,Cash,Pending,18.28
P02818,R02818,UPI,Success,51.23
P02819,R02819,Credit Card,Pending,65.4
P02820,R02820,UPI,Success,31.2
P02821,R02821,UPI,Pending,148.64
P02822,R02822,Credit Card,Pending,7.9
P02823,R02823,Credit Card,Pending,142.86
P02824,R02824,Credit Card,Failed,12.01
P02825,R02825,Cash,Success,122.18
P02826,R02826,Cash,Failed,6.01
P02827,R02827,Credit Card,Pending,127.85
P02828,R02828,UPI,Success,102.01
P02829,R02829,UPI,Success,24.72
P02830,R02830,UPI,Success,63.92
P02831,R02831,Cash,Success,66.01
P02832,R02832,Credit Card,Failed,134.05
P02833,R02833,Debit Card,Pending,49.5
P02834,R02834,Credit Card,Success,6.32
P02835,R02835,UPI,Failed,64.54
P02836,R02836,Cash,Success,147.68
P02837,R02837,Cash,Pending,91.86
P02838,R02838,UPI,Success,123.66
P02839,R02839,Debit Card,Success,147.25
P02840,R02840,Debit Card,Failed,137.88
P02841,R02841,Debit Card,Pending,27.61
P02842,R02842,UPI,Failed,62.98
P02843,R02843,UPI,Success,36.41
P02844,R02844,Credit Card,Failed,48.65
P02845,R02845,UPI,Success,47.01
P02846,R02846,Debit Card,Success,46.08
P02847,R02847,Cash,Failed,75.44
P02848,R02848,Debit Card,Pending,21.84
P02849,R02849,UPI,Pending,88.52
P02850,R02850,Credit Card,Pending,26.84
P02851,R02851,Debit Card,Pending,78.94
P02852,R02852,Cash,Success,66.56
P02853,R02853,Credit Card,Success,135.01
P02854,R02854,Debit Card,Pending,55.35
P02855,R02855,Credit Card,Failed,96.38
P02856,R02856,UPI,Pending,120.05
P02857,R02857,UPI,Success,123.68
P02858,R02858,Debit Card,Pending,112.41
P02859,R02859,Cash,Success,63.0
P02860,R02860,Credit Card,Success,149.05
P02861,R02861,Credit Card,Pending,26.71
P02862,R02862,UPI,Pending,2.54
P02863,R02863,Cash,Pending,145.51
P02864,R02864,Credit Card,Failed,12.2
P02865,R02865,UPI,Failed,74.93
P02866,R02866,Credit Card,Failed,68.55
P02867,R02867,UPI,Failed,121.88
P02868,R02868,Cash,Failed,148.55
P02869,R02869,Cash,Success,102.27
P02870,R02870,Debit Card,Success,14.33
P02871,R02871,Credit Card,Success,25.4
P02872,R02872,Credit Card,Success,119.41
P02873,R02873,UPI,Pending,115.95
P02874,R02874,Cash,Failed,35.24
P02875,R02875,Debit Card,Failed,103.09
P02876,R02876,UPI,Pending,43.33
P02877,R02877,Credit Card,Success,39.34
P02878,R02878,UPI,Failed,36.99
P02879,R02879,Cash,Success,107.37
P02880,R02880,Cash,Failed,5.19
P02881,R02881,Debit Card,Pending,15.06
P02882,R02882,Cash,Success,129.79
P02883,R02883,Debit Card,Failed,36.64
P02884,R02884,UPI,Failed,82.86
P02885,R02885,Debit Card,Success,143.65
P02886,R02886,Debit Card,Success,54.13
P02887,R02887,Debit Card,Failed,55.79
P02888,R02888,UPI,Success,84.82
P02889,R02889,Cash,Success,93.44
P02890,R02890,UPI,Pending,105.52
P02891,R02891,Debit Card,Failed,135.39
P02892,R02892,Cash,Failed,117.03
P02893,R02893,Credit Card,Success,117.37
P02894,R02894,Debit Card,Success,7.03
P02895,R02895,Cash,Pending,89.17
P02896,R02896,Debit Card,Success,10.92
P02897,R02897,Cash,Pending,68.7
P02898,R02898,Debit Card,Success,4.8
P02899,R02899,Debit Card,Failed,19.44
P02900,R02900,Credit Card,Pending,117.03
P02901,R02901,Credit Card,Success,131.78
P02902,R02902,Debit Card,Failed,89.65
P02903,R02903,UPI,Success,1.26
P02904,R02904,Credit Card,Success,63.64
P02905,R02905,Debit Card,Success,127.44
P02906,R02906,Credit Card,Pending,7.18
P02907,R02907,Credit Card,Failed,111.52
P02908,R02908,Credit Card,Failed,14.75
P02909,R02909,UPI,Failed,144.98
P02910,R02910,Credit Card,Pending,136.22
P02911,R02911,UPI,Failed,5.04
P02912,R02912,Cash,Pending,66.13
P02913,R02913,Debit Card,Pending,120.67
P02914,R02914,Credit Card,Pending,28.99
P02915,R02915,UPI,Success,74.39
P02916,R02916,Cash,Pending,43.26
P02917,R02917,Cash,Failed,35.07
P02918,R02918,Credit Card,Pending,19.65
P02919,R02919,Cash,Pending,144.78
P02920,R02920,Credit Card,Failed,132.56
P02921,R02921,Credit Card,Success,144.14
P02922,R02922,Cash,Pending,14.06
P02923,R02923,Debit Card,Pending,63.33
P02924,R02924,Credit Card,Failed,18.11
P02925,R02925,Credit Card,Success,94.87
P02926,R02926,Cash,Success,78.58
P02927,R02927,UPI,Failed,126.9
P02928,R02928,UPI,Pending,40.47
P02929,R02929,Credit Card,Failed,107.27
P02930,R02930,UPI,Failed,61.8
P02931,R02931,Cash,Pending,50.22
P02932,R02932,Debit Card,Success,109.32
P02933,R02933,Cash,Pending,80.26
P02934,R02934,Debit Card,Pending,107.48
P02935,R02935,Cash,Success,29.94
P02936,R02936,Credit Card,Pending,108.99
P02937,R02937,Cash,Success,27.02
P02938,R02938,Debit Card,Pending,98.29
P02939,R02939,Credit Card,Success,141.83
P02940,R02940,Debit Card,Failed,140.72
P02941,R02941,Credit Card,Failed,48.1
P02942,R02942,Credit Card,Failed,98.57
P02943,R02943,Cash,Success,97.05
P02944,R02944,Debit Card,Pending,14.91
P02945,R02945,Credit Card,Failed,21.69
P02946,R02946,Cash,Pending,29.52
P02947,R02947,Credit Card,Failed,116.32
P02948,R02948,Credit Card,Success,53.34
P02949,R02949,Credit Card,Success,47.53
P02950,R02950,UPI,Pending,96.4
P02951,R02951,UPI,Pending,55.88
P02952,R02952,Debit Card,Success,52.96
P02953,R02953,UPI,Failed,14.71
P02954,R02954,UPI,Success,79.25
P02955,R02955,Cash,Failed,3.39
P02956,R02956,UPI,Failed,140.03
P02957,R02957,Credit Card,Success,99.8
P02958,R02958,Debit Card,Failed,71.97
P02959,R02959,UPI,Failed,29.42
P02960,R02960,Cash,Success,124.21
P02961,R02961,Debit Card,Pending,47.93
P02962,R02962,UPI,Pending,131.65
P02963,R02963,Debit Card,Pending,15.49
P02964,R02964,Debit Card,Pending,2.23
P02965,R02965,UPI,Pending,73.55
P02966,R02966,Credit Card,Pending,38.42
P02967,R02967,Credit Card,Failed,67.99
P02968,R02968,UPI,Failed,141.92
P02969,R02969,Credit Card,Success,101.99
P02970,R02970,Cash,Failed,33.68
P02971,R02971,Credit Card,Failed,139.69
P02972,R02972,Cash,Pending,56.15
P02973,R02973,Credit Card,Pending,32.06
P02974,R02974,Debit Card,Success,62.53
P02975,R02975,Credit Card,Pending,120.15
P02976,R02976,Cash,Failed,80.73
P02977,R02977,Credit Card,Pending,35.32
P02978,R02978,Debit Card,Pending,3.49
P02979,R02979,Credit Card,Failed,22.45
P02980,R02980,Cash,Pending,42.08
P02981,R02981,Cash,Success,144.38
P02982,R02982,Credit Card,Pending,90.34
P02983,R02983,Cash,Success,138.24
P02984,R02984,Credit Card,Pending,127.97
P02985,R02985,Cash,Failed,10.44
P02986,R02986,Credit Card,Success,26.3
P02987,R02987,Cash,Success,84.88
P02988,R02988,Credit Card,Success,117.96
P02989,R02989,Debit Card,Success,5.49
P02990,R02990,Debit Card,Pending,15.0
P02991,R02991,Cash,Success,101.34
P02992,R02992,Credit Card,Pending,4.64
P02993,R02993,UPI,Success,79.24
P02994,R02994,Credit Card,Pending,10.51
P02995,R02995,Cash,Pending,80.24
P02996,R02996,Debit Card,Failed,138.89
P02997,R02997,UPI,Success,5.04
P02998,R02998,UPI,Pending,130.92
P02999,R02999,UPI,Pending,124.43
P03000,R03000,Debit Card,Pending,72.05
P03001,R03001,UPI,Success,56.47
P03002,R03002,Debit Card,Pending,67.03
P03003,R03003,Debit Card,Success,88.28
P03004,R03004,Cash,Success,62.4
P03005,R03005,Debit Card,Failed,62.4
P03006,R03006,Cash,Success,3.98
P03007,R03007,UPI,Success,55.97
P03008,R03008,Debit Card,Failed,26.04
P03009,R03009,UPI,Failed,141.54
P03010,R03010,Cash,Failed,108.48
P03011,R03011,Credit Card,Failed,111.94
P03012,R03012,Debit Card,Failed,72.74
P03013,R03013,Cash,Success,149.91
P03014,R03014,Debit Card,Pending,111.95
P03015,R03015,Cash,Failed,80.96
P03016,R03016,Debit Card,Success,42.34
P03017,R03017,Cash,Success,72.88
P03018,R03018,Cash,Success,127.02
P03019,R03019,UPI,Success,100.78
P03020,R03020,Credit Card,Failed,47.61
P03021,R03021,Cash,Success,30.01
P03022,R03022,Cash,Pending,142.44
P03023,R03023,Debit Card,Failed,137.94
P03024,R03024,Debit Card,Pending,121.33
P03025,R03025,Cash,Pending,39.47
P03026,R03026,Cash,Success,30.27
P03027,R03027,Credit Card,Failed,5.12
P03028,R03028,Debit Card,Success,13.89
P03029,R03029,UPI,Failed,15.59
P03030,R03030,Credit Card,Pending,43.36
P03031,R03031,Cash,Pending,124.42
P03032,R03032,Debit Card,Failed,55.72
P03033,R03033,UPI,Success,144.12
P03034,R03034,Cash,Pending,20.48
P03035,R03035,UPI,Success,23.13
P03036,R03036,Debit Card,Success,50.03
P03037,R03037,UPI,Failed,95.55
P03038,R03038,Credit Card,Pending,60.48
P03039,R03039,Debit Card,Failed,21.11
P03040,R03040,UPI,Success,82.8
P03041,R03041,Debit Card,Failed,36.79
P03042,R03042,UPI,Pending,77.17
P03043,R03043,Credit Card,Success,73.52
P03044,R03044,Credit Card,Failed,38.22
P03045,R03045,Credit Card,Success,5.31
P03046,R03046,UPI,Success,69.32
P03047,R03047,Debit Card,Failed,67.64
P03048,R03048,Debit Card,Failed,34.52
P03049,R03049,UPI,Success,43.43
P03050,R03050,Debit Card,Failed,32.46
P03051,R03051,Cash,Failed,100.56
P03052,R03052,Debit Card,Failed,134.82
P03053,R03053,Credit Card,Success,62.86
P03054,R03054,Debit Card,Success,144.59
P03055,R03055,Cash,Failed,9.67
P03056,R03056,Credit Card,Failed,1.27
P03057,R03057,Cash,Pending,124.0
P03058,R03058,Credit Card,Success,140.05
P03059,R03059,UPI,Success,81.93
P03060,R03060,Debit Card,Failed,43.12
P03061,R03061,UPI,Pending,94.52
P03062,R03062,UPI,Pending,103.61
P03063,R03063,Credit Card,Success,122.89
P03064,R03064,Credit Card,Success,45.17
P03065,R03065,UPI,Pending,52.79
P03066,R03066,Credit Card,Success,9.12
P03067,R03067,Cash,Failed,101.81
P03068,R03068,Cash,Pending,138.35
P03069,R03069,Credit Card,Failed,121.47
P03070,R03070,Cash,Failed,23.31
P03071,R03071,Debit Card,Pending,53.29
P03072,R03072,UPI,Success,149.89
P03073,R03073,UPI,Success,39.76
P03074,R03074,Debit Card,Pending,7.08
P03075,R03075,Debit Card,Pending,148.27
P03076,R03076,Cash,Pending,88.75
P03077,R03077,Cash,Failed,66.05
P03078,R03078,UPI,Pending,29.16
P03079,R03079,Cash,Failed,41.9
P03080,R03080,Debit Card,Failed,108.76
P03081,R03081,Cash,Pending,127.86
P03082,R03082,Debit Card,Success,100.15
P03083,R03083,Cash,Pending,72.07
P03084,R03084,Cash,Success,35.24
P03085,R03085,Debit Card,Failed,135.85
P03086,R03086,Debit Card,Pending,103.0
P03087,R03087,Cash,Pending,9.14
P03088,R03088,Cash,Success,56.32
P03089,R03089,Debit Card,Failed,53.87
P03090,R03090,UPI,Failed,105.23
P03091,R03091,Cash,Success,70.36
P03092,R03092,Debit Card,Pending,37.03
P03093,R03093,Credit Card,Pending,105.45
P03094,R03094,Debit Card,Failed,75.61
P03095,R03095,UPI,Failed,67.59
P03096,R03096,Cash,Success,116.91
P03097,R03097,Credit Card,Pending,7.78
P03098,R03098,UPI,Pending,71.24
P03099,R03099,Credit Card,Failed,84.21
P03100,R03100,Credit Card,Success,121.5
P03101,R03101,Cash,Pending,81.11
P03102,R03102,UPI,Success,78.66
P03103,R03103,Credit Card,Failed,76.57
P03104,R03104,UPI,Pending,44.69
P03105,R03105,Debit Card,Failed,111.99
P03106,R03106,Debit Card,Failed,123.54
P03107,R03107,Cash,Success,149.78
P03108,R03108,UPI,Failed,17.1
P03109,R03109,Cash,Success,18.06
P03110,R03110,Credit Card,Pending,37.29
P03111,R03111,Credit Card,Pending,42.45
P03112,R03112,Credit Card,Success,29.04
P03113,R03113,Cash,Success,15.53
P03114,R03114,Debit Card,Failed,10.54
P03115,R03115,Credit Card,Failed,63.5
P03116,R03116,Debit Card,Failed,11.24
P03117,R03117,Cash,Success,121.04
P03118,R03118,UPI,Failed,34.07
P03119,R03119,UPI,Pending,4.84
P03120,R03120,Cash,Success,3.68
P03121,R03121,UPI,Pending,79.99
P03122,R03122,Credit Card,Pending,7.87
P03123,R03123,Cash,Failed,134.99
P03124,R03124,Cash,Failed,32.23
P03125,R03125,Credit Card,Pending,15.02
P03126,R03126,Debit Card,Success,7.53
P03127,R03127,Credit Card,Failed,48.37
P03128,R03128,Debit Card,Success,126.62
P03129,R03129,Credit Card,Failed,75.88
P03130,R03130,UPI,Pending,8.52
P03131,R03131,Cash,Success,37.32
P03132,R03132,Debit Card,Failed,94.15
P03133,R03133,Debit Card,Pending,140.62
P03134,R03134,Debit Card,Pending,38.83
P03135,R03135,Credit Card,Pending,144.05
P03136,R03136,Debit Card,Pending,80.13
P03137,R03137,Cash,Pending,91.47
P03138,R03138,Credit Card,Pending,6.0
P03139,R03139,Credit Card,Success,116.25
P03140,R03140,Cash,Success,26.92
P03141,R03141,UPI,Failed,31.8
P03142,R03142,Credit Card,Failed,113.12
P03143,R03143,Debit Card,Failed,115.71
P03144,R03144,Cash,Pending,83.37
P03145,R03145,Debit Card,Failed,143.92
P03146,R03146,Cash,Pending,30.32
P03147,R03147,Credit Card,Success,75.88
P03148,R03148,Debit Card,Pending,58.39
P03149,R03149,Debit Card,Success,54.64
P03150,R03150,Debit Card,Success,98.87
P03151,R03151,Debit Card,Failed,69.19
P03152,R03152,UPI,Pending,72.3
P03153,R03153,UPI,Pending,77.44
P03154,R03154,Credit Card,Failed,80.72
P03155,R03155,Cash,Success,91.47
P03156,R03156,Credit Card,Pending,79.46
P03157,R03157,Cash,Success,112.95
P03158,R03158,Credit Card,Failed,36.73
P03159,R03159,Debit Card,Success,59.93
P03160,R03160,Cash,Failed,116.88
P03161,R03161,Cash,Failed,81.42
P03162,R03162,Cash,Success,118.53
P03163,R03163,Debit Card,Success,84.62
P03164,R03164,Cash,Failed,140.38
P03165,R03165,Credit Card,Failed,140.94
P03166,R03166,UPI,Pending,131.12
P03167,R03167,Debit Card,Failed,20.32
P03168,R03168,Cash,Success,68.39
P03169,R03169,Credit Card,Failed,26.34
P03170,R03170,Debit Card,Success,110.44
P03171,R03171,Debit Card,Pending,42.53
P03172,R03172,UPI,Failed,143.62
P03173,R03173,UPI,Pending,116.57
P03174,R03174,Debit Card,Pending,128.48
P03175,R03175,Cash,Success,73.15
P03176,R03176,UPI,Failed,72.53
P03177,R03177,UPI,Failed,42.29
P03178,R03178,Debit Card,Failed,97.72
P03179,R03179,Cash,Pending,124.23
P03180,R03180,UPI,Failed,137.33
P03181,R03181,UPI,Success,136.75
P03182,R03182,Debit Card,Pending,74.22
P03183,R03183,Debit Card,Failed,116.52
P03184,R03184,Credit Card,Success,36.73
P03185,R03185,Credit Card,Pending,142.58
P03186,R03186,Credit Card,Failed,147.2
P03187,R03187,Credit Card,Success,107.83
P03188,R03188,Credit Card,Pending,8.04
P03189,R03189,Debit Card,Pending,44.82
P03190,R03190,Debit Card,Pending,52.96
P03191,R03191,Cash,Pending,30.79
P03192,R03192,UPI,Success,59.99
P03193,R03193,UPI,Failed,145.16
P03194,R03194,Credit Card,Failed,104.33
P03195,R03195,Cash,Pending,60.98
P03196,R03196,Debit Card,Failed,85.59
P03197,R03197,Cash,Success,139.24
P03198,R03198,Credit Card,Failed,52.88
P03199,R03199,Credit Card,Pending,145.69
P03200,R03200,Cash,Failed,136.8
P03201,R03201,UPI,Pending,122.55
P03202,R03202,UPI,Pending,29.25
P03203,R03203,Debit Card,Failed,40.45
P03204,R03204,Debit Card,Pending,128.33
P03205,R03205,UPI,Pending,13.46
P03206,R03206,Credit Card,Success,23.0
P03207,R03207,Debit Card,Failed,131.65
P03208,R03208,Credit Card,Pending,2.36
P03209,R03209,Cash,Success,140.83
P03210,R03210,Credit Card,Pending,60.1
P03211,R03211,Debit Card,Success,49.51
P03212,R03212,Debit Card,Pending,45.21
P03213,R03213,Debit Card,Pending,41.86
P03214,R03214,UPI,Success,126.64
P03215,R03215,Cash,Success,138.0
P03216,R03216,Cash,Success,126.4
P03217,R03217,Debit Card,Failed,121.04
P03218,R03218,Cash,Success,23.54
P03219,R03219,UPI,Failed,68.03
P03220,R03220,Credit Card,Pending,87.54
P03221,R03221,Credit Card,Pending,35.81
P03222,R03222,UPI,Success,100.92
P03223,R03223,UPI,Pending,89.18
P03224,R03224,UPI,Success,86.92
P03225,R03225,Cash,Pending,38.08
P03226,R03226,Cash,Pending,20.61
P03227,R03227,Cash,Success,107.81
P03228,R03228,Debit Card,Pending,26.63
P03229,R03229,Credit Card,Pending,40.6
P03230,R03230,Debit Card,Failed,144.57
P03231,R03231,UPI,Success,46.57
P03232,R03232,Credit Card,Failed,43.34
P03233,R03233,Cash,Pending,41.23
P03234,R03234,Cash,Pending,7.18
P03235,R03235,UPI,Pending,96.12
P03236,R03236,UPI,Success,10.97
P03237,R03237,Credit Card,Success,114.56
P03238,R03238,Cash,Failed,2.42
P03239,R03239,Cash,Success,11.06
P03240,R03240,Cash,Success,58.28
P03241,R03241,Debit Card,Pending,67.27
P03242,R03242,Cash,Success,70.71
P03243,R03243,Debit Card,Pending,53.79
P03244,R03244,Cash,Pending,90.69
P03245,R03245,UPI,Failed,137.33
P03246,R03246,Credit Card,Success,120.3
P03247,R03247,UPI,Pending,106.32
P03248,R03248,Cash,Success,72.01
P03249,R03249,Debit Card,Pending,61.77
P03250,R03250,UPI,Failed,130.78
P03251,R03251,UPI,Pending,41.92
P03252,R03252,UPI,Failed,140.84
P03253,R03253,UPI,Pending,30.82
P03254,R03254,UPI,Failed,0.43
P03255,R03255,Credit Card,Pending,95.27
P03256,R03256,Credit Card,Success,113.61
P03257,R03257,Debit Card,Failed,133.4
P03258,R03258,UPI,Failed,24.28
P03259,R03259,UPI,Failed,28.06
P03260,R03260,UPI,Failed,53.49
P03261,R03261,UPI,Pending,137.6
P03262,R03262,UPI,Pending,26.95
P03263,R03263,Credit Card,Pending,65.08
P03264,R03264,UPI,Success,61.12
P03265,R03265,Cash,Pending,116.76
P03266,R03266,Cash,Pending,117.01
P03267,R03267,UPI,Pending,104.8
P03268,R03268,UPI,Pending,88.14
P03269,R03269,Debit Card,Success,65.1
P03270,R03270,UPI,Failed,17.77
P03271,R03271,Credit Card,Failed,17.49
P03272,R03272,Cash,Pending,133.08
P03273,R03273,Debit Card,Failed,17.61
P03274,R03274,Debit Card,Failed,38.1
P03275,R03275,Credit Card,Pending,14.56
P03276,R03276,Debit Card,Pending,132.81
P03277,R03277,UPI,Pending,126.81
P03278,R03278,Debit Card,Success,129.58
P03279,R03279,UPI,Success,13.08
P03280,R03280,Cash,Failed,14.88
P03281,R03281,UPI,Failed,81.55
P03282,R03282,Cash,Failed,55.48
P03283,R03283,UPI,Failed,149.36
P03284,R03284,Credit Card,Success,12.1
P03285,R03285,UPI,Success,58.74
P03286,R03286,Credit Card,Pending,45.35
P03287,R03287,Credit Card,Pending,69.51
P03288,R03288,Debit Card,Pending,18.2
P03289,R03289,UPI,Pending,36.88
P03290,R03290,Credit Card,Success,97.83
P03291,R03291,Cash,Pending,55.49
P03292,R03292,Credit Card,Failed,58.36
P03293,R03293,UPI,Failed,131.65
P03294,R03294,UPI,Failed,38.04
P03295,R03295,UPI,Failed,132.19
P03296,R03296,UPI,Pending,55.32
P03297,R03297,Cash,Success,26.84
P03298,R03298,Credit Card,Success,85.34
P03299,R03299,UPI,Success,59.09
P03300,R03300,Debit Card,Pending,139.67
P03301,R03301,Cash,Pending,73.4
P03302,R03302,Debit Card,Pending,105.92
P03303,R03303,Cash,Failed,30.17
P03304,R03304,Debit Card,Success,115.06
P03305,R03305,Debit Card,Success,28.52
P03306,R03306,Cash,Success,141.29
P03307,R03307,Cash,Failed,130.35
P03308,R03308,Credit Card,Pending,58.07
P03309,R03309,Debit Card,Failed,119.42
P03310,R03310,Debit Card,Pending,113.38
P03311,R03311,Credit Card,Pending,120.92
P03312,R03312,Debit Card,Success,59.58
P03313,R03313,UPI,Pending,23.49
P03314,R03314,Cash,Success,117.46
P03315,R03315,Credit Card,Failed,60.57
P03316,R03316,Debit Card,Success,90.71
P03317,R03317,Credit Card,Success,34.72
P03318,R03318,Credit Card,Success,128.1
P03319,R03319,Cash,Pending,60.74
P03320,R03320,Credit Card,Failed,9.01
P03321,R03321,Cash,Success,89.17
P03322,R03322,UPI,Failed,1.65
P03323,R03323,UPI,Success,101.9
P03324,R03324,Credit Card,Pending,149.46
P03325,R03325,Credit Card,Failed,95.52
P03326,R03326,UPI,Success,80.25
P03327,R03327,Cash,Pending,47.43
P03328,R03328,Debit Card,Failed,85.03
P03329,R03329,Cash,Failed,42.23
P03330,R03330,Cash,Failed,144.45
P03331,R03331,UPI,Pending,92.34
P03332,R03332,Credit Card,Success,71.75
P03333,R03333,UPI,Pending,120.12
P03334,R03334,UPI,Pending,31.96
P03335,R03335,Credit Card,Pending,34.43
P03336,R03336,Debit Card,Failed,60.89
P03337,R03337,Debit Card,Success,101.61
P03338,R03338,UPI,Pending,24.84
P03339,R03339,Cash,Pending,120.13
P03340,R03340,Credit Card,Pending,131.06
P03341,R03341,Cash,Failed,15.16
P03342,R03342,UPI,Failed,129.75
P03343,R03343,Debit Card,Failed,143.84
P03344,R03344,Debit Card,Pending,9.75
P03345,R03345,Debit Card,Failed,38.77
P03346,R03346,Credit Card,Failed,8.84
P03347,R03347,UPI,Pending,51.84
P03348,R03348,Credit Card,Failed,17.27
P03349,R03349,Credit Card,Success,66.47
P03350,R03350,Credit Card,Success,149.74
P03351,R03351,Credit Card,Success,55.28
P03352,R03352,Cash,Pending,42.93
P03353,R03353,UPI,Failed,101.42
P03354,R03354,Debit Card,Failed,89.84
P03355,R03355,Credit Card,Success,57.87
P03356,R03356,UPI,Success,141.61
P03357,R03357,UPI,Pending,130.35
P03358,R03358,UPI,Pending,56.5
P03359,R03359,Debit Card,Pending,147.01
P03360,R03360,Debit Card,Failed,96.07
P03361,R03361,Credit Card,Failed,70.52
P03362,R03362,UPI,Pending,107.83
P03363,R03363,UPI,Pending,61.15
P03364,R03364,Debit Card,Success,20.97
P03365,R03365,Cash,Success,44.39
P03366,R03366,Credit Card,Failed,61.43
P03367,R03367,Debit Card,Failed,118.87
P03368,R03368,UPI,Pending,89.95
P03369,R03369,Cash,Pending,54.94
P03370,R03370,Credit Card,Pending,5.37
P03371,R03371,Cash,Pending,142.26
P03372,R03372,Credit Card,Pending,32.08
P03373,R03373,Credit Card,Failed,141.55
P03374,R03374,Credit Card,Pending,19.31
P03375,R03375,Cash,Failed,105.53
P03376,R03376,UPI,Failed,6.62
P03377,R03377,Cash,Success,73.98
P03378,R03378,Credit Card,Failed,103.42
P03379,R03379,UPI,Pending,112.68
P03380,R03380,Cash,Pending,137.95
P03381,R03381,Debit Card,Failed,113.99
P03382,R03382,Cash,Failed,104.76
P03383,R03383,Credit Card,Failed,126.12
P03384,R03384,Credit Card,Failed,132.93
P03385,R03385,Debit Card,Pending,15.24
P03386,R03386,Debit Card,Pending,139.35
P03387,R03387,Debit Card,Failed,60.14
P03388,R03388,Credit Card,Success,29.37
P03389,R03389,Credit Card,Failed,117.14
P03390,R03390,Debit Card,Failed,114.33
P03391,R03391,Credit Card,Pending,3.99
P03392,R03392,Cash,Success,95.45
P03393,R03393,UPI,Pending,147.38
P03394,R03394,Debit Card,Failed,23.85
P03395,R03395,Cash,Failed,99.35
P03396,R03396,Debit Card,Pending,38.85
P03397,R03397,Debit Card,Pending,67.28
P03398,R03398,UPI,Pending,23.67
P03399,R03399,Cash,Success,106.35
P03400,R03400,Credit Card,Success,136.88
P03401,R03401,Credit Card,Pending,23.24
P03402,R03402,Credit Card,Success,57.41
P03403,R03403,UPI,Failed,82.63
P03404,R03404,Cash,Success,79.82
P03405,R03405,Credit Card,Failed,8.78
P03406,R03406,UPI,Failed,114.34
P03407,R03407,Credit Card,Failed,9.98
P03408,R03408,Credit Card,Failed,70.54
P03409,R03409,Cash,Failed,67.34
P03410,R03410,UPI,Success,31.2
P03411,R03411,Cash,Failed,90.57
P03412,R03412,Cash,Success,86.41
P03413,R03413,Debit Card,Failed,85.78
P03414,R03414,UPI,Success,65.9
P03415,R03415,Cash,Success,88.45
P03416,R03416,Credit Card,Success,103.75
P03417,R03417,Cash,Failed,84.77
P03418,R03418,UPI,Success,148.12
P03419,R03419,Debit Card,Failed,138.73
P03420,R03420,UPI,Success,101.05
P03421,R03421,Debit Card,Success,118.11
P03422,R03422,UPI,Pending,56.62
P03423,R03423,Credit Card,Pending,13.7
P03424,R03424,Cash,Success,44.02
P03425,R03425,UPI,Success,107.57
P03426,R03426,Debit Card,Failed,122.11
P03427,R03427,Credit Card,Pending,114.13
P03428,R03428,Credit Card,Success,86.14
P03429,R03429,Debit Card,Success,142.62
P03430,R03430,Credit Card,Failed,116.97
P03431,R03431,UPI,Failed,39.12
P03432,R03432,UPI,Failed,44.82
P03433,R03433,Cash,Success,123.77
P03434,R03434,UPI,Pending,13.46
P03435,R03435,Credit Card,Success,106.44
P03436,R03436,Cash,Success,95.34
P03437,R03437,Cash,Success,6.71
P03438,R03438,Debit Card,Success,136.12
P03439,R03439,Debit Card,Failed,121.7
P03440,R03440,Cash,Success,45.6
P03441,R03441,Credit Card,Pending,59.2
P03442,R03442,Debit Card,Pending,103.35
P03443,R03443,Credit Card,Success,136.85
P03444,R03444,Debit Card,Failed,125.4
P03445,R03445,UPI,Failed,16.88
P03446,R03446,Cash,Success,31.76
P03447,R03447,Debit Card,Pending,143.98
P03448,R03448,UPI,Failed,7.96
P03449,R03449,Debit Card,Success,41.36
P03450,R03450,Credit Card,Success,66.34
P03451,R03451,Debit Card,Success,62.33
P03452,R03452,UPI,Pending,3.18
P03453,R03453,Debit Card,Success,27.23
P03454,R03454,Debit Card,Success,88.04
P03455,R03455,Cash,Failed,13.56
P03456,R03456,Debit Card,Pending,57.91
P03457,R03457,Debit Card,Failed,18.1
P03458,R03458,Credit Card,Failed,116.32
P03459,R03459,Debit Card,Pending,142.61
P03460,R03460,UPI,Failed,38.67
P03461,R03461,Credit Card,Success,132.21
P03462,R03462,Debit Card,Pending,149.68
P03463,R03463,UPI,Failed,109.81
P03464,R03464,UPI,Failed,36.16
P03465,R03465,UPI,Success,45.57
P03466,R03466,Credit Card,Failed,41.64
P03467,R03467,UPI,Pending,107.01
P03468,R03468,Credit Card,Failed,12.75
P03469,R03469,UPI,Failed,115.0
P03470,R03470,Cash,Pending,20.46
P03471,R03471,Cash,Failed,116.97
P03472,R03472,Debit Card,Pending,125.97
P03473,R03473,Credit Card,Success,82.15
P03474,R03474,Debit Card,Pending,8.08
P03475,R03475,UPI,Failed,106.45
P03476,R03476,Cash,Success,5.67
P03477,R03477,Credit Card,Failed,52.85
P03478,R03478,UPI,Success,96.96
P03479,R03479,Debit Card,Failed,16.08
P03480,R03480,Debit Card,Failed,33.1
P03481,R03481,Debit Card,Failed,92.7
P03482,R03482,Debit Card,Pending,69.97
P03483,R03483,Debit Card,Failed,145.66
P03484,R03484,Credit Card,Success,126.61
P03485,R03485,Credit Card,Success,68.21
P03486,R03486,Credit Card,Success,71.49
P03487,R03487,Credit Card,Pending,122.11
P03488,R03488,Cash,Pending,28.77
P03489,R03489,Debit Card,Failed,27.68
P03490,R03490,Cash,Pending,6.0
P03491,R03491,Debit Card,Success,32.79
P03492,R03492,Cash,Failed,104.01
P03493,R03493,Debit Card,Success,68.27
P03494,R03494,Cash,Pending,11.4
P03495,R03495,UPI,Success,19.49
P03496,R03496,Cash,Failed,124.02
P03497,R03497,Cash,Success,95.65
P03498,R03498,Cash,Pending,128.11
P03499,R03499,Cash,Success,39.04
P03500,R03500,Cash,Pending,109.35
P03501,R03501,Cash,Pending,110.05
P03502,R03502,Credit Card,Success,54.37
P03503,R03503,Debit Card,Success,12.72
P03504,R03504,Debit Card,Pending,77.21
P03505,R03505,UPI,Success,58.37
P03506,R03506,Cash,Failed,5.48
P03507,R03507,Credit Card,Pending,9.53
P03508,R03508,Cash,Pending,33.45
P03509,R03509,Debit Card,Pending,42.15
P03510,R03510,Credit Card,Success,51.66
P03511,R03511,Cash,Failed,78.59
P03512,R03512,UPI,Success,97.24
P03513,R03513,Credit Card,Pending,7.62
P03514,R03514,UPI,Failed,8.69
P03515,R03515,Cash,Success,111.24
P03516,R03516,Debit Card,Success,25.45
P03517,R03517,Credit Card,Success,41.4
P03518,R03518,Credit Card,Failed,47.38
P03519,R03519,Credit Card,Success,12.66
P03520,R03520,Debit Card,Failed,28.73
P03521,R03521,UPI,Failed,133.13
P03522,R03522,Credit Card,Failed,96.98
P03523,R03523,Credit Card,Failed,89.61
P03524,R03524,Debit Card,Pending,40.66
P03525,R03525,Cash,Failed,117.39
P03526,R03526,Debit Card,Success,21.19
P03527,R03527,Debit Card,Failed,51.36
P03528,R03528,UPI,Failed,87.75
P03529,R03529,UPI,Pending,99.63
P03530,R03530,Credit Card,Failed,57.12
P03531,R03531,Cash,Failed,11.34
P03532,R03532,Cash,Pending,9.57
P03533,R03533,Cash,Success,116.41
P03534,R03534,Debit Card,Success,36.28
P03535,R03535,Cash,Pending,45.45
P03536,R03536,Cash,Failed,97.38
P03537,R03537,Credit Card,Failed,129.01
P03538,R03538,Debit Card,Success,108.73
P03539,R03539,Credit Card,Failed,104.22
P03540,R03540,Debit Card,Failed,44.47
P03541,R03541,UPI,Success,56.14
P03542,R03542,UPI,Success,104.51
P03543,R03543,Debit Card,Pending,24.59
P03544,R03544,Credit Card,Pending,111.46
P03545,R03545,UPI,Failed,109.24
P03546,R03546,Credit Card,Failed,37.26
P03547,R03547,UPI,Pending,126.24
P03548,R03548,Cash,Failed,5.6
P03549,R03549,Debit Card,Pending,35.94
P03550,R03550,Cash,Success,3.75
P03551,R03551,UPI,Failed,12.71
P03552,R03552,Credit Card,Failed,34.88
P03553,R03553,UPI,Success,52.76
P03554,R03554,Debit Card,Pending,88.34
P03555,R03555,Credit Card,Failed,16.77
P03556,R03556,UPI,Failed,111.79
P03557,R03557,Debit Card,Success,82.6
P03558,R03558,UPI,Pending,125.88
P03559,R03559,Debit Card,Failed,98.99
P03560,R03560,Debit Card,Pending,97.78
P03561,R03561,Debit Card,Success,72.94
P03562,R03562,Cash,Failed,85.41
P03563,R03563,Credit Card,Failed,97.65
P03564,R03564,Cash,Failed,110.56
P03565,R03565,Credit Card,Success,64.73
P03566,R03566,Debit Card,Success,140.26
P03567,R03567,Credit Card,Success,117.54
P03568,R03568,UPI,Pending,87.35
P03569,R03569,Debit Card,Failed,86.79
P03570,R03570,Cash,Success,30.65
P03571,R03571,Debit Card,Pending,20.26
P03572,R03572,Credit Card,Failed,76.4
P03573,R03573,Cash,Pending,99.87
P03574,R03574,Credit Card,Failed,13.18
P03575,R03575,Debit Card,Failed,14.79
P03576,R03576,Debit Card,Failed,40.05
P03577,R03577,Debit Card,Success,113.22
P03578,R03578,Cash,Pending,78.09
P03579,R03579,Credit Card,Pending,31.14
P03580,R03580,Credit Card,Failed,50.31
P03581,R03581,Cash,Pending,138.96
P03582,R03582,Cash,Success,123.88
P03583,R03583,Debit Card,Pending,84.05
P03584,R03584,UPI,Success,104.55
P03585,R03585,UPI,Success,57.82
P03586,R03586,Debit Card,Pending,111.76
P03587,R03587,Debit Card,Pending,82.03
P03588,R03588,UPI,Success,10.92
P03589,R03589,Credit Card,Failed,132.38
P03590,R03590,UPI,Pending,32.8
P03591,R03591,UPI,Success,52.03
P03592,R03592,Debit Card,Success,98.78
P03593,R03593,Debit Card,Success,58.26
P03594,R03594,Debit Card,Pending,78.15
P03595,R03595,Credit Card,Failed,90.96
P03596,R03596,Credit Card,Failed,30.18
P03597,R03597,Debit Card,Success,76.54
P03598,R03598,Credit Card,Pending,95.84
P03599,R03599,Debit Card,Failed,1.0
P03600,R03600,UPI,Failed,129.91
P03601,R03601,Debit Card,Pending,11.5
P03602,R03602,UPI,Pending,142.23
P03603,R03603,Debit Card,Success,141.84
P03604,R03604,Debit Card,Pending,65.13
P03605,R03605,UPI,Pending,148.41
P03606,R03606,Credit Card,Success,136.38
P03607,R03607,UPI,Pending,71.28
P03608,R03608,Cash,Pending,124.59
P03609,R03609,Cash,Success,147.01
P03610,R03610,Cash,Failed,60.55
P03611,R03611,UPI,Success,103.81
P03612,R03612,Credit Card,Pending,97.42
P03613,R03613,UPI,Pending,83.15
P03614,R03614,Cash,Success,73.74
P03615,R03615,Credit Card,Failed,48.09
P03616,R03616,Cash,Failed,114.8
P03617,R03617,Cash,Pending,68.01
P03618,R03618,UPI,Pending,29.61
P03619,R03619,Cash,Success,24.58
P03620,R03620,Cash,Success,23.85
P03621,R03621,Cash,Failed,77.71
P03622,R03622,Credit Card,Failed,24.36
P03623,R03623,Credit Card,Success,8.45
P03624,R03624,Cash,Pending,137.13
P03625,R03625,UPI,Pending,95.97
P03626,R03626,UPI,Failed,125.87
P03627,R03627,Credit Card,Success,32.86
P03628,R03628,Cash,Success,114.18
P03629,R03629,UPI,Success,69.37
P03630,R03630,UPI,Failed,95.75
P03631,R03631,Cash,Failed,136.24
P03632,R03632,Debit Card,Pending,118.92
P03633,R03633,UPI,Pending,113.02
P03634,R03634,Cash,Success,42.82
P03635,R03635,Debit Card,Failed,113.32
P03636,R03636,Credit Card,Success,34.02
P03637,R03637,UPI,Pending,113.65
P03638,R03638,Debit Card,Success,75.7
P03639,R03639,UPI,Pending,8.32
P03640,R03640,Debit Card,Pending,82.61
P03641,R03641,Cash,Success,50.39
P03642,R03642,Cash,Failed,116.97
P03643,R03643,Cash,Success,62.97
P03644,R03644,Cash,Failed,29.73
P03645,R03645,Cash,Failed,9.79
P03646,R03646,Cash,Success,136.49
P03647,R03647,Credit Card,Success,120.61
P03648,R03648,UPI,Pending,140.3
P03649,R03649,Debit Card,Success,5.78
P03650,R03650,UPI,Pending,116.5
P03651,R03651,UPI,Pending,13.73
P03652,R03652,UPI,Pending,28.2
P03653,R03653,Cash,Failed,148.39
P03654,R03654,Cash,Success,139.1
P03655,R03655,Debit Card,Pending,125.13
P03656,R03656,Debit Card,Failed,68.73
P03657,R03657,Debit Card,Pending,144.69
P03658,R03658,Credit Card,Success,97.48
P03659,R03659,Cash,Success,68.7
P03660,R03660,Debit Card,Pending,137.27
P03661,R03661,UPI,Failed,92.18
P03662,R03662,Cash,Pending,36.19
P03663,R03663,Debit Card,Pending,100.34
P03664,R03664,Cash,Failed,142.91
P03665,R03665,UPI,Pending,61.83
P03666,R03666,UPI,Success,35.47
P03667,R03667,Cash,Failed,93.14
P03668,R03668,Debit Card,Pending,66.17
P03669,R03669,Cash,Failed,30.69
P03670,R03670,Credit Card,Failed,58.89
P03671,R03671,Debit Card,Failed,83.89
P03672,R03672,UPI,Failed,40.67
P03673,R03673,Cash,Failed,21.41
P03674,R03674,Credit Card,Success,42.07
P03675,R03675,Credit Card,Success,140.52
P03676,R03676,UPI,Failed,85.11
P03677,R03677,UPI,Success,104.23
P03678,R03678,Debit Card,Pending,73.26
P03679,R03679,Debit Card,Failed,21.12
P03680,R03680,Cash,Failed,62.66
P03681,R03681,Credit Card,Failed,59.02
P03682,R03682,UPI,Failed,33.71
P03683,R03683,Cash,Success,99.41
P03684,R03684,UPI,Failed,123.12
P03685,R03685,Credit Card,Success,1.74
P03686,R03686,Debit Card,Success,35.43
P03687,R03687,Debit Card,Pending,66.37
P03688,R03688,Debit Card,Success,88.26
P03689,R03689,UPI,Failed,137.67
P03690,R03690,Credit Card,Success,116.09
P03691,R03691,Credit Card,Pending,68.62
P03692,R03692,Debit Card,Failed,77.15
P03693,R03693,Debit Card,Pending,2.86
P03694,R03694,Credit Card,Success,59.05
P03695,R03695,Credit Card,Failed,41.47
P03696,R03696,UPI,Pending,109.7
P03697,R03697,UPI,Pending,58.95
P03698,R03698,Cash,Pending,136.02
P03699,R03699,UPI,Pending,79.9
P03700,R03700,Credit Card,Failed,1.96
P03701,R03701,Cash,Success,129.21
P03702,R03702,UPI,Failed,80.0
P03703,R03703,UPI,Success,2.22
P03704,R03704,Credit Card,Pending,7.63
P03705,R03705,Debit Card,Pending,79.07
P03706,R03706,Cash,Failed,85.94
P03707,R03707,Cash,Success,90.17
P03708,R03708,Cash,Pending,42.99
P03709,R03709,UPI,Failed,70.65
P03710,R03710,UPI,Pending,15.7
P03711,R03711,UPI,Failed,122.5
P03712,R03712,Credit Card,Pending,84.99
P03713,R03713,Cash,Pending,127.54
P03714,R03714,Credit Card,Success,1.01
P03715,R03715,Cash,Pending,15.38
P03716,R03716,Debit Card,Failed,95.17
P03717,R03717,UPI,Success,107.52
P03718,R03718,Cash,Pending,98.99
P03719,R03719,Credit Card,Failed,29.89
P03720,R03720,Debit Card,Pending,147.68
P03721,R03721,Cash,Pending,108.17
P03722,R03722,UPI,Failed,64.88
P03723,R03723,Debit Card,Pending,52.34
P03724,R03724,Cash,Pending,96.95
P03725,R03725,Cash,Pending,47.67
P03726,R03726,UPI,Pending,44.76
P03727,R03727,UPI,Pending,133.34
P03728,R03728,Cash,Pending,99.38
P03729,R03729,Debit Card,Failed,52.71
P03730,R03730,UPI,Success,83.78
P03731,R03731,Cash,Failed,125.35
P03732,R03732,Debit Card,Pending,46.75
P03733,R03733,Cash,Pending,12.06
P03734,R03734,Cash,Pending,8.64
P03735,R03735,Cash,Failed,101.9
P03736,R03736,Credit Card,Pending,14.62
P03737,R03737,Debit Card,Success,100.61
P03738,R03738,Debit Card,Success,36.99
P03739,R03739,Debit Card,Failed,14.79
P03740,R03740,Debit Card,Success,7.48
P03741,R03741,UPI,Failed,133.65
P03742,R03742,Cash,Success,76.73
P03743,R03743,Debit Card,Pending,45.98
P03744,R03744,Debit Card,Pending,15.55
P03745,R03745,Cash,Pending,130.05
P03746,R03746,Cash,Failed,97.01
P03747,R03747,UPI,Success,144.45
P03748,R03748,Cash,Failed,147.08
P03749,R03749,Credit Card,Failed,18.92
P03750,R03750,UPI,Failed,77.58
P03751,R03751,Cash,Pending,59.29
P03752,R03752,Credit Card,Success,19.95
P03753,R03753,Debit Card,Failed,21.27
P03754,R03754,Credit Card,Pending,94.07
P03755,R03755,UPI,Failed,4.73
P03756,R03756,Cash,Success,16.7
P03757,R03757,Cash,Success,35.01
P03758,R03758,Cash,Pending,96.06
P03759,R03759,Credit Card,Failed,121.18
P03760,R03760,Credit Card,Success,85.06
P03761,R03761,Credit Card,Success,9.56
P03762,R03762,Cash,Pending,49.55
P03763,R03763,Debit Card,Pending,95.68
P03764,R03764,UPI,Failed,16.63
P03765,R03765,Debit Card,Pending,122.47
P03766,R03766,UPI,Failed,138.96
P03767,R03767,UPI,Pending,58.01
P03768,R03768,Cash,Pending,90.93
P03769,R03769,Debit Card,Pending,149.56
P03770,R03770,Debit Card,Success,38.51
P03771,R03771,Debit Card,Success,122.32
P03772,R03772,Credit Card,Failed,6.33
P03773,R03773,UPI,Success,53.69
P03774,R03774,Debit Card,Success,45.11
P03775,R03775,Credit Card,Success,49.52
P03776,R03776,Cash,Success,127.53
P03777,R03777,Cash,Failed,18.21
P03778,R03778,Credit Card,Failed,9.17
P03779,R03779,UPI,Success,103.12
P03780,R03780,Cash,Success,40.84
P03781,R03781,Cash,Pending,53.43
P03782,R03782,Debit Card,Failed,10.09
P03783,R03783,Cash,Success,75.03
P03784,R03784,Debit Card,Failed,103.19
P03785,R03785,Credit Card,Pending,104.05
P03786,R03786,Credit Card,Failed,20.16
P03787,R03787,Cash,Success,130.97
P03788,R03788,Debit Card,Pending,136.48
P03789,R03789,Debit Card,Failed,25.34
P03790,R03790,Cash,Pending,17.38
P03791,R03791,Credit Card,Pending,107.15
P03792,R03792,Credit Card,Failed,27.16
P03793,R03793,UPI,Success,95.16
P03794,R03794,UPI,Failed,78.23
P03795,R03795,Debit Card,Failed,59.72
P03796,R03796,Debit Card,Failed,144.68
P03797,R03797,UPI,Pending,21.93
P03798,R03798,Debit Card,Success,66.8
P03799,R03799,Cash,Failed,21.77
P03800,R03800,Cash,Success,108.78
P03801,R03801,UPI,Pending,39.49
P03802,R03802,UPI,Pending,84.87
P03803,R03803,Debit Card,Pending,45.88
P03804,R03804,Cash,Pending,132.43
P03805,R03805,Debit Card,Pending,129.15
P03806,R03806,Cash,Success,0.84
P03807,R03807,Debit Card,Failed,101.69
P03808,R03808,Credit Card,Failed,125.69
P03809,R03809,Cash,Success,141.71
P03810,R03810,Credit Card,Success,69.15
P03811,R03811,Debit Card,Failed,140.38
P03812,R03812,UPI,Success,59.92
P03813,R03813,Credit Card,Success,109.62
P03814,R03814,Debit Card,Success,125.0
P03815,R03815,Debit Card,Success,21.7
P03816,R03816,Credit Card,Failed,67.13
P03817,R03817,UPI,Success,25.62
P03818,R03818,Credit Card,Failed,47.82
P03819,R03819,UPI,Failed,118.13
P03820,R03820,Credit Card,Pending,111.63
P03821,R03821,UPI,Failed,116.32
P03822,R03822,Cash,Failed,100.25
P03823,R03823,UPI,Pending,16.05
P03824,R03824,Debit Card,Failed,139.0
P03825,R03825,Debit Card,Pending,140.34
P03826,R03826,Cash,Pending,26.26
P03827,R03827,UPI,Success,60.45
P03828,R03828,Debit Card,Pending,115.74
P03829,R03829,Debit Card,Pending,34.63
P03830,R03830,Credit Card,Pending,75.52
P03831,R03831,UPI,Pending,41.35
P03832,R03832,Credit Card,Pending,134.34
P03833,R03833,UPI,Success,33.16
P03834,R03834,Cash,Failed,8.22
P03835,R03835,Credit Card,Failed,18.3
P03836,R03836,Credit Card,Success,95.57
P03837,R03837,Cash,Failed,7.1
P03838,R03838,Debit Card,Failed,61.28
P03839,R03839,Credit Card,Failed,144.6
P03840,R03840,Cash,Failed,103.89
P03841,R03841,Cash,Failed,74.66
P03842,R03842,Debit Card,Pending,7.77
P03843,R03843,UPI,Failed,38.32
P03844,R03844,Cash,Pending,50.98
P03845,R03845,Debit Card,Failed,121.83
P03846,R03846,UPI,Failed,107.58
P03847,R03847,Credit Card,Pending,144.71
P03848,R03848,Cash,Failed,13.4
P03849,R03849,Debit Card,Success,110.76
P03850,R03850,Debit Card,Failed,17.81
P03851,R03851,Debit Card,Failed,2.26
P03852,R03852,Credit Card,Failed,110.31
P03853,R03853,Debit Card,Failed,75.21
P03854,R03854,Cash,Failed,81.97
P03855,R03855,UPI,Pending,69.31
P03856,R03856,Credit Card,Pending,33.99
P03857,R03857,Credit Card,Success,102.14
P03858,R03858,UPI,Success,94.0
P03859,R03859,UPI,Failed,43.74
P03860,R03860,Debit Card,Pending,146.43
P03861,R03861,Cash,Failed,135.7
P03862,R03862,UPI,Success,123.28
P03863,R03863,UPI,Pending,108.22
P03864,R03864,Cash,Pending,96.53
P03865,R03865,Credit Card,Pending,13.17
P03866,R03866,UPI,Failed,35.85
P03867,R03867,Cash,Failed,46.98
P03868,R03868,UPI,Failed,120.31
P03869,R03869,Credit Card,Failed,87.9
P03870,R03870,Cash,Failed,40.55
P03871,R03871,Debit Card,Pending,105.68
P03872,R03872,Debit Card,Success,58.46
P03873,R03873,Cash,Success,119.23
P03874,R03874,UPI,Failed,14.69
P03875,R03875,Cash,Success,128.48
P03876,R03876,Debit Card,Success,120.73
P03877,R03877,Credit Card,Pending,130.47
P03878,R03878,UPI,Failed,32.71
P03879,R03879,Debit Card,Failed,2.7
P03880,R03880,UPI,Failed,78.75
P03881,R03881,Debit Card,Success,33.13
P03882,R03882,Cash,Success,49.59
P03883,R03883,Debit Card,Pending,86.67
P03884,R03884,Cash,Success,149.89
P03885,R03885,Debit Card,Failed,98.56
P03886,R03886,Cash,Success,95.9
P03887,R03887,UPI,Pending,132.32
P03888,R03888,Credit Card,Success,40.33
P03889,R03889,Cash,Pending,28.1
P03890,R03890,Cash,Failed,56.8
P03891,R03891,Credit Card,Pending,71.17
P03892,R03892,Debit Card,Pending,38.15
P03893,R03893,Debit Card,Pending,65.1
P03894,R03894,Debit Card,Pending,12.35
P03895,R03895,Cash,Pending,17.67
P03896,R03896,Credit Card,Pending,117.49
P03897,R03897,Credit Card,Pending,95.77
P03898,R03898,Credit Card,Failed,120.99
P03899,R03899,UPI,Pending,51.53
P03900,R03900,Cash,Pending,33.12
P03901,R03901,Debit Card,Failed,129.67
P03902,R03902,UPI,Success,140.99
P03903,R03903,Credit Card,Failed,31.96
P03904,R03904,UPI,Success,7.56
P03905,R03905,Debit Card,Pending,84.89
P03906,R03906,Cash,Success,142.76
P03907,R03907,Debit Card,Failed,115.37
P03908,R03908,Cash,Pending,37.08
P03909,R03909,UPI,Failed,99.73
P03910,R03910,Debit Card,Failed,76.2
P03911,R03911,Credit Card,Failed,37.43
P03912,R03912,UPI,Success,91.15
P03913,R03913,UPI,Pending,127.83
P03914,R03914,UPI,Failed,110.95
P03915,R03915,Debit Card,Pending,91.85
P03916,R03916,Credit Card,Success,133.43
P03917,R03917,Debit Card,Success,23.58
P03918,R03918,Debit Card,Failed,127.72
P03919,R03919,Cash,Pending,26.09
P03920,R03920,Debit Card,Failed,60.93
P03921,R03921,Cash,Pending,40.32
P03922,R03922,UPI,Failed,54.32
P03923,R03923,UPI,Failed,43.22
P03924,R03924,Cash,Pending,68.16
P03925,R03925,Debit Card,Failed,106.53
P03926,R03926,Debit Card,Failed,114.78
P03927,R03927,Cash,Pending,2.97
P03928,R03928,UPI,Success,51.89
P03929,R03929,Credit Card,Success,126.26
P03930,R03930,Credit Card,Success,105.44
P03931,R03931,Credit Card,Failed,69.26
P03932,R03932,UPI,Success,107.54
P03933,R03933,UPI,Success,20.94
P03934,R03934,Cash,Success,76.74
P03935,R03935,Debit Card,Failed,36.57
P03936,R03936,Credit Card,Failed,138.37
P03937,R03937,Credit Card,Failed,110.19
P03938,R03938,UPI,Success,104.02
P03939,R03939,Cash,Pending,140.9
P03940,R03940,Credit Card,Pending,66.51
P03941,R03941,Cash,Success,36.59
P03942,R03942,Debit Card,Pending,17.37
P03943,R03943,Credit Card,Pending,80.84
P03944,R03944,Debit Card,Success,108.45
P03945,R03945,Cash,Failed,102.64
P03946,R03946,UPI,Failed,128.86
P03947,R03947,Credit Card,Pending,31.98
P03948,R03948,Credit Card,Pending,109.08
P03949,R03949,UPI,Failed,98.29
P03950,R03950,Credit Card,Success,94.84
P03951,R03951,Credit Card,Success,99.15
P03952,R03952,Credit Card,Failed,140.13
P03953,R03953,Cash,Failed,83.14
P03954,R03954,Credit Card,Pending,105.32
P03955,R03955,Cash,Success,147.27
P03956,R03956,UPI,Success,130.03
P03957,R03957,Credit Card,Pending,47.71
P03958,R03958,UPI,Pending,71.82
P03959,R03959,Credit Card,Failed,68.24
P03960,R03960,Credit Card,Pending,25.86
P03961,R03961,Debit Card,Pending,43.67
P03962,R03962,Debit Card,Success,78.0
P03963,R03963,Credit Card,Failed,71.3
P03964,R03964,Credit Card,Pending,61.57
P03965,R03965,Credit Card,Pending,30.61
P03966,R03966,Cash,Success,71.45
P03967,R03967,Debit Card,Pending,81.91
P03968,R03968,Credit Card,Success,73.91
P03969,R03969,UPI,Pending,79.27
P03970,R03970,Cash,Pending,148.72
P03971,R03971,Cash,Pending,8.07
P03972,R03972,UPI,Success,30.97
P03973,R03973,Cash,Pending,35.92
P03974,R03974,Credit Card,Failed,149.83
P03975,R03975,Cash,Pending,8.71
P03976,R03976,UPI,Success,47.41
P03977,R03977,Debit Card,Success,146.42
P03978,R03978,UPI,Failed,47.76
P03979,R03979,Credit Card,Pending,95.66
P03980,R03980,Credit Card,Failed,76.25
P03981,R03981,UPI,Failed,144.31
P03982,R03982,Debit Card,Failed,97.71
P03983,R03983,Cash,Pending,109.13
P03984,R03984,Credit Card,Failed,61.65
P03985,R03985,Debit Card,Success,18.07
P03986,R03986,Cash,Success,110.75
P03987,R03987,Credit Card,Success,143.01
P03988,R03988,Credit Card,Success,67.2
P03989,R03989,Cash,Pending,6.0
P03990,R03990,UPI,Pending,105.48
P03991,R03991,UPI,Success,56.01
P03992,R03992,Debit Card,Pending,118.05
P03993,R03993,UPI,Pending,129.79
P03994,R03994,Cash,Failed,46.08
P03995,R03995,UPI,Pending,97.12
P03996,R03996,Cash,Pending,89.18
P03997,R03997,UPI,Failed,18.44
P03998,R03998,Debit Card,Pending,138.64
P03999,R03999,Cash,Pending,104.95
P04000,R04000,Credit Card,Pending,45.62
P04001,R04001,Credit Card,Failed,98.36
P04002,R04002,Debit Card,Pending,88.17
P04003,R04003,Cash,Success,119.37
P04004,R04004,Debit Card,Failed,50.96
P04005,R04005,Cash,Success,0.32
P04006,R04006,Credit Card,Success,131.94
P04007,R04007,UPI,Failed,98.25
P04008,R04008,UPI,Pending,43.72
P04009,R04009,Credit Card,Failed,128.47
P04010,R04010,Credit Card,Failed,15.0
P04011,R04011,UPI,Success,93.82
P04012,R04012,UPI,Success,132.27
P04013,R04013,UPI,Pending,4.71
P04014,R04014,Debit Card,Success,84.45
P04015,R04015,UPI,Pending,147.04
P04016,R04016,Cash,Pending,82.96
P04017,R04017,Credit Card,Pending,147.93
P04018,R04018,UPI,Failed,82.19
P04019,R04019,Credit Card,Pending,96.95
P04020,R04020,Debit Card,Success,17.19
P04021,R04021,Credit Card,Success,44.8
P04022,R04022,Credit Card,Pending,24.18
P04023,R04023,Cash,Success,51.98
P04024,R04024,UPI,Failed,43.29
P04025,R04025,Debit Card,Failed,47.37
P04026,R04026,Credit Card,Success,9.79
P04027,R04027,Debit Card,Pending,101.62
P04028,R04028,UPI,Pending,123.36
P04029,R04029,Debit Card,Success,81.74
P04030,R04030,UPI,Pending,12.67
P04031,R04031,Debit Card,Pending,66.27
P04032,R04032,Credit Card,Success,6.65
P04033,R04033,Debit Card,Success,14.79
P04034,R04034,Credit Card,Success,88.35
P04035,R04035,Cash,Failed,132.89
P04036,R04036,Credit Card,Success,124.82
P04037,R04037,Credit Card,Pending,39.48
P04038,R04038,Cash,Pending,146.09
P04039,R04039,Debit Card,Pending,31.98
P04040,R04040,UPI,Failed,28.91
P04041,R04041,Credit Card,Success,54.92
P04042,R04042,Debit Card,Failed,112.22
P04043,R04043,UPI,Success,63.88
P04044,R04044,UPI,Failed,9.91
P04045,R04045,Credit Card,Success,111.68
P04046,R04046,Cash,Success,141.51
P04047,R04047,UPI,Pending,75.86
P04048,R04048,UPI,Pending,22.63
P04049,R04049,Cash,Success,91.51
P04050,R04050,Debit Card,Pending,32.66
P04051,R04051,Debit Card,Failed,0.68
P04052,R04052,UPI,Failed,42.69
P04053,R04053,Debit Card,Pending,35.85
P04054,R04054,UPI,Success,132.51
P04055,R04055,UPI,Failed,125.0
P04056,R04056,Credit Card,Failed,106.64
P04057,R04057,Cash,Success,89.49
P04058,R04058,Debit Card,Success,89.15
P04059,R04059,UPI,Success,18.5
P04060,R04060,Cash,Pending,60.95
P04061,R04061,Cash,Failed,36.16
P04062,R04062,Debit Card,Pending,80.94
P04063,R04063,Debit Card,Pending,71.81
P04064,R04064,UPI,Success,91.5
P04065,R04065,Credit Card,Failed,57.16
P04066,R04066,Credit Card,Failed,64.38
P04067,R04067,Credit Card,Success,75.57
P04068,R04068,Credit Card,Failed,104.65
P04069,R04069,Debit Card,Failed,115.65
P04070,R04070,UPI,Success,47.99
P04071,R04071,UPI,Pending,77.32
P04072,R04072,Debit Card,Success,104.55
P04073,R04073,Credit Card,Pending,92.51
P04074,R04074,Debit Card,Failed,73.64
P04075,R04075,Debit Card,Success,131.07
P04076,R04076,Debit Card,Success,72.1
P04077,R04077,Cash,Failed,25.22
P04078,R04078,UPI,Failed,36.88
P04079,R04079,Cash,Success,140.2
P04080,R04080,Debit Card,Failed,95.13
P04081,R04081,Credit Card,Success,120.83
P04082,R04082,UPI,Failed,29.64
P04083,R04083,Cash,Pending,34.23
P04084,R04084,UPI,Pending,11.32
P04085,R04085,Credit Card,Failed,78.53
P04086,R04086,UPI,Failed,123.2
P04087,R04087,Debit Card,Pending,79.88
P04088,R04088,UPI,Success,44.7
P04089,R04089,Debit Card,Success,5.36
P04090,R04090,Cash,Success,71.7
P04091,R04091,UPI,Success,131.54
P04092,R04092,Debit Card,Success,40.4
P04093,R04093,Cash,Failed,6.94
P04094,R04094,Debit Card,Success,140.65
P04095,R04095,Credit Card,Success,49.92
P04096,R04096,Debit Card,Success,43.56
P04097,R04097,Credit Card,Failed,40.15
P04098,R04098,Cash,Pending,21.5
P04099,R04099,Debit Card,Pending,1.0
P04100,R04100,UPI,Pending,5.46
P04101,R04101,Credit Card,Failed,28.62
P04102,R04102,UPI,Failed,146.86
P04103,R04103,UPI,Success,125.13
P04104,R04104,Credit Card,Failed,113.46
P04105,R04105,Debit Card,Failed,20.31
P04106,R04106,Cash,Failed,2.64
P04107,R04107,Debit Card,Failed,91.39
P04108,R04108,UPI,Pending,131.34
P04109,R04109,Credit Card,Success,98.17
P04110,R04110,Credit Card,Success,60.82
P04111,R04111,Credit Card,Pending,0.64
P04112,R04112,Debit Card,Success,6.88
P04113,R04113,Credit Card,Failed,127.35
P04114,R04114,Credit Card,Failed,70.5
P04115,R04115,UPI,Pending,85.62
P04116,R04116,Debit Card,Pending,106.87
P04117,R04117,Cash,Pending,109.25
P04118,R04118,Credit Card,Success,8.32
P04119,R04119,Debit Card,Success,53.48
P04120,R04120,Debit Card,Failed,2.64
P04121,R04121,UPI,Pending,35.89
P04122,R04122,Credit Card,Pending,20.09
P04123,R04123,UPI,Failed,86.9
P04124,R04124,Cash,Success,2.94
P04125,R04125,Debit Card,Success,121.69
P04126,R04126,Credit Card,Success,17.75
P04127,R04127,Credit Card,Failed,117.16
P04128,R04128,UPI,Success,16.05
P04129,R04129,Cash,Success,96.87
P04130,R04130,Debit Card,Failed,13.34
P04131,R04131,Debit Card,Success,130.66
P04132,R04132,Credit Card,Pending,60.57
P04133,R04133,UPI,Success,78.92
P04134,R04134,Credit Card,Pending,7.06
P04135,R04135,Debit Card,Pending,113.11
P04136,R04136,Credit Card,Success,3.45
P04137,R04137,UPI,Failed,121.38
P04138,R04138,UPI,Success,129.97
P04139,R04139,UPI,Failed,123.75
P04140,R04140,Credit Card,Pending,90.47
P04141,R04141,UPI,Success,144.94
P04142,R04142,Credit Card,Success,5.09
P04143,R04143,UPI,Failed,133.29
P04144,R04144,Cash,Pending,61.69
P04145,R04145,Debit Card,Failed,40.44
P04146,R04146,UPI,Failed,41.29
P04147,R04147,UPI,Success,136.9
P04148,R04148,Debit Card,Success,72.65
P04149,R04149,Cash,Pending,35.88
P04150,R04150,Cash,Failed,51.45
P04151,R04151,Cash,Pending,111.26
P04152,R04152,UPI,Failed,95.12
P04153,R04153,Debit Card,Failed,32.05
P04154,R04154,UPI,Pending,88.21
P04155,R04155,Debit Card,Pending,53.87
P04156,R04156,Credit Card,Failed,86.33
P04157,R04157,Debit Card,Pending,62.21
P04158,R04158,Credit Card,Failed,93.09
P04159,R04159,Credit Card,Success,9.19
P04160,R04160,Debit Card,Pending,137.43
P04161,R04161,Cash,Pending,61.98
P04162,R04162,Debit Card,Success,37.65
P04163,R04163,Debit Card,Pending,52.28
P04164,R04164,UPI,Success,80.72
P04165,R04165,Cash,Failed,131.97
P04166,R04166,UPI,Pending,25.85
P04167,R04167,Cash,Success,96.89
P04168,R04168,Cash,Failed,26.39
P04169,R04169,Credit Card,Failed,105.17
P04170,R04170,Cash,Pending,67.6
P04171,R04171,UPI,Failed,48.92
P04172,R04172,Cash,Pending,33.18
P04173,R04173,Cash,Failed,23.55
P04174,R04174,UPI,Failed,116.19
P04175,R04175,UPI,Failed,22.85
P04176,R04176,Credit Card,Failed,94.18
P04177,R04177,Debit Card,Pending,31.37
P04178,R04178,Debit Card,Success,34.07
P04179,R04179,UPI,Failed,71.64
P04180,R04180,Credit Card,Pending,2.89
P04181,R04181,Credit Card,Success,34.13
P04182,R04182,Debit Card,Success,18.79
P04183,R04183,Debit Card,Pending,69.6
P04184,R04184,UPI,Failed,49.49
P04185,R04185,UPI,Success,116.19
P04186,R04186,Cash,Failed,55.1
P04187,R04187,UPI,Failed,66.71
P04188,R04188,Cash,Success,113.49
P04189,R04189,Credit Card,Success,83.45
P04190,R04190,UPI,Failed,63.63
P04191,R04191,UPI,Pending,27.99
P04192,R04192,UPI,Success,29.59
P04193,R04193,Cash,Failed,149.11
P04194,R04194,Cash,Failed,17.36
P04195,R04195,Credit Card,Success,144.5
P04196,R04196,Debit Card,Success,143.88
P04197,R04197,Cash,Success,13.37
P04198,R04198,Credit Card,Failed,82.68
P04199,R04199,Debit Card,Pending,29.77
P04200,R04200,Debit Card,Failed,22.05
P04201,R04201,Credit Card,Success,47.92
P04202,R04202,Debit Card,Success,41.22
P04203,R04203,UPI,Failed,12.32
P04204,R04204,UPI,Success,71.67
P04205,R04205,UPI,Pending,24.01
P04206,R04206,Debit Card,Success,26.53
P04207,R04207,Credit Card,Failed,96.75
P04208,R04208,Debit Card,Failed,52.65
P04209,R04209,Debit Card,Failed,118.6
P04210,R04210,Cash,Pending,96.69
P04211,R04211,UPI,Success,86.16
P04212,R04212,Debit Card,Pending,100.2
P04213,R04213,Cash,Failed,56.07
P04214,R04214,Debit Card,Failed,122.8
P04215,R04215,Credit Card,Success,91.68
P04216,R04216,Cash,Failed,103.49
P04217,R04217,Cash,Pending,28.82
P04218,R04218,Cash,Success,5.51
P04219,R04219,Debit Card,Success,129.0
P04220,R04220,Cash,Failed,55.14
P04221,R04221,Cash,Failed,117.54
P04222,R04222,Debit Card,Pending,48.72
P04223,R04223,Debit Card,Pending,133.38
P04224,R04224,Debit Card,Pending,37.73
P04225,R04225,UPI,Pending,114.36
P04226,R04226,Credit Card,Success,36.61
P04227,R04227,Debit Card,Pending,133.04
P04228,R04228,Debit Card,Pending,129.21
P04229,R04229,Cash,Success,103.73
P04230,R04230,UPI,Success,93.19
P04231,R04231,Cash,Success,35.93
P04232,R04232,UPI,Success,89.4
P04233,R04233,Cash,Pending,53.95
P04234,R04234,Credit Card,Failed,72.55
P04235,R04235,UPI,Success,30.9
P04236,R04236,Credit Card,Failed,48.95
P04237,R04237,Debit Card,Failed,139.49
P04238,R04238,Cash,Pending,142.85
P04239,R04239,UPI,Pending,6.26
P04240,R04240,UPI,Failed,142.03
P04241,R04241,Debit Card,Success,134.46
P04242,R04242,UPI,Pending,84.14
P04243,R04243,Credit Card,Pending,120.08
P04244,R04244,Debit Card,Pending,148.58
P04245,R04245,Credit Card,Pending,5.16
P04246,R04246,UPI,Pending,83.63
P04247,R04247,Credit Card,Failed,109.09
P04248,R04248,Debit Card,Pending,15.69
P04249,R04249,Debit Card,Failed,62.85
P04250,R04250,UPI,Success,68.76
P04251,R04251,Debit Card,Pending,6.68
P04252,R04252,Debit Card,Failed,28.34
P04253,R04253,Cash,Pending,115.51
P04254,R04254,UPI,Success,10.0
P04255,R04255,UPI,Pending,121.15
P04256,R04256,Debit Card,Success,44.96
P04257,R04257,Cash,Pending,48.44
P04258,R04258,UPI,Success,69.44
P04259,R04259,Cash,Pending,125.41
P04260,R04260,Credit Card,Failed,139.66
P04261,R04261,Cash,Success,140.88
P04262,R04262,Credit Card,Success,87.43
P04263,R04263,Cash,Success,90.71
P04264,R04264,Cash,Failed,53.4
P04265,R04265,Cash,Success,98.14
P04266,R04266,Credit Card,Failed,144.7
P04267,R04267,Credit Card,Pending,147.04
P04268,R04268,UPI,Pending,0.86
P04269,R04269,Credit Card,Pending,10.23
P04270,R04270,UPI,Pending,62.01
P04271,R04271,UPI,Success,36.07
P04272,R04272,UPI,Success,84.87
P04273,R04273,UPI,Success,23.49
P04274,R04274,Debit Card,Pending,82.19
P04275,R04275,UPI,Failed,90.95
P04276,R04276,Debit Card,Failed,7.0
P04277,R04277,Debit Card,Pending,29.8
P04278,R04278,Credit Card,Pending,58.14
P04279,R04279,Debit Card,Failed,76.0
P04280,R04280,Credit Card,Pending,29.79
P04281,R04281,UPI,Success,94.17
P04282,R04282,UPI,Failed,135.78
P04283,R04283,Credit Card,Pending,75.42
P04284,R04284,Debit Card,Failed,99.41
P04285,R04285,Cash,Success,16.39
P04286,R04286,Cash,Failed,87.98
P04287,R04287,Credit Card,Success,32.94
P04288,R04288,Cash,Failed,10.96
P04289,R04289,Credit Card,Failed,118.49
P04290,R04290,Debit Card,Failed,41.23
P04291,R04291,Debit Card,Pending,102.19
P04292,R04292,Cash,Pending,88.39
P04293,R04293,Credit Card,Pending,36.98
P04294,R04294,Debit Card,Failed,123.17
P04295,R04295,Credit Card,Pending,148.22
P04296,R04296,Cash,Failed,140.03
P04297,R04297,Debit Card,Pending,25.23
P04298,R04298,Debit Card,Failed,28.04
P04299,R04299,Cash,Failed,105.33
P04300,R04300,Credit Card,Success,148.47
P04301,R04301,UPI,Failed,41.61
P04302,R04302,Debit Card,Failed,13.05
P04303,R04303,Cash,Pending,60.8
P04304,R04304,Debit Card,Failed,127.9
P04305,R04305,Debit Card,Pending,66.05
P04306,R04306,UPI,Success,86.36
P04307,R04307,Credit Card,Pending,143.57
P04308,R04308,Credit Card,Failed,24.22
P04309,R04309,Debit Card,Success,12.58
P04310,R04310,Debit Card,Pending,12.1
P04311,R04311,Credit Card,Failed,11.28
P04312,R04312,Debit Card,Pending,65.57
P04313,R04313,UPI,Pending,16.61
P04314,R04314,UPI,Success,145.71
P04315,R04315,Credit Card,Failed,78.57
P04316,R04316,Credit Card,Failed,2.51
P04317,R04317,Debit Card,Failed,129.58
P04318,R04318,Debit Card,Success,103.45
P04319,R04319,Credit Card,Success,135.55
P04320,R04320,UPI,Failed,47.86
P04321,R04321,Cash,Success,122.29
P04322,R04322,Debit Card,Pending,12.82
P04323,R04323,Debit Card,Pending,17.23
P04324,R04324,UPI,Success,73.13
P04325,R04325,UPI,Success,21.38
P04326,R04326,Credit Card,Failed,26.81
P04327,R04327,Credit Card,Pending,116.59
P04328,R04328,Debit Card,Success,78.27
P04329,R04329,Credit Card,Pending,59.36
P04330,R04330,Debit Card,Failed,129.27
P04331,R04331,UPI,Success,135.02
P04332,R04332,Credit Card,Success,84.37
P04333,R04333,UPI,Success,126.65
P04334,R04334,Debit Card,Success,21.1
P04335,R04335,Cash,Success,55.03
P04336,R04336,Cash,Pending,94.57
P04337,R04337,UPI,Success,45.58
P04338,R04338,Debit Card,Failed,44.69
P04339,R04339,UPI,Pending,67.22
P04340,R04340,Credit Card,Failed,88.72
P04341,R04341,Credit Card,Failed,34.44
P04342,R04342,UPI,Pending,115.57
P04343,R04343,Debit Card,Pending,142.66
P04344,R04344,Credit Card,Failed,54.68
P04345,R04345,UPI,Pending,24.67
P04346,R04346,Debit Card,Success,48.86
P04347,R04347,UPI,Success,129.58
P04348,R04348,Cash,Failed,3.42
P04349,R04349,UPI,Success,105.89
P04350,R04350,Cash,Pending,96.19
P04351,R04351,Credit Card,Pending,63.04
P04352,R04352,Cash,Failed,4.0
P04353,R04353,Debit Card,Success,11.45
P04354,R04354,UPI,Pending,148.67
P04355,R04355,UPI,Pending,115.05
P04356,R04356,Credit Card,Success,2.23
P04357,R04357,Debit Card,Success,48.54
P04358,R04358,Credit Card,Success,113.89
P04359,R04359,Credit Card,Pending,97.42
P04360,R04360,Credit Card,Failed,61.7
P04361,R04361,Credit Card,Pending,7.87
P04362,R04362,Cash,Success,37.98
P04363,R04363,UPI,Pending,65.74
P04364,R04364,Credit Card,Failed,103.94
P04365,R04365,UPI,Failed,111.88
P04366,R04366,Cash,Success,101.71
P04367,R04367,UPI,Failed,112.64
P04368,R04368,Cash,Pending,14.81
P04369,R04369,Credit Card,Success,33.28
P04370,R04370,Debit Card,Failed,4.1
P04371,R04371,UPI,Success,88.87
P04372,R04372,Debit Card,Success,135.38
P04373,R04373,Debit Card,Pending,128.5
P04374,R04374,UPI,Success,84.56
P04375,R04375,Credit Card,Success,35.79
P04376,R04376,Cash,Success,68.09
P04377,R04377,Debit Card,Pending,125.64
P04378,R04378,Debit Card,Success,1.77
P04379,R04379,Cash,Failed,91.69
P04380,R04380,UPI,Pending,125.15
P04381,R04381,UPI,Success,44.67
P04382,R04382,UPI,Success,27.62
P04383,R04383,Debit Card,Pending,82.51
P04384,R04384,Cash,Success,38.13
P04385,R04385,Debit Card,Failed,28.08
P04386,R04386,UPI,Success,76.89
P04387,R04387,Credit Card,Success,103.63
P04388,R04388,Debit Card,Failed,1.94
P04389,R04389,Debit Card,Pending,26.46
P04390,R04390,Credit Card,Failed,26.55
P04391,R04391,Debit Card,Pending,102.66
P04392,R04392,UPI,Failed,133.98
P04393,R04393,Credit Card,Success,108.66
P04394,R04394,UPI,Pending,33.55
P04395,R04395,Credit Card,Pending,17.35
P04396,R04396,Cash,Pending,95.58
P04397,R04397,UPI,Pending,137.8
P04398,R04398,UPI,Success,131.96
P04399,R04399,Credit Card,Success,47.72
P04400,R04400,UPI,Failed,48.37
P04401,R04401,Cash,Success,11.77
P04402,R04402,UPI,Success,125.54
P04403,R04403,Debit Card,Pending,34.43
P04404,R04404,Cash,Success,12.84
P04405,R04405,Cash,Success,145.96
P04406,R04406,Cash,Failed,124.57
P04407,R04407,UPI,Pending,54.34
P04408,R04408,UPI,Pending,102.42
P04409,R04409,Debit Card,Pending,66.54
P04410,R04410,Debit Card,Pending,86.81
P04411,R04411,Cash,Pending,0.32
P04412,R04412,Debit Card,Pending,132.34
P04413,R04413,Debit Card,Pending,129.38
P04414,R04414,Debit Card,Pending,140.8
P04415,R04415,Cash,Pending,95.94
P04416,R04416,Cash,Pending,93.35
P04417,R04417,Cash,Failed,38.91
P04418,R04418,UPI,Pending,84.07
P04419,R04419,UPI,Pending,45.15
P04420,R04420,UPI,Failed,55.53
P04421,R04421,Debit Card,Failed,91.19
P04422,R04422,Credit Card,Failed,84.62
P04423,R04423,Debit Card,Pending,50.67
P04424,R04424,Debit Card,Pending,69.56
P04425,R04425,Debit Card,Pending,110.06
P04426,R04426,UPI,Success,19.96
P04427,R04427,Cash,Success,15.18
P04428,R04428,Credit Card,Failed,126.38
P04429,R04429,UPI,Failed,100.1
P04430,R04430,Cash,Failed,65.44
P04431,R04431,UPI,Failed,137.89
P04432,R04432,Cash,Success,144.91
P04433,R04433,Cash,Success,46.05
P04434,R04434,Debit Card,Success,148.01
P04435,R04435,Debit Card,Failed,88.56
P04436,R04436,Cash,Success,13.13
P04437,R04437,Cash,Failed,148.27
P04438,R04438,Debit Card,Pending,43.29
P04439,R04439,Credit Card,Failed,4.54
P04440,R04440,Debit Card,Pending,23.92
P04441,R04441,Debit Card,Failed,78.59
P04442,R04442,UPI,Success,7.33
P04443,R04443,Cash,Pending,116.32
P04444,R04444,Cash,Success,61.65
P04445,R04445,Cash,Failed,7.31
P04446,R04446,Cash,Success,71.46
P04447,R04447,Cash,Success,112.32
P04448,R04448,Cash,Pending,80.52
P04449,R04449,Debit Card,Failed,51.1
P04450,R04450,UPI,Success,147.82
P04451,R04451,Debit Card,Failed,65.11
P04452,R04452,Debit Card,Failed,97.26
P04453,R04453,UPI,Pending,146.45
P04454,R04454,Debit Card,Pending,59.83
P04455,R04455,Credit Card,Success,17.71
P04456,R04456,UPI,Pending,75.85
P04457,R04457,Debit Card,Failed,93.34
P04458,R04458,Debit Card,Success,95.65
P04459,R04459,UPI,Pending,61.24
P04460,R04460,UPI,Success,46.47
P04461,R04461,UPI,Pending,26.65
P04462,R04462,Credit Card,Success,37.6
P04463,R04463,Cash,Failed,85.41
P04464,R04464,UPI,Failed,91.98
P04465,R04465,Credit Card,Pending,78.0
P04466,R04466,Cash,Pending,19.88
P04467,R04467,Credit Card,Success,37.91
P04468,R04468,Debit Card,Success,78.2
P04469,R04469,Credit Card,Pending,77.99
P04470,R04470,Credit Card,Failed,69.29
P04471,R04471,Debit Card,Success,88.31
P04472,R04472,UPI,Failed,15.66
P04473,R04473,Credit Card,Success,6.35
P04474,R04474,Credit Card,Pending,145.05
P04475,R04475,Debit Card,Success,120.4
P04476,R04476,Debit Card,Pending,27.49
P04477,R04477,Credit Card,Success,0.52
P04478,R04478,Credit Card,Pending,22.64
P04479,R04479,Cash,Pending,104.3
P04480,R04480,Debit Card,Success,117.85
P04481,R04481,Credit Card,Success,107.09
P04482,R04482,Cash,Success,132.1
P04483,R04483,Credit Card,Success,50.11
P04484,R04484,Debit Card,Success,55.15
P04485,R04485,Credit Card,Failed,31.53
P04486,R04486,UPI,Failed,120.78
P04487,R04487,Credit Card,Pending,133.68
P04488,R04488,Cash,Pending,118.16
P04489,R04489,Debit Card,Success,88.41
P04490,R04490,Cash,Failed,129.53
P04491,R04491,Credit Card,Success,120.19
P04492,R04492,Debit Card,Success,122.28
P04493,R04493,Cash,Success,94.65
P04494,R04494,Credit Card,Pending,5.96
P04495,R04495,Cash,Pending,103.51
P04496,R04496,Cash,Failed,10.05
P04497,R04497,Credit Card,Success,5.4
P04498,R04498,Credit Card,Pending,50.74
P04499,R04499,Debit Card,Success,65.85
P04500,R04500,UPI,Failed,83.6
P04501,R04501,Credit Card,Failed,119.46
P04502,R04502,UPI,Pending,23.42
P04503,R04503,UPI,Success,83.94
P04504,R04504,Debit Card,Success,88.94
P04505,R04505,Cash,Pending,60.07
P04506,R04506,UPI,Success,63.57
P04507,R04507,Debit Card,Pending,139.47
P04508,R04508,Debit Card,Failed,61.29
P04509,R04509,Credit Card,Failed,20.78
P04510,R04510,Credit Card,Pending,7.89
P04511,R04511,UPI,Pending,42.88
P04512,R04512,Credit Card,Success,41.91
P04513,R04513,UPI,Success,78.84
P04514,R04514,Cash,Success,141.75
P04515,R04515,Cash,Success,59.61
P04516,R04516,Credit Card,Pending,38.6
P04517,R04517,UPI,Failed,70.86
P04518,R04518,Credit Card,Failed,142.42
P04519,R04519,Cash,Failed,64.82
P04520,R04520,Credit Card,Pending,61.52
P04521,R04521,UPI,Failed,123.78
P04522,R04522,UPI,Failed,54.35
P04523,R04523,Credit Card,Success,96.48
P04524,R04524,Debit Card,Pending,41.18
P04525,R04525,UPI,Success,45.44
P04526,R04526,Debit Card,Failed,103.14
P04527,R04527,Cash,Pending,29.22
P04528,R04528,Debit Card,Success,106.64
P04529,R04529,Cash,Failed,118.68
P04530,R04530,Debit Card,Failed,103.9
P04531,R04531,UPI,Failed,106.86
P04532,R04532,Debit Card,Pending,0.95
P04533,R04533,UPI,Success,8.78
P04534,R04534,Credit Card,Success,39.56
P04535,R04535,Debit Card,Pending,7.67
P04536,R04536,Cash,Pending,26.79
P04537,R04537,Debit Card,Pending,9.01
P04538,R04538,UPI,Success,37.29
P04539,R04539,Credit Card,Failed,61.06
P04540,R04540,Credit Card,Failed,81.8
P04541,R04541,Credit Card,Success,105.29
P04542,R04542,Cash,Success,119.88
P04543,R04543,Debit Card,Pending,7.89
P04544,R04544,Debit Card,Failed,35.87
P04545,R04545,Cash,Success,44.86
P04546,R04546,Credit Card,Pending,23.63
P04547,R04547,Debit Card,Success,93.18
P04548,R04548,Debit Card,Success,55.31
P04549,R04549,Cash,Failed,91.04
P04550,R04550,Credit Card,Pending,124.48
P04551,R04551,Credit Card,Success,6.26
P04552,R04552,Credit Card,Pending,8.9
P04553,R04553,Debit Card,Success,96.32
P04554,R04554,Debit Card,Failed,146.62
P04555,R04555,Cash,Pending,3.51
P04556,R04556,Debit Card,Success,96.86
P04557,R04557,Debit Card,Success,65.45
P04558,R04558,UPI,Failed,78.25
P04559,R04559,UPI,Pending,28.95
P04560,R04560,Debit Card,Failed,70.73
P04561,R04561,Debit Card,Pending,32.34
P04562,R04562,Cash,Success,21.2
P04563,R04563,UPI,Pending,10.5
P04564,R04564,UPI,Pending,130.56
P04565,R04565,UPI,Pending,66.59
P04566,R04566,Credit Card,Pending,126.33
P04567,R04567,Credit Card,Success,96.81
P04568,R04568,UPI,Pending,132.92
P04569,R04569,Debit Card,Success,131.38
P04570,R04570,Debit Card,Pending,32.56
P04571,R04571,Debit Card,Failed,100.67
P04572,R04572,UPI,Failed,80.22
P04573,R04573,UPI,Failed,6.83
P04574,R04574,UPI,Failed,16.75
P04575,R04575,Debit Card,Pending,61.64
P04576,R04576,Cash,Pending,123.08
P04577,R04577,UPI,Failed,14.51
P04578,R04578,Cash,Pending,28.5
P04579,R04579,Debit Card,Failed,105.93
P04580,R04580,UPI,Pending,66.45
P04581,R04581,Credit Card,Success,142.06
P04582,R04582,UPI,Success,104.62
P04583,R04583,Credit Card,Failed,4.74
P04584,R04584,Cash,Failed,108.74
P04585,R04585,UPI,Success,45.56
P04586,R04586,UPI,Success,127.78
P04587,R04587,Debit Card,Failed,100.95
P04588,R04588,Cash,Success,61.13
P04589,R04589,Debit Card,Failed,86.48
P04590,R04590,Cash,Success,52.33
P04591,R04591,Cash,Success,98.6
P04592,R04592,Cash,Success,107.96
P04593,R04593,Cash,Pending,84.22
P04594,R04594,Cash,Success,114.64
P04595,R04595,Cash,Pending,11.46
P04596,R04596,Credit Card,Failed,30.61
P04597,R04597,Debit Card,Failed,91.52
P04598,R04598,UPI,Failed,68.59
P04599,R04599,Debit Card,Pending,112.86
P04600,R04600,Debit Card,Pending,46.24
P04601,R04601,UPI,Pending,46.69
P04602,R04602,Debit Card,Pending,3.59
P04603,R04603,UPI,Success,41.28
P04604,R04604,Credit Card,Failed,53.08
P04605,R04605,Debit Card,Failed,13.34
P04606,R04606,Debit Card,Pending,99.03
P04607,R04607,Credit Card,Failed,9.85
P04608,R04608,UPI,Success,119.93
P04609,R04609,UPI,Pending,59.35
P04610,R04610,Debit Card,Pending,33.26
P04611,R04611,UPI,Pending,1.32
P04612,R04612,UPI,Pending,21.85
P04613,R04613,Debit Card,Pending,104.71
P04614,R04614,Credit Card,Pending,79.18
P04615,R04615,Credit Card,Failed,10.01
P04616,R04616,UPI,Pending,59.41
P04617,R04617,Cash,Pending,148.87
P04618,R04618,UPI,Failed,89.44
P04619,R04619,UPI,Success,124.02
P04620,R04620,Cash,Success,2.79
P04621,R04621,Credit Card,Pending,9.77
P04622,R04622,Cash,Failed,78.15
P04623,R04623,Credit Card,Pending,51.15
P04624,R04624,Debit Card,Success,24.23
P04625,R04625,UPI,Success,78.9
P04626,R04626,Credit Card,Failed,23.28
P04627,R04627,Debit Card,Failed,84.4
P04628,R04628,Cash,Pending,30.91
P04629,R04629,Cash,Pending,12.51
P04630,R04630,Cash,Failed,28.6
P04631,R04631,UPI,Success,136.85
P04632,R04632,Credit Card,Success,62.22
P04633,R04633,UPI,Success,66.4
P04634,R04634,Cash,Failed,56.28
P04635,R04635,Cash,Failed,110.11
P04636,R04636,Cash,Success,33.95
P04637,R04637,UPI,Failed,83.32
P04638,R04638,Debit Card,Failed,127.98
P04639,R04639,Cash,Pending,62.44
P04640,R04640,Credit Card,Failed,85.24
P04641,R04641,UPI,Pending,25.25
P04642,R04642,UPI,Failed,125.48
P04643,R04643,Credit Card,Success,86.74
P04644,R04644,Cash,Pending,149.15
P04645,R04645,UPI,Failed,64.45
P04646,R04646,Credit Card,Pending,80.78
P04647,R04647,Debit Card,Pending,103.89
P04648,R04648,Cash,Pending,57.48
P04649,R04649,UPI,Failed,44.26
P04650,R04650,Cash,Success,62.29
P04651,R04651,Debit Card,Pending,52.66
P04652,R04652,UPI,Pending,64.43
P04653,R04653,Credit Card,Pending,73.56
P04654,R04654,Cash,Failed,66.72
P04655,R04655,Cash,Failed,96.29
P04656,R04656,Debit Card,Success,9.2
P04657,R04657,Debit Card,Pending,47.67
P04658,R04658,Debit Card,Pending,123.22
P04659,R04659,UPI,Success,144.16
P04660,R04660,UPI,Failed,72.46
P04661,R04661,Credit Card,Failed,100.68
P04662,R04662,Cash,Failed,128.6
P04663,R04663,Cash,Success,48.49
P04664,R04664,Debit Card,Pending,37.35
P04665,R04665,Credit Card,Pending,130.69
P04666,R04666,Cash,Pending,77.77
P04667,R04667,Credit Card,Success,102.57
P04668,R04668,Cash,Pending,128.26
P04669,R04669,Credit Card,Success,62.96
P04670,R04670,Debit Card,Failed,110.16
P04671,R04671,Credit Card,Pending,8.68
P04672,R04672,Credit Card,Success,143.72
P04673,R04673,Cash,Pending,11.45
P04674,R04674,Credit Card,Pending,21.31
P04675,R04675,UPI,Failed,106.58
P04676,R04676,UPI,Pending,111.79
P04677,R04677,UPI,Failed,138.15
P04678,R04678,Cash,Failed,115.98
P04679,R04679,UPI,Failed,93.64
P04680,R04680,UPI,Pending,120.61
P04681,R04681,UPI,Failed,147.65
P04682,R04682,Credit Card,Pending,87.73
P04683,R04683,UPI,Pending,102.02
P04684,R04684,Credit Card,Pending,45.54
P04685,R04685,Credit Card,Pending,31.54
P04686,R04686,Cash,Failed,71.21
P04687,R04687,Cash,Failed,102.67
P04688,R04688,Credit Card,Failed,140.46
P04689,R04689,UPI,Pending,96.75
P04690,R04690,UPI,Pending,139.18
P04691,R04691,Credit Card,Failed,82.99
P04692,R04692,Debit Card,Success,146.56
P04693,R04693,UPI,Failed,71.95
P04694,R04694,Credit Card,Pending,143.63
P04695,R04695,Cash,Failed,42.24
P04696,R04696,Cash,Success,70.95
P04697,R04697,Debit Card,Failed,5.09
P04698,R04698,Debit Card,Success,73.12
P04699,R04699,UPI,Pending,130.69
P04700,R04700,Debit Card,Pending,85.37
P04701,R04701,Cash,Failed,1.26
P04702,R04702,Debit Card,Pending,129.96
P04703,R04703,Credit Card,Pending,40.27
P04704,R04704,Cash,Failed,34.17
P04705,R04705,Cash,Failed,127.34
P04706,R04706,Credit Card,Pending,143.14
P04707,R04707,UPI,Failed,119.63
P04708,R04708,UPI,Failed,58.75
P04709,R04709,Debit Card,Pending,146.26
P04710,R04710,Debit Card,Pending,84.36
P04711,R04711,Credit Card,Pending,46.14
P04712,R04712,Cash,Success,19.54
P04713,R04713,Cash,Pending,117.65
P04714,R04714,UPI,Success,81.82
P04715,R04715,Debit Card,Pending,96.67
P04716,R04716,Debit Card,Pending,79.82
P04717,R04717,UPI,Failed,38.72
P04718,R04718,UPI,Success,79.43
P04719,R04719,UPI,Pending,4.38
P04720,R04720,Credit Card,Failed,9.5
P04721,R04721,UPI,Pending,81.97
P04722,R04722,Credit Card,Failed,35.43
P04723,R04723,Debit Card,Pending,96.83
P04724,R04724,UPI,Success,138.57
P04725,R04725,Debit Card,Success,3.73
P04726,R04726,Credit Card,Success,54.73
P04727,R04727,UPI,Failed,15.98
P04728,R04728,Debit Card,Failed,41.97
P04729,R04729,Debit Card,Pending,29.73
P04730,R04730,Debit Card,Success,21.44
P04731,R04731,Debit Card,Pending,62.67
P04732,R04732,Debit Card,Pending,82.36
P04733,R04733,Cash,Pending,103.62
P04734,R04734,Credit Card,Pending,120.91
P04735,R04735,Debit Card,Failed,23.28
P04736,R04736,UPI,Success,27.35
P04737,R04737,Credit Card,Success,133.05
P04738,R04738,UPI,Failed,68.45
P04739,R04739,Debit Card,Success,80.18
P04740,R04740,Debit Card,Success,80.32
P04741,R04741,UPI,Pending,8.64
P04742,R04742,UPI,Pending,58.62
P04743,R04743,Credit Card,Failed,93.05
P04744,R04744,Debit Card,Failed,33.7
P04745,R04745,UPI,Success,136.16
P04746,R04746,Debit Card,Failed,117.66
P04747,R04747,Credit Card,Pending,62.8
P04748,R04748,Credit Card,Pending,18.31
P04749,R04749,UPI,Success,135.14
P04750,R04750,Debit Card,Failed,51.71
P04751,R04751,Debit Card,Success,67.47
P04752,R04752,Credit Card,Pending,54.21
P04753,R04753,Debit Card,Failed,13.27
P04754,R04754,Credit Card,Success,45.77
P04755,R04755,UPI,Failed,36.73
P04756,R04756,Credit Card,Pending,101.05
P04757,R04757,UPI,Pending,11.37
P04758,R04758,UPI,Pending,112.47
P04759,R04759,Debit Card,Pending,88.27
P04760,R04760,UPI,Failed,50.58
P04761,R04761,Debit Card,Pending,113.0
P04762,R04762,Credit Card,Failed,125.1
P04763,R04763,Cash,Success,32.18
P04764,R04764,Cash,Success,4.46
P04765,R04765,Debit Card,Pending,24.52
P04766,R04766,Cash,Failed,88.74
P04767,R04767,UPI,Failed,55.59
P04768,R04768,Cash,Pending,99.18
P04769,R04769,Cash,Pending,95.04
P04770,R04770,Debit Card,Success,76.71
P04771,R04771,UPI,Pending,69.78
P04772,R04772,Debit Card,Success,48.27
P04773,R04773,Credit Card,Pending,0.69
P04774,R04774,Debit Card,Pending,132.95
P04775,R04775,UPI,Failed,91.26
P04776,R04776,Credit Card,Failed,112.4
P04777,R04777,Cash,Pending,87.9
P04778,R04778,Debit Card,Pending,6.76
P04779,R04779,Cash,Pending,31.35
P04780,R04780,Cash,Pending,78.53
P04781,R04781,Debit Card,Failed,72.94
P04782,R04782,Credit Card,Pending,102.82
P04783,R04783,UPI,Pending,120.75
P04784,R04784,Credit Card,Pending,3.17
P04785,R04785,UPI,Failed,131.18
P04786,R04786,Debit Card,Pending,89.51
P04787,R04787,Credit Card,Pending,1.44
P04788,R04788,Credit Card,Success,53.02
P04789,R04789,UPI,Pending,86.02
P04790,R04790,Cash,Pending,129.89
P04791,R04791,Credit Card,Pending,100.77
P04792,R04792,Cash,Failed,109.98
P04793,R04793,Credit Card,Failed,95.54
P04794,R04794,UPI,Success,97.79
P04795,R04795,Cash,Pending,89.22
P04796,R04796,Debit Card,Pending,96.51
P04797,R04797,UPI,Failed,84.26
P04798,R04798,Cash,Failed,8.89
P04799,R04799,Cash,Pending,92.61
P04800,R04800,Debit Card,Pending,72.33
P04801,R04801,Cash,Failed,106.49
P04802,R04802,Debit Card,Pending,76.65
P04803,R04803,Cash,Failed,35.13
P04804,R04804,Debit Card,Success,28.75
P04805,R04805,Cash,Pending,138.11
P04806,R04806,Cash,Success,109.49
P04807,R04807,Credit Card,Failed,1.08
P04808,R04808,Cash,Pending,0.33
P04809,R04809,UPI,Success,146.83
P04810,R04810,Cash,Pending,85.26
P04811,R04811,Cash,Success,110.79
P04812,R04812,Cash,Success,140.65
P04813,R04813,UPI,Success,4.95
P04814,R04814,Debit Card,Failed,139.86
P04815,R04815,Credit Card,Failed,126.53
P04816,R04816,UPI,Pending,147.49
P04817,R04817,Debit Card,Failed,93.2
P04818,R04818,Debit Card,Pending,50.05
P04819,R04819,Debit Card,Failed,102.31
P04820,R04820,UPI,Success,11.04
P04821,R04821,Cash,Pending,111.56
P04822,R04822,Credit Card,Success,49.08
P04823,R04823,Debit Card,Pending,26.66
P04824,R04824,Credit Card,Pending,31.7
P04825,R04825,Debit Card,Pending,135.95
P04826,R04826,Cash,Failed,143.52
P04827,R04827,UPI,Success,137.75
P04828,R04828,Credit Card,Failed,35.98
P04829,R04829,UPI,Failed,86.98
P04830,R04830,Credit Card,Pending,65.26
P04831,R04831,Debit Card,Success,88.69
P04832,R04832,Credit Card,Success,4.65
P04833,R04833,UPI,Failed,51.36
P04834,R04834,Credit Card,Pending,149.86
P04835,R04835,UPI,Pending,42.31
P04836,R04836,Cash,Success,132.95
P04837,R04837,Debit Card,Failed,108.56
P04838,R04838,Credit Card,Pending,37.8
P04839,R04839,Debit Card,Pending,59.89
P04840,R04840,UPI,Failed,99.29
P04841,R04841,Credit Card,Failed,130.46
P04842,R04842,Debit Card,Pending,113.14
P04843,R04843,UPI,Success,16.71
P04844,R04844,UPI,Failed,25.94
P04845,R04845,Credit Card,Pending,130.1
P04846,R04846,Credit Card,Failed,69.24
P04847,R04847,Debit Card,Pending,13.37
P04848,R04848,Debit Card,Success,102.89
P04849,R04849,Debit Card,Pending,9.13
P04850,R04850,Debit Card,Success,29.49
P04851,R04851,Credit Card,Failed,10.91
P04852,R04852,Debit Card,Pending,56.58
P04853,R04853,Debit Card,Success,2.71
P04854,R04854,UPI,Success,129.15
P04855,R04855,Credit Card,Failed,12.7
P04856,R04856,Cash,Pending,27.6
P04857,R04857,Debit Card,Failed,7.43
P04858,R04858,Cash,Success,116.64
P04859,R04859,Cash,Success,2.82
P04860,R04860,UPI,Failed,21.25
P04861,R04861,Debit Card,Success,30.13
P04862,R04862,Debit Card,Success,58.85
P04863,R04863,Credit Card,Pending,131.32
P04864,R04864,Credit Card,Success,113.85
P04865,R04865,UPI,Success,118.85
P04866,R04866,Credit Card,Pending,111.34
P04867,R04867,Credit Card,Success,147.65
P04868,R04868,UPI,Failed,66.32
P04869,R04869,Debit Card,Pending,143.63
P04870,R04870,Credit Card,Success,55.51
P04871,R04871,Debit Card,Pending,129.75
P04872,R04872,Credit Card,Failed,11.32
P04873,R04873,Credit Card,Success,73.38
P04874,R04874,Debit Card,Pending,147.37
P04875,R04875,UPI,Pending,64.42
P04876,R04876,Credit Card,Pending,117.33
P04877,R04877,UPI,Pending,43.97
P04878,R04878,Cash,Pending,97.5
P04879,R04879,Cash,Pending,127.74
P04880,R04880,UPI,Pending,61.09
P04881,R04881,Debit Card,Failed,102.19
P04882,R04882,Debit Card,Success,45.94
P04883,R04883,Cash,Pending,23.81
P04884,R04884,Debit Card,Failed,45.8
P04885,R04885,Credit Card,Success,107.65
P04886,R04886,Cash,Pending,78.6
P04887,R04887,Debit Card,Failed,42.49
P04888,R04888,Credit Card,Failed,37.57
P04889,R04889,Cash,Success,123.99
P04890,R04890,Credit Card,Failed,56.35
P04891,R04891,Credit Card,Failed,73.78
P04892,R04892,Credit Card,Success,66.78
P04893,R04893,UPI,Failed,37.65
P04894,R04894,Cash,Failed,37.7
P04895,R04895,Credit Card,Pending,102.56
P04896,R04896,Debit Card,Success,144.77
P04897,R04897,UPI,Failed,107.6
P04898,R04898,Cash,Success,5.71
P04899,R04899,Debit Card,Pending,59.99
P04900,R04900,Cash,Failed,98.32
P04901,R04901,Credit Card,Failed,64.0
P04902,R04902,Credit Card,Pending,24.82
P04903,R04903,Credit Card,Success,47.91
P04904,R04904,UPI,Success,70.08
P04905,R04905,Credit Card,Success,35.69
P04906,R04906,UPI,Pending,113.12
P04907,R04907,Debit Card,Failed,37.26
P04908,R04908,Debit Card,Success,78.66
P04909,R04909,Debit Card,Failed,61.91
P04910,R04910,Cash,Failed,115.69
P04911,R04911,Credit Card,Success,43.52
P04912,R04912,Debit Card,Success,131.72
P04913,R04913,UPI,Pending,21.74
P04914,R04914,Debit Card,Pending,66.63
P04915,R04915,Cash,Pending,36.1
P04916,R04916,Cash,Pending,5.76
P04917,R04917,Debit Card,Success,25.28
P04918,R04918,Debit Card,Pending,101.84
P04919,R04919,Cash,Success,57.86
P04920,R04920,Credit Card,Pending,43.56
P04921,R04921,Debit Card,Failed,7.02
P04922,R04922,Credit Card,Failed,113.87
P04923,R04923,Debit Card,Success,6.87
P04924,R04924,UPI,Success,1.62
P04925,R04925,Cash,Success,125.19
P04926,R04926,Debit Card,Failed,134.35
P04927,R04927,Credit Card,Pending,23.81
P04928,R04928,Credit Card,Failed,139.9
P04929,R04929,Credit Card,Success,62.64
P04930,R04930,Cash,Pending,66.51
P04931,R04931,Debit Card,Pending,141.88
P04932,R04932,Debit Card,Pending,53.58
P04933,R04933,Debit Card,Success,148.96
P04934,R04934,UPI,Pending,87.18
P04935,R04935,Debit Card,Success,118.83
P04936,R04936,Cash,Pending,8.65
P04937,R04937,Debit Card,Success,62.04
P04938,R04938,Credit Card,Success,136.81
P04939,R04939,Cash,Failed,149.31
P04940,R04940,Cash,Pending,7.23
P04941,R04941,Debit Card,Success,94.43
P04942,R04942,UPI,Failed,7.26
P04943,R04943,Cash,Failed,33.17
P04944,R04944,Credit Card,Pending,35.4
P04945,R04945,Cash,Pending,100.45
P04946,R04946,Credit Card,Pending,100.44
P04947,R04947,Debit Card,Success,148.33
P04948,R04948,Debit Card,Failed,121.46
P04949,R04949,UPI,Failed,96.96
P04950,R04950,Cash,Failed,13.71
P04951,R04951,Credit Card,Success,45.94
P04952,R04952,UPI,Failed,39.86
P04953,R04953,Credit Card,Failed,49.74
P04954,R04954,Cash,Success,81.93
P04955,R04955,Cash,Pending,23.31
P04956,R04956,Debit Card,Success,63.53
P04957,R04957,UPI,Failed,111.72
P04958,R04958,Debit Card,Pending,118.55
P04959,R04959,Debit Card,Pending,100.98
P04960,R04960,Cash,Success,99.76
P04961,R04961,Credit Card,Success,76.24
P04962,R04962,Cash,Failed,80.98
P04963,R04963,Credit Card,Failed,84.68
P04964,R04964,Debit Card,Success,28.31
P04965,R04965,Cash,Failed,83.77
P04966,R04966,UPI,Failed,85.51
P04967,R04967,UPI,Pending,69.66
P04968,R04968,Cash,Success,63.84
P04969,R04969,Cash,Success,8.67
P04970,R04970,Cash,Failed,115.05
P04971,R04971,Credit Card,Success,27.98
P04972,R04972,UPI,Success,137.65
P04973,R04973,Debit Card,Failed,12.04
P04974,R04974,UPI,Success,120.49
P04975,R04975,Credit Card,Success,10.96
P04976,R04976,UPI,Failed,64.37
P04977,R04977,Credit Card,Success,55.82
P04978,R04978,Credit Card,Pending,71.15
P04979,R04979,UPI,Success,40.17
P04980,R04980,Debit Card,Failed,31.76
P04981,R04981,Cash,Failed,137.37
P04982,R04982,UPI,Success,98.6
P04983,R04983,UPI,Pending,62.23
P04984,R04984,Cash,Success,114.83
P04985,R04985,Debit Card,Pending,101.38
P04986,R04986,Cash,Failed,135.61
P04987,R04987,UPI,Pending,87.88
P04988,R04988,Debit Card,Failed,100.86
P04989,R04989,UPI,Failed,80.4
P04990,R04990,Debit Card,Pending,47.9
P04991,R04991,Credit Card,Pending,36.28
P04992,R04992,Credit Card,Pending,16.09
P04993,R04993,UPI,Failed,3.07
P04994,R04994,Debit Card,Pending,60.04
P04995,R04995,Cash,Failed,0.26
P04996,R04996,Debit Card,Success,57.19
P04997,R04997,Cash,Pending,90.51
P04998,R04998,Credit Card,Pending,66.38
P04999,R04999,Credit Card,Success,27.24
P05000,R05000,Cash,Pending,36.78
