ride_id,customer_id,driver_id,pickup_datetime,drop_datetime,pickup_location,drop_location,distance_km,fare,payment_method,ride_status
R00001,C0042,D0363,2026-01-23 13:43:04.147694,2026-01-23 14:36:04.147694,IT Park,Metro Station,24.53,466.54,UPI,Cancelled
R00002,C0294,D0054,2026-02-25 06:48:04.147859,2026-02-25 07:24:04.147859,Hospital,Bus Stand,14.33,356.94,Cash,Cancelled
R00003,C0047,D0398,2025-10-06 12:02:04.147903,2025-10-06 12:18:04.147903,Mall,Airport,29.63,619.34,Debit Card,Completed
R00004,C0450,D0366,2025-09-15 03:38:04.147937,2025-09-15 05:08:04.147937,Metro Station,Mall,23.74,523.32,Credit Card,Cancelled
R00005,C0177,D0486,2025-12-12 12:40:04.147965,2025-12-12 14:04:04.147965,Mall,City Center,22.16,442.88,Debit Card,Completed
R00006,C0715,D0449,2025-11-03 17:55:04.147993,2025-11-03 18:25:04.147993,Bus Stand,Mall,13.21,314.78,Credit Card,Completed
R00007,C0240,D0246,2026-03-24 00:44:04.148021,2026-03-24 01:18:04.148021,Hospital,Airport,22.22,495.96,Debit Card,Completed
R00008,C0903,D0067,2026-06-29 16:22:04.148053,2026-06-29 17:48:04.148053,Residential Area,Hospital,21.51,429.18,Credit Card,Completed
R00009,C0823,D0143,2025-10-11 21:21:04.148079,2025-10-11 21:40:04.148079,Mall,Bus Stand,13.41,270.38,Cash,Completed
R00010,C0970,D0308,2026-06-20 22:48:04.148116,2026-06-20 23:09:04.148116,Railway Station,City Center,14.47,300.46,Cash,Cancelled
R00011,C0319,D0064,2026-03-24 16:06:04.148142,2026-03-24 17:29:04.148142,Railway Station,Bus Stand,11.53,244.54,Cash,Cancelled
R00012,C0222,D0416,2025-09-22 10:36:04.148167,2025-09-22 12:01:04.148167,Metro Station,University,21.68,423.24,Debit Card,Cancelled
R00013,C0047,D0449,2026-03-17 05:33:04.148192,2026-03-17 07:02:04.148192,Residential Area,University,14.44,316.92,Cash,Completed
R00014,C0740,D0264,2025-12-28 21:49:04.148230,2025-12-28 22:42:04.148230,Airport,Airport,13.61,330.98,UPI,Completed
R00015,C0901,D0398,2026-03-16 01:58:04.148255,2026-03-16 03:22:04.148255,Mall,Metro Station,21.92,488.56,Credit Card,Completed
R00016,C0268,D0064,2026-01-21 08:27:04.148278,2026-01-21 09:18:04.148278,Railway Station,University,18.98,378.64,Debit Card,Completed
R00017,C0188,D0247,2025-12-16 15:24:04.148301,2025-12-16 16:47:04.148301,City Center,Airport,23.8,486.4,UPI,Completed
R00018,C0205,D0470,2025-12-12 10:56:04.148329,2025-12-12 12:25:04.148329,Bus Stand,Mall,8.03,215.54,UPI,Completed
R00019,C0581,D0236,2025-08-29 05:53:04.148353,2025-08-29 06:46:04.148353,IT Park,Mall,28.89,603.02,Cash,Completed
R00020,C0482,D0082,2025-12-21 18:12:04.148376,2025-12-21 18:38:04.148376,Bus Stand,Hospital,25.74,519.32,Credit Card,Completed
R00021,C0980,D0035,2026-03-10 18:04:04.148398,2026-03-10 18:55:04.148398,Metro Station,Hospital,28.24,560.32,Cash,Cancelled
R00022,C0120,D0385,2025-09-10 04:43:04.148420,2025-09-10 05:13:04.148420,Residential Area,Residential Area,8.45,234.1,Cash,Completed
R00023,C0950,D0319,2025-08-05 01:29:04.148442,2025-08-05 02:14:04.148442,Hospital,Metro Station,29.02,571.36,Debit Card,Cancelled
R00024,C0289,D0426,2025-11-07 20:47:04.148464,2025-11-07 22:00:04.148464,Hospital,Mall,27.63,558.34,Credit Card,Completed
R00025,C0092,D0103,2026-03-15 23:28:04.148486,2026-03-16 00:25:04.148486,Railway Station,City Center,28.79,549.22,Debit Card,Completed
R00026,C0952,D0482,2026-02-09 12:56:04.148508,2026-02-09 13:16:04.148508,Airport,Bus Stand,10.44,244.92,Debit Card,Cancelled
R00027,C0750,D0020,2025-12-18 17:41:04.148530,2025-12-18 18:41:04.148530,City Center,IT Park,25.11,538.98,UPI,Cancelled
R00028,C0926,D0274,2026-03-11 03:30:04.148555,2026-03-11 04:29:04.148555,Hospital,Railway Station,11.43,296.74,UPI,Completed
R00029,C0592,D0159,2026-01-09 19:02:04.148578,2026-01-09 19:15:04.148578,Bus Stand,Railway Station,25.43,543.74,Cash,Completed
R00030,C0965,D0196,2025-08-11 01:58:04.148605,2025-08-11 03:00:04.148605,University,Airport,23.59,480.62,Credit Card,Cancelled
R00031,C0918,D0457,2026-03-24 16:14:04.148632,2026-03-24 16:57:04.148632,Metro Station,Metro Station,29.49,556.82,Debit Card,Cancelled
R00032,C0519,D0081,2026-03-23 00:29:04.148655,2026-03-23 01:11:04.148655,Airport,Hospital,23.08,454.44,Credit Card,Completed
R00033,C0934,D0036,2026-07-05 02:43:04.148677,2026-07-05 04:02:04.148677,Metro Station,Airport,13.87,322.66,Debit Card,Completed
R00034,C0783,D0398,2026-07-01 01:01:04.148699,2026-07-01 01:45:04.148699,Railway Station,Railway Station,21.51,475.18,Cash,Completed
R00035,C0260,D0282,2025-10-18 05:23:04.148722,2025-10-18 06:45:04.148722,Bus Stand,Hospital,23.5,519.0,Cash,Completed
R00036,C0651,D0124,2026-02-05 08:36:04.148744,2026-02-05 09:07:04.148744,Hospital,Mall,26.19,530.42,UPI,Completed
R00037,C0277,D0007,2026-07-12 20:49:04.148767,2026-07-12 21:30:04.148767,Railway Station,IT Park,28.67,574.06,UPI,Completed
R00038,C0102,D0476,2025-11-23 03:19:04.148791,2025-11-23 04:42:04.148791,Hospital,Mall,2.41,96.38,UPI,Completed
R00039,C0328,D0277,2026-01-13 19:48:04.148813,2026-01-13 20:46:04.148813,Airport,Bus Stand,7.33,189.94,Cash,Cancelled
R00040,C0708,D0241,2025-08-30 11:48:04.148834,2025-08-30 12:26:04.148834,City Center,Bus Stand,11.43,268.74,Debit Card,Completed
R00041,C0512,D0313,2026-03-08 22:29:04.148856,2026-03-08 22:54:04.148856,Railway Station,Mall,12.1,308.8,Cash,Completed
R00042,C0275,D0217,2026-07-31 06:12:04.148878,2026-07-31 06:52:04.148878,IT Park,Mall,28.4,570.2,Cash,Completed
R00043,C0519,D0386,2026-01-14 16:26:04.148900,2026-01-14 16:49:04.148900,Railway Station,IT Park,16.75,373.5,Cash,Cancelled
R00044,C0815,D0246,2026-06-19 01:46:04.148921,2026-06-19 02:24:04.148921,Bus Stand,Airport,18.98,436.64,Credit Card,Completed
R00045,C0072,D0364,2025-08-16 14:42:04.148950,2025-08-16 15:16:04.148950,Metro Station,City Center,26.75,505.5,Credit Card,Cancelled
R00046,C0295,D0022,2025-12-17 00:34:04.149163,2025-12-17 01:46:04.149163,Railway Station,Bus Stand,28.55,546.9,Cash,Cancelled
R00047,C0944,D0052,2026-01-29 10:17:04.149236,2026-01-29 11:19:04.149236,Hospital,Railway Station,24.71,529.78,Credit Card,Cancelled
R00048,C0985,D0261,2025-10-04 21:23:04.149276,2025-10-04 21:55:04.149276,Residential Area,Railway Station,9.63,201.34,Cash,Cancelled
R00049,C0085,D0279,2025-08-27 09:37:04.149301,2025-08-27 10:17:04.149301,Hospital,Airport,12.49,315.82,Credit Card,Cancelled
R00050,C0365,D0128,2025-12-05 22:19:04.149324,2025-12-05 22:47:04.149324,Airport,Mall,27.63,550.34,Credit Card,Completed
R00051,C0964,D0187,2026-03-01 19:48:04.149348,2026-03-01 20:40:04.149348,Mall,IT Park,13.62,271.16,UPI,Cancelled
R00052,C0061,D0006,2026-02-04 06:41:04.149371,2026-02-04 07:49:04.149371,Bus Stand,University,7.19,211.42,Debit Card,Completed
R00053,C0314,D0466,2026-08-02 06:42:04.149393,2026-08-02 07:02:04.149393,Metro Station,Metro Station,13.55,303.9,UPI,Completed
R00054,C0260,D0183,2026-05-07 15:55:04.149417,2026-05-07 16:47:04.149417,Railway Station,Hospital,7.8,188.4,Credit Card,Completed
R00055,C0846,D0487,2026-01-30 03:45:04.149444,2026-01-30 04:35:04.149444,Hospital,IT Park,14.03,335.54,Credit Card,Completed
R00056,C0260,D0458,2025-12-06 05:20:04.149466,2025-12-06 06:04:04.149466,City Center,IT Park,9.71,215.78,Debit Card,Completed
R00057,C0499,D0019,2025-12-28 15:00:04.149487,2025-12-28 15:43:04.149487,Airport,Residential Area,9.64,219.52,Debit Card,Completed
R00058,C0459,D0249,2026-04-16 01:06:04.149513,2026-04-16 02:22:04.149513,Railway Station,Airport,13.32,310.76,UPI,Completed
R00059,C0743,D0056,2026-07-05 10:47:04.149536,2026-07-05 11:58:04.149536,IT Park,Mall,7.34,199.12,Debit Card,Completed
R00060,C0429,D0097,2026-07-19 05:50:04.149558,2026-07-19 06:56:04.149558,City Center,Residential Area,9.85,232.3,Debit Card,Completed
R00061,C0030,D0038,2025-12-17 22:34:04.149581,2025-12-17 22:57:04.149581,Hospital,Railway Station,10.07,268.26,Cash,Completed
R00062,C0085,D0229,2025-10-27 15:56:04.149607,2025-10-27 17:22:04.149607,Hospital,Bus Stand,6.6,175.8,UPI,Completed
R00063,C0605,D0232,2026-05-28 01:26:04.149630,2026-05-28 02:20:04.149630,IT Park,IT Park,5.45,174.1,Cash,Cancelled
R00064,C0673,D0194,2025-09-02 15:03:04.149652,2025-09-02 16:07:04.149652,Railway Station,Airport,27.96,574.28,Credit Card,Completed
R00065,C0337,D0401,2025-11-06 17:26:04.149675,2025-11-06 18:34:04.149675,Bus Stand,Metro Station,4.96,118.28,Cash,Cancelled
R00066,C0872,D0086,2025-12-30 01:41:04.149697,2025-12-30 01:58:04.149697,Railway Station,Residential Area,17.81,401.58,Credit Card,Completed
R00067,C0220,D0233,2026-07-21 05:52:04.149722,2026-07-21 06:29:04.149722,Airport,Mall,23.74,454.32,Credit Card,Cancelled
R00068,C0705,D0402,2025-08-31 09:39:04.149746,2025-08-31 11:02:04.149746,University,Metro Station,10.23,257.14,Debit Card,Cancelled
R00069,C0655,D0451,2026-07-10 04:41:04.149769,2026-07-10 05:07:04.149769,Bus Stand,City Center,11.13,290.34,UPI,Cancelled
R00070,C0564,D0485,2025-09-09 12:48:04.149791,2025-09-09 13:58:04.149791,Hospital,Residential Area,7.36,229.48,Debit Card,Completed
R00071,C0173,D0120,2026-03-05 17:17:04.149812,2026-03-05 18:37:04.149812,University,Airport,6.5,211.0,UPI,Completed
R00072,C0703,D0113,2026-03-04 13:50:04.149835,2026-03-04 14:52:04.149835,Residential Area,Bus Stand,27.2,528.6,Credit Card,Cancelled
R00073,C0344,D0167,2026-03-16 20:06:04.149857,2026-03-16 21:26:04.149857,Metro Station,City Center,18.6,380.8,Credit Card,Completed
R00074,C0885,D0252,2026-03-19 06:25:04.149879,2026-03-19 07:51:04.149879,IT Park,Metro Station,26.27,567.86,Debit Card,Completed
R00075,C0264,D0332,2026-07-16 02:03:04.149901,2026-07-16 02:25:04.149901,City Center,Airport,4.25,105.5,Cash,Cancelled
R00076,C0336,D0064,2026-03-28 04:51:04.149922,2026-03-28 05:57:04.149922,Railway Station,Airport,27.96,599.28,Credit Card,Completed
R00077,C0336,D0334,2026-02-14 18:38:04.149944,2026-02-14 19:46:04.149944,Mall,Airport,10.57,252.26,UPI,Cancelled
R00078,C0455,D0193,2025-12-08 12:46:04.149970,2025-12-08 13:23:04.149970,Residential Area,IT Park,2.12,109.16,Debit Card,Cancelled
R00079,C0648,D0090,2025-12-14 09:09:04.149993,2025-12-14 09:39:04.149993,City Center,Bus Stand,26.61,554.98,Debit Card,Completed
R00080,C0363,D0011,2025-10-19 17:27:04.150015,2025-10-19 18:48:04.150015,Metro Station,Metro Station,24.67,520.06,Debit Card,Completed
R00081,C0765,D0122,2026-05-29 10:55:04.150038,2026-05-29 11:29:04.150038,Residential Area,Residential Area,20.66,408.88,Debit Card,Completed
R00082,C0013,D0097,2025-12-15 22:26:04.150060,2025-12-15 22:55:04.150060,Airport,IT Park,11.08,248.44,Cash,Completed
R00083,C0474,D0324,2025-09-20 02:34:04.150094,2025-09-20 03:49:04.150094,Bus Stand,Residential Area,5.82,167.76,Credit Card,Cancelled
R00084,C0029,D0239,2026-03-15 07:47:04.150118,2026-03-15 08:45:04.150118,IT Park,Bus Stand,7.48,208.64,Credit Card,Completed
R00085,C0973,D0016,2025-08-22 00:57:04.150140,2025-08-22 02:25:04.150140,Airport,Airport,27.39,592.02,UPI,Cancelled
R00086,C0058,D0462,2026-02-18 17:42:04.150162,2026-02-18 19:01:04.150162,Railway Station,Hospital,17.6,400.8,UPI,Completed
R00087,C0305,D0171,2026-05-21 09:19:04.150185,2026-05-21 10:45:04.150185,Bus Stand,Hospital,23.29,501.22,Debit Card,Completed
R00088,C0432,D0471,2026-07-27 15:30:04.150221,2026-07-27 15:46:04.150221,City Center,Mall,13.69,268.42,Credit Card,Cancelled
R00089,C0205,D0271,2026-07-21 05:20:04.150245,2026-07-21 05:58:04.150245,Bus Stand,Residential Area,28.08,595.44,Credit Card,Cancelled
R00090,C0548,D0178,2025-09-14 00:24:04.150266,2025-09-14 01:06:04.150266,City Center,Metro Station,5.24,154.32,Cash,Cancelled
R00091,C0705,D0260,2025-12-05 18:39:04.150288,2025-12-05 20:07:04.150288,Hospital,Bus Stand,12.77,312.86,UPI,Cancelled
R00092,C0706,D0116,2025-11-12 07:08:04.150312,2025-11-12 08:33:04.150312,Hospital,Metro Station,23.14,510.52,Debit Card,Cancelled
R00093,C0381,D0165,2026-05-24 15:38:04.150334,2026-05-24 15:52:04.150334,IT Park,Hospital,3.19,148.42,Cash,Cancelled
R00094,C0550,D0013,2025-09-05 19:26:04.150356,2025-09-05 19:38:04.150356,Railway Station,Residential Area,5.4,120.2,UPI,Cancelled
R00095,C0663,D0150,2026-04-23 05:43:04.150378,2026-04-23 06:09:04.150378,Bus Stand,Hospital,21.25,467.5,UPI,Cancelled
R00096,C0776,D0325,2026-06-15 13:26:04.150400,2026-06-15 14:41:04.150400,Residential Area,Bus Stand,3.36,113.48,Debit Card,Completed
R00097,C0848,D0300,2025-09-28 19:38:04.150422,2025-09-28 21:06:04.150422,Bus Stand,IT Park,15.94,383.92,Debit Card,Completed
R00098,C0137,D0125,2026-06-18 12:39:04.150445,2026-06-18 13:52:04.150445,Bus Stand,IT Park,4.06,100.08,Cash,Cancelled
R00099,C0233,D0435,2025-11-02 13:05:04.150468,2025-11-02 13:38:04.150468,City Center,Bus Stand,10.34,210.12,UPI,Completed
R00100,C0194,D0275,2025-08-08 05:57:04.150490,2025-08-08 06:35:04.150490,Railway Station,Railway Station,21.71,410.78,Credit Card,Cancelled
R00101,C0847,D0054,2026-05-13 22:00:04.150511,2026-05-13 23:15:04.150511,Railway Station,Metro Station,29.21,617.78,UPI,Completed
R00102,C0039,D0040,2025-08-11 22:07:04.150533,2025-08-11 22:52:04.150533,Metro Station,Residential Area,6.29,202.22,Debit Card,Cancelled
R00103,C0275,D0414,2026-06-28 03:03:04.150554,2026-06-28 04:29:04.150554,IT Park,Airport,9.99,205.82,UPI,Completed
R00104,C0562,D0482,2025-12-03 05:46:04.150576,2025-12-03 07:02:04.150576,Hospital,University,22.75,434.5,Cash,Cancelled
R00105,C0404,D0300,2026-01-15 23:52:04.150607,2026-01-16 00:22:04.150607,IT Park,City Center,16.32,345.76,Debit Card,Completed
R00106,C0410,D0061,2025-08-31 04:03:04.150629,2025-08-31 04:23:04.150629,Metro Station,Railway Station,10.87,295.66,Debit Card,Cancelled
R00107,C0817,D0103,2025-10-26 00:33:04.150657,2025-10-26 01:36:04.150657,Airport,Mall,19.95,452.1,Debit Card,Cancelled
R00108,C0508,D0030,2026-04-26 06:56:04.150683,2026-04-26 07:48:04.150683,Mall,Mall,26.28,526.04,Debit Card,Cancelled
R00109,C0011,D0129,2026-07-11 17:38:04.150706,2026-07-11 18:48:04.150706,IT Park,Airport,18.64,397.52,UPI,Cancelled
R00110,C0795,D0043,2026-02-25 16:11:04.150728,2026-02-25 16:50:04.150728,Railway Station,University,26.07,566.26,Credit Card,Cancelled
R00111,C0922,D0082,2026-03-06 10:00:04.150751,2026-03-06 10:38:04.150751,City Center,City Center,26.01,517.18,Cash,Cancelled
R00112,C0961,D0347,2025-08-22 14:37:04.150773,2025-08-22 16:03:04.150773,Hospital,University,2.11,101.98,UPI,Completed
R00113,C0746,D0316,2025-11-12 16:18:04.150795,2025-11-12 16:50:04.150795,Railway Station,Railway Station,17.03,374.54,Debit Card,Cancelled
R00114,C0179,D0475,2026-03-18 20:46:04.150817,2026-03-18 21:18:04.150817,Hospital,Mall,6.84,169.12,Credit Card,Cancelled
R00115,C0330,D0255,2025-12-13 12:25:04.150839,2025-12-13 13:11:04.150839,Hospital,Airport,15.14,326.52,Debit Card,Cancelled
R00116,C0697,D0427,2026-07-30 15:33:04.150861,2026-07-30 16:53:04.150861,Mall,City Center,15.48,360.64,Debit Card,Completed
R00117,C0972,D0094,2026-02-15 19:27:04.150882,2026-02-15 20:03:04.150882,Bus Stand,City Center,15.58,325.44,UPI,Completed
R00118,C0036,D0240,2026-01-10 01:38:04.151049,2026-01-10 02:01:04.151049,Mall,University,3.3,148.4,Cash,Completed
R00119,C0790,D0024,2026-06-13 03:38:04.151074,2026-06-13 04:01:04.151074,Metro Station,Mall,23.19,465.42,Debit Card,Completed
R00120,C0084,D0043,2026-06-29 09:42:04.151105,2026-06-29 10:26:04.151105,City Center,Mall,22.45,438.1,Credit Card,Completed
R00121,C0368,D0153,2025-11-27 19:42:04.151127,2025-11-27 19:59:04.151127,City Center,Airport,11.0,285.0,Debit Card,Cancelled
R00122,C0102,D0270,2025-12-21 12:25:04.151151,2025-12-21 13:27:04.151151,Airport,Residential Area,22.9,506.2,Cash,Cancelled
R00123,C0468,D0134,2026-02-09 03:59:04.151174,2026-02-09 05:15:04.151174,Mall,Bus Stand,16.32,356.76,Credit Card,Completed
R00124,C0460,D0478,2026-01-20 13:19:04.151197,2026-01-20 14:49:04.151197,Railway Station,Residential Area,23.84,485.12,Cash,Completed
R00125,C0916,D0473,2025-09-18 22:01:04.151232,2025-09-18 22:39:04.151232,City Center,Metro Station,16.44,371.92,Credit Card,Completed
R00126,C0145,D0377,2025-12-03 12:53:04.151256,2025-12-03 13:27:04.151256,IT Park,Mall,6.47,189.46,UPI,Completed
R00127,C0510,D0206,2025-12-14 22:49:04.151278,2025-12-14 23:59:04.151278,Airport,Hospital,16.59,393.62,Cash,Cancelled
R00128,C0684,D0252,2026-05-09 11:25:04.151303,2026-05-09 12:01:04.151303,Metro Station,Railway Station,22.68,468.24,Debit Card,Cancelled
R00129,C0270,D0035,2026-04-07 11:01:04.151326,2026-04-07 11:41:04.151326,Metro Station,Residential Area,27.19,559.42,Credit Card,Completed
R00130,C0532,D0304,2026-03-17 19:56:04.151349,2026-03-17 20:50:04.151349,Mall,Bus Stand,26.53,550.54,UPI,Completed
R00131,C0006,D0069,2025-08-27 11:07:04.151371,2025-08-27 11:43:04.151371,Airport,IT Park,17.87,372.66,Debit Card,Cancelled
R00132,C0094,D0491,2026-02-03 13:45:04.151393,2026-02-03 15:08:04.151393,IT Park,City Center,11.65,301.7,Credit Card,Completed
R00133,C0131,D0135,2026-03-13 09:51:04.151416,2026-03-13 10:41:04.151416,Bus Stand,Bus Stand,22.89,479.02,Credit Card,Completed
R00134,C0110,D0082,2026-02-25 13:58:04.151437,2026-02-25 14:50:04.151437,IT Park,Mall,25.35,486.3,Cash,Completed
R00135,C0362,D0025,2026-07-31 09:00:04.151458,2026-07-31 09:17:04.151458,Residential Area,Residential Area,22.3,436.4,Credit Card,Cancelled
R00136,C0772,D0495,2025-09-02 11:30:04.151480,2025-09-02 12:29:04.151480,Residential Area,Hospital,11.36,251.48,Debit Card,Cancelled
R00137,C0496,D0068,2025-10-26 00:03:04.151502,2025-10-26 01:06:04.151502,Mall,University,23.36,464.48,Cash,Cancelled
R00138,C0243,D0022,2026-07-13 08:03:04.151527,2026-07-13 08:32:04.151527,Metro Station,Railway Station,11.37,239.66,Credit Card,Completed
R00139,C0670,D0291,2026-02-24 21:06:04.151549,2026-02-24 21:24:04.151549,Residential Area,Hospital,11.11,268.98,UPI,Cancelled
R00140,C0541,D0273,2025-11-17 08:19:04.151571,2025-11-17 08:51:04.151571,Mall,Mall,3.49,143.82,UPI,Cancelled
R00141,C0463,D0082,2026-02-25 13:41:04.151593,2026-02-25 14:19:04.151593,Railway Station,Mall,29.81,601.58,UPI,Completed
R00142,C0724,D0262,2025-09-25 16:34:04.151615,2025-09-25 17:17:04.151615,City Center,Railway Station,11.79,265.22,Debit Card,Completed
R00143,C0249,D0313,2025-09-28 01:26:04.151640,2025-09-28 02:32:04.151640,Residential Area,Metro Station,23.11,496.98,UPI,Cancelled
R00144,C0485,D0417,2025-10-24 16:35:04.151661,2025-10-24 17:35:04.151661,City Center,Mall,10.13,270.34,UPI,Cancelled
R00145,C0328,D0258,2025-09-02 03:05:04.151683,2025-09-02 04:13:04.151683,Bus Stand,Railway Station,6.76,144.68,UPI,Cancelled
R00146,C0409,D0380,2026-04-10 14:45:04.151704,2026-04-10 15:28:04.151704,Railway Station,Metro Station,19.37,448.66,Debit Card,Cancelled
R00147,C0381,D0176,2025-12-02 06:28:04.151725,2025-12-02 06:39:04.151725,Hospital,Mall,23.06,495.08,Credit Card,Cancelled
R00148,C0224,D0413,2025-09-01 05:39:04.151749,2025-09-01 05:51:04.151749,City Center,Airport,23.61,522.98,Credit Card,Cancelled
R00149,C0487,D0311,2026-06-09 04:48:04.151771,2026-06-09 05:26:04.151771,Residential Area,University,5.53,133.54,Cash,Cancelled
R00150,C0432,D0166,2025-12-02 01:12:04.151793,2025-12-02 02:25:04.151793,Mall,IT Park,6.14,197.52,Debit Card,Completed
R00151,C0415,D0463,2026-02-04 07:00:04.151814,2026-02-04 08:19:04.151814,Residential Area,Airport,24.22,530.96,Cash,Completed
R00152,C0924,D0167,2026-07-30 14:26:04.151835,2026-07-30 15:10:04.151835,IT Park,University,7.42,203.56,Cash,Cancelled
R00153,C0255,D0293,2026-07-02 02:04:04.151857,2026-07-02 02:41:04.151857,IT Park,Hospital,6.57,191.26,Debit Card,Completed
R00154,C0814,D0105,2026-02-09 03:01:04.151878,2026-02-09 03:14:04.151878,Bus Stand,Bus Stand,17.65,363.7,UPI,Completed
R00155,C0506,D0046,2026-06-06 20:43:04.151900,2026-06-06 22:00:04.151900,IT Park,City Center,20.53,433.54,Credit Card,Cancelled
R00156,C0875,D0368,2025-12-18 02:18:04.151921,2025-12-18 03:06:04.151921,Railway Station,Mall,12.53,323.54,Credit Card,Cancelled
R00157,C0002,D0368,2025-12-19 23:55:04.151945,2025-12-20 00:46:04.151945,Airport,Hospital,3.63,91.34,UPI,Completed
R00158,C0940,D0150,2025-12-27 07:45:04.151969,2025-12-27 08:01:04.151969,Airport,University,15.59,374.62,UPI,Completed
R00159,C0587,D0457,2026-05-02 01:26:04.151991,2026-05-02 02:40:04.151991,Bus Stand,Metro Station,4.08,171.44,Credit Card,Cancelled
R00160,C0666,D0092,2025-12-31 21:33:04.152013,2025-12-31 22:19:04.152013,Bus Stand,City Center,18.03,409.54,UPI,Completed
R00161,C0021,D0371,2025-12-03 16:43:04.152039,2025-12-03 17:17:04.152039,Residential Area,Hospital,10.2,262.6,Debit Card,Cancelled
R00162,C0581,D0335,2025-11-29 06:12:04.152064,2025-11-29 06:29:04.152064,City Center,Railway Station,6.0,152.0,Credit Card,Cancelled
R00163,C0209,D0431,2025-08-11 23:25:04.152091,2025-08-12 00:15:04.152091,IT Park,Airport,16.38,319.84,Debit Card,Cancelled
R00164,C0329,D0464,2026-05-15 08:45:04.152114,2026-05-15 10:10:04.152114,Metro Station,Railway Station,18.7,378.6,Cash,Cancelled
R00165,C0525,D0460,2026-07-22 04:24:04.152135,2026-07-22 05:11:04.152135,IT Park,Hospital,18.03,423.54,UPI,Cancelled
R00166,C0414,D0142,2025-08-31 02:58:04.152156,2025-08-31 04:19:04.152156,Residential Area,Railway Station,29.16,600.88,Debit Card,Completed
R00167,C0970,D0231,2026-04-19 20:08:04.152178,2026-04-19 20:38:04.152178,Airport,IT Park,19.36,404.48,Cash,Completed
R00168,C0030,D0077,2025-11-30 14:00:04.152202,2025-11-30 14:48:04.152202,Mall,Airport,23.61,524.98,Cash,Cancelled
R00169,C0633,D0273,2026-05-25 23:40:04.152233,2026-05-26 00:52:04.152233,Bus Stand,Railway Station,27.09,585.62,Credit Card,Cancelled
R00170,C0022,D0215,2025-08-02 19:58:04.152255,2025-08-02 21:08:04.152255,Mall,Mall,2.5,94.0,Debit Card,Completed
R00171,C0062,D0234,2026-01-20 10:06:04.152281,2026-01-20 11:28:04.152281,Bus Stand,City Center,17.76,348.68,Debit Card,Cancelled
R00172,C0670,D0467,2026-07-28 03:38:04.152308,2026-07-28 04:44:04.152308,Railway Station,Bus Stand,25.6,501.8,Cash,Completed
R00173,C0988,D0309,2026-02-05 04:22:04.152330,2026-02-05 05:43:04.152330,City Center,Railway Station,19.23,411.14,Cash,Completed
R00174,C0814,D0443,2026-07-16 21:16:04.152352,2026-07-16 22:43:04.152352,Bus Stand,University,19.5,433.0,Credit Card,Cancelled
R00175,C0219,D0335,2026-06-12 18:20:04.152374,2026-06-12 19:13:04.152374,City Center,Airport,15.68,305.24,Credit Card,Cancelled
R00176,C0350,D0013,2025-08-03 09:04:04.152395,2025-08-03 10:18:04.152395,City Center,University,21.04,405.72,Cash,Cancelled
R00177,C0671,D0398,2026-06-27 22:42:04.152417,2026-06-27 22:52:04.152417,Metro Station,IT Park,20.91,465.38,Cash,Cancelled
R00178,C0906,D0242,2026-07-14 10:28:04.152440,2026-07-14 11:29:04.152440,IT Park,Airport,27.87,598.66,Debit Card,Completed
R00179,C0261,D0252,2026-03-16 11:39:04.152463,2026-03-16 12:27:04.152463,Mall,Bus Stand,18.56,416.08,Credit Card,Completed
R00180,C0183,D0183,2026-05-29 19:52:04.152484,2026-05-29 20:07:04.152484,Residential Area,Residential Area,2.81,108.58,Cash,Completed
R00181,C0980,D0429,2025-12-25 01:53:04.152505,2025-12-25 02:47:04.152505,University,Hospital,18.76,413.68,UPI,Completed
R00182,C0539,D0496,2025-08-17 13:59:04.152526,2025-08-17 15:14:04.152526,City Center,Residential Area,22.23,453.14,UPI,Completed
R00183,C0915,D0344,2026-02-13 21:23:04.152547,2026-02-13 22:05:04.152547,University,IT Park,6.85,218.3,Debit Card,Completed
R00184,C0623,D0407,2025-11-09 16:44:04.152568,2025-11-09 17:15:04.152568,Residential Area,University,8.6,243.8,UPI,Cancelled
R00185,C0563,D0164,2025-10-11 11:35:04.152589,2025-10-11 12:41:04.152589,Residential Area,Bus Stand,15.83,323.94,Credit Card,Cancelled
R00186,C0308,D0223,2026-02-17 12:01:04.152610,2026-02-17 13:06:04.152610,Railway Station,City Center,28.48,538.64,UPI,Completed
R00187,C0228,D0423,2026-03-26 09:51:04.152631,2026-03-26 10:53:04.152631,City Center,Airport,10.84,293.12,UPI,Completed
R00188,C0313,D0255,2026-01-04 08:15:04.152654,2026-01-04 09:10:04.152654,University,Airport,21.02,452.36,Cash,Cancelled
R00189,C0990,D0265,2025-12-22 23:02:04.152675,2025-12-23 00:19:04.152675,Railway Station,University,17.88,408.84,Debit Card,Completed
R00190,C0947,D0153,2026-06-23 16:10:04.152697,2026-06-23 17:33:04.152697,IT Park,Metro Station,15.18,294.24,Debit Card,Cancelled
R00191,C0523,D0033,2025-11-20 04:57:04.152718,2025-11-20 05:45:04.152718,Airport,Railway Station,29.95,604.1,Debit Card,Cancelled
R00192,C0748,D0193,2025-11-06 00:40:04.152739,2025-11-06 02:09:04.152739,Residential Area,Residential Area,3.23,130.14,Credit Card,Completed
R00193,C0552,D0267,2026-04-16 08:00:04.152761,2026-04-16 08:27:04.152761,Airport,Metro Station,27.35,583.3,Cash,Completed
R00194,C0590,D0383,2026-03-15 12:51:04.152782,2026-03-15 13:56:04.152782,IT Park,City Center,2.44,94.92,Debit Card,Completed
R00195,C0583,D0460,2025-09-10 14:31:04.152803,2025-09-10 15:52:04.152803,City Center,Residential Area,29.65,607.7,Debit Card,Cancelled
R00196,C0157,D0074,2026-02-15 10:41:04.152824,2026-02-15 11:55:04.152824,City Center,Mall,15.6,317.8,Credit Card,Completed
R00197,C0972,D0107,2026-03-05 08:44:04.152846,2026-03-05 09:53:04.152846,University,Metro Station,7.56,224.08,Cash,Completed
R00198,C0615,D0038,2026-04-12 15:16:04.152870,2026-04-12 16:16:04.152870,Railway Station,Metro Station,17.18,392.24,UPI,Cancelled
R00199,C0664,D0164,2025-11-30 01:45:04.152894,2025-11-30 03:04:04.152894,IT Park,City Center,15.4,350.2,Cash,Completed
R00200,C0742,D0150,2025-11-15 07:23:04.152915,2025-11-15 07:36:04.152915,IT Park,Airport,15.79,308.22,UPI,Cancelled
R00201,C0667,D0096,2026-02-13 04:24:04.152936,2026-02-13 05:18:04.152936,Residential Area,Metro Station,11.89,252.02,Cash,Cancelled
R00202,C0432,D0370,2026-01-22 13:57:04.152958,2026-01-22 15:06:04.152958,Residential Area,Airport,6.45,163.1,Credit Card,Completed
R00203,C0917,D0349,2026-07-19 05:18:04.152979,2026-07-19 06:24:04.152979,Residential Area,Railway Station,16.93,362.74,UPI,Completed
R00204,C0554,D0100,2025-09-27 02:23:04.153000,2025-09-27 03:47:04.153000,City Center,Airport,8.55,242.9,UPI,Completed
R00205,C0509,D0088,2026-07-05 04:55:04.153021,2026-07-05 05:11:04.153021,Metro Station,Airport,23.4,456.2,Cash,Cancelled
R00206,C0367,D0013,2026-07-26 17:28:04.153043,2026-07-26 17:53:04.153043,Hospital,City Center,14.9,295.2,UPI,Completed
R00207,C0221,D0493,2026-03-17 14:27:04.153065,2026-03-17 15:50:04.153065,City Center,University,13.23,259.14,Cash,Completed
R00208,C0490,D0079,2026-07-29 04:06:04.153093,2026-07-29 05:26:04.153093,IT Park,Mall,20.23,462.14,Cash,Completed
R00209,C0880,D0154,2025-11-29 12:59:04.153115,2025-11-29 13:27:04.153115,University,Metro Station,6.42,149.56,Cash,Cancelled
R00210,C0757,D0045,2026-03-10 16:32:04.153136,2026-03-10 17:38:04.153136,Metro Station,University,17.56,380.08,UPI,Completed
R00211,C0732,D0059,2026-05-23 17:54:04.153157,2026-05-23 18:51:04.153157,Bus Stand,Mall,28.12,545.16,Debit Card,Cancelled
R00212,C0207,D0436,2026-04-22 21:26:04.153177,2026-04-22 22:41:04.153177,Residential Area,Residential Area,13.88,332.84,UPI,Cancelled
R00213,C0566,D0164,2025-09-18 21:46:04.153198,2025-09-18 22:47:04.153198,Mall,Airport,23.13,447.34,UPI,Cancelled
R00214,C0175,D0406,2026-06-22 17:23:04.153228,2026-06-22 18:35:04.153228,Airport,City Center,28.64,549.52,Credit Card,Cancelled
R00215,C0372,D0314,2026-02-11 09:16:04.153256,2026-02-11 10:25:04.153256,Metro Station,Metro Station,8.25,197.5,UPI,Completed
R00216,C0985,D0256,2026-04-04 15:13:04.153278,2026-04-04 16:39:04.153278,Airport,Railway Station,5.55,150.9,Cash,Completed
R00217,C0603,D0204,2026-07-11 04:05:04.153299,2026-07-11 05:19:04.153299,Residential Area,IT Park,5.35,172.3,Debit Card,Completed
R00218,C0588,D0232,2025-11-07 13:40:04.153323,2025-11-07 15:01:04.153323,Mall,IT Park,10.15,249.7,Cash,Completed
R00219,C0850,D0380,2025-09-14 23:48:04.153345,2025-09-15 00:10:04.153345,IT Park,Residential Area,26.46,543.28,Cash,Completed
R00220,C0167,D0469,2025-10-20 22:37:04.153366,2025-10-20 23:53:04.153366,Hospital,Airport,13.67,308.06,Credit Card,Cancelled
R00221,C0989,D0416,2026-01-01 11:53:04.153389,2026-01-01 13:16:04.153389,IT Park,City Center,24.17,461.06,Credit Card,Completed
R00222,C0260,D0367,2025-08-26 17:21:04.153410,2025-08-26 17:38:04.153410,Railway Station,Hospital,15.77,334.86,Credit Card,Cancelled
R00223,C0832,D0385,2025-09-23 06:39:04.153431,2025-09-23 07:35:04.153431,IT Park,Airport,15.17,365.06,Credit Card,Cancelled
R00224,C0012,D0065,2026-05-10 05:19:04.153452,2026-05-10 06:16:04.153452,Metro Station,Bus Stand,20.1,436.8,Cash,Cancelled
R00225,C0720,D0107,2026-05-18 18:50:04.153473,2026-05-18 19:24:04.153473,Mall,Railway Station,8.83,181.94,Credit Card,Cancelled
R00226,C0142,D0409,2026-05-29 19:52:04.153494,2026-05-29 20:51:04.153494,Airport,City Center,26.83,540.94,Cash,Cancelled
R00227,C0199,D0086,2025-10-18 15:46:04.153515,2025-10-18 17:12:04.153515,City Center,City Center,17.69,400.42,Cash,Completed
R00228,C0755,D0057,2025-08-04 17:40:04.153543,2025-08-04 18:07:04.153543,IT Park,Railway Station,28.64,596.52,Cash,Cancelled
R00229,C0956,D0011,2026-04-20 20:08:04.153566,2026-04-20 21:06:04.153566,Airport,IT Park,9.3,196.4,Debit Card,Cancelled
R00230,C0233,D0315,2026-02-18 20:42:04.153587,2026-02-18 21:04:04.153587,Residential Area,Bus Stand,21.22,468.96,Cash,Completed
R00231,C0863,D0416,2025-12-01 01:26:04.153609,2025-12-01 02:04:04.153609,IT Park,University,9.31,250.58,Debit Card,Completed
R00232,C0482,D0364,2025-10-14 09:10:04.153631,2025-10-14 09:36:04.153631,Residential Area,Hospital,17.57,405.26,Cash,Completed
R00233,C0194,D0356,2026-03-10 02:34:04.153652,2026-03-10 03:42:04.153652,City Center,Mall,15.35,344.3,Cash,Cancelled
R00234,C0196,D0416,2025-09-05 23:50:04.153674,2025-09-06 00:37:04.153674,Mall,University,15.04,334.72,Cash,Completed
R00235,C0349,D0129,2025-08-06 16:32:04.153698,2025-08-06 17:37:04.153698,IT Park,Metro Station,22.31,477.58,Cash,Cancelled
R00236,C0915,D0182,2025-12-29 02:42:04.153719,2025-12-29 03:06:04.153719,Mall,Railway Station,26.23,572.14,Debit Card,Cancelled
R00237,C0087,D0413,2026-01-12 16:27:04.153740,2026-01-12 17:08:04.153740,Bus Stand,Residential Area,29.13,604.34,Credit Card,Cancelled
R00238,C0206,D0287,2026-06-07 11:35:04.153763,2026-06-07 12:12:04.153763,University,IT Park,16.72,329.96,Cash,Completed
R00239,C0169,D0099,2026-01-05 16:21:04.153784,2026-01-05 17:51:04.153784,University,Hospital,5.46,156.28,UPI,Cancelled
R00240,C0831,D0398,2025-12-29 16:05:04.153805,2025-12-29 16:57:04.153805,Hospital,Metro Station,2.79,81.22,UPI,Cancelled
R00241,C0625,D0148,2025-11-04 00:01:04.153827,2025-11-04 00:13:04.153827,Metro Station,Mall,4.65,171.7,Cash,Cancelled
R00242,C0806,D0483,2026-04-30 07:39:04.153849,2026-04-30 07:50:04.153849,IT Park,Airport,19.81,412.58,UPI,Completed
R00243,C0466,D0400,2026-04-04 21:07:04.153871,2026-04-04 21:24:04.153871,Railway Station,Mall,23.24,476.32,Debit Card,Completed
R00244,C0390,D0413,2026-02-26 01:00:04.153892,2026-02-26 01:39:04.153892,University,Bus Stand,29.9,564.2,UPI,Completed
R00245,C0372,D0424,2026-01-04 20:03:04.153913,2026-01-04 20:32:04.153913,City Center,Metro Station,19.36,442.48,Cash,Completed
R00246,C0923,D0280,2026-02-27 07:53:04.153934,2026-02-27 08:03:04.153934,Railway Station,City Center,15.04,305.72,Cash,Cancelled
R00247,C0937,D0459,2025-12-20 12:15:04.153955,2025-12-20 13:07:04.153955,Residential Area,Railway Station,13.44,314.92,Credit Card,Cancelled
R00248,C0937,D0408,2026-06-20 15:18:04.153986,2026-06-20 16:11:04.153986,Railway Station,IT Park,11.09,299.62,Cash,Completed
R00249,C0895,D0365,2025-08-25 05:56:04.154008,2025-08-25 06:23:04.154008,Airport,Mall,8.27,231.86,Credit Card,Completed
R00250,C0343,D0325,2026-01-02 07:39:04.154029,2026-01-02 09:03:04.154029,Airport,Bus Stand,12.87,294.66,UPI,Completed
R00251,C0121,D0411,2025-11-23 20:45:04.154051,2025-11-23 21:24:04.154051,Metro Station,Metro Station,26.94,541.92,Debit Card,Cancelled
R00252,C0524,D0199,2026-04-11 06:26:04.154074,2026-04-11 07:52:04.154074,IT Park,City Center,9.09,217.62,Debit Card,Cancelled
R00253,C0746,D0237,2026-04-20 00:13:04.154101,2026-04-20 01:35:04.154101,City Center,University,12.53,284.54,UPI,Cancelled
R00254,C0914,D0172,2026-01-29 16:21:04.154123,2026-01-29 16:55:04.154123,Railway Station,Mall,17.42,334.56,Cash,Cancelled
R00255,C0787,D0227,2025-08-28 11:13:04.154145,2025-08-28 11:31:04.154145,Bus Stand,University,8.89,252.02,Credit Card,Completed
R00256,C0019,D0368,2025-10-09 22:20:04.154169,2025-10-09 22:36:04.154169,Mall,Bus Stand,16.87,364.66,UPI,Completed
R00257,C0375,D0099,2026-03-01 19:14:04.154191,2026-03-01 19:47:04.154191,Residential Area,Bus Stand,16.72,400.96,Credit Card,Cancelled
R00258,C0724,D0171,2026-07-23 15:02:04.154237,2026-07-23 16:04:04.154237,Metro Station,Bus Stand,7.81,238.58,Cash,Completed
R00259,C0193,D0474,2025-09-17 23:16:04.154381,2025-09-18 00:20:04.154381,IT Park,Hospital,14.8,334.4,Credit Card,Completed
R00260,C0754,D0249,2026-06-28 09:45:04.154419,2026-06-28 10:39:04.154419,City Center,City Center,12.75,252.5,UPI,Completed
R00261,C0440,D0492,2026-03-01 17:39:04.154457,2026-03-01 18:14:04.154457,Hospital,Railway Station,26.01,503.18,Cash,Cancelled
R00262,C0098,D0371,2025-09-16 19:21:04.154491,2025-09-16 20:31:04.154491,IT Park,Airport,24.37,512.66,Credit Card,Cancelled
R00263,C0918,D0181,2026-07-13 23:47:04.154525,2026-07-14 00:02:04.154525,Bus Stand,Airport,20.33,403.94,Debit Card,Cancelled
R00264,C0675,D0212,2026-02-02 03:25:04.154564,2026-02-02 03:46:04.154564,Railway Station,Residential Area,29.89,564.02,Cash,Cancelled
R00265,C0419,D0492,2025-12-14 04:04:04.154600,2025-12-14 04:44:04.154600,City Center,Railway Station,23.55,511.9,UPI,Completed
R00266,C0325,D0115,2026-06-23 22:03:04.154634,2026-06-23 23:08:04.154634,Airport,Airport,5.96,189.28,Debit Card,Completed
R00267,C0667,D0462,2026-03-06 02:10:04.154672,2026-03-06 02:30:04.154672,Mall,University,23.0,490.0,Credit Card,Completed
R00268,C0917,D0298,2026-07-08 06:10:04.154717,2026-07-08 06:52:04.154717,Hospital,Bus Stand,15.7,322.6,Credit Card,Completed
R00269,C0743,D0223,2026-04-28 10:03:04.154755,2026-04-28 10:51:04.154755,Railway Station,Metro Station,8.6,203.8,UPI,Cancelled
R00270,C0002,D0259,2026-01-26 15:48:04.154809,2026-01-26 16:21:04.154809,Railway Station,Mall,23.01,450.18,Debit Card,Completed
R00271,C0116,D0478,2025-12-27 17:00:04.154848,2025-12-27 18:15:04.154848,IT Park,Railway Station,25.68,554.24,Credit Card,Completed
R00272,C0487,D0289,2026-05-01 09:04:04.154884,2026-05-01 09:21:04.154884,Hospital,Railway Station,11.88,261.84,Cash,Completed
R00273,C0817,D0159,2026-06-26 08:02:04.154919,2026-06-26 08:51:04.154919,Mall,Bus Stand,28.15,576.7,Cash,Completed
R00274,C0955,D0243,2026-06-24 16:09:04.154954,2026-06-24 17:25:04.154954,Residential Area,Metro Station,13.01,274.18,UPI,Completed
R00275,C0332,D0315,2025-11-02 16:25:04.154996,2025-11-02 16:57:04.154996,Railway Station,Railway Station,28.95,621.1,Credit Card,Cancelled
R00276,C0352,D0492,2025-10-06 14:28:04.155036,2025-10-06 15:41:04.155036,IT Park,Airport,20.32,401.76,Credit Card,Completed
R00277,C0543,D0406,2025-10-18 06:24:04.155074,2025-10-18 07:04:04.155074,IT Park,Hospital,14.94,304.92,Credit Card,Cancelled
R00278,C0394,D0337,2026-03-13 18:38:04.155127,2026-03-13 19:03:04.155127,Metro Station,Bus Stand,23.51,487.18,UPI,Cancelled
R00279,C0714,D0410,2025-10-20 01:01:04.155166,2025-10-20 02:03:04.155166,Hospital,Residential Area,9.33,260.94,Cash,Completed
R00280,C0905,D0056,2025-12-10 16:53:04.155197,2025-12-10 17:27:04.155197,Hospital,Bus Stand,11.24,278.32,UPI,Completed
R00281,C0090,D0241,2025-11-03 01:20:04.155250,2025-11-03 02:38:04.155250,Hospital,Railway Station,23.36,473.48,UPI,Cancelled
R00282,C0053,D0163,2026-03-04 08:42:04.155287,2026-03-04 09:23:04.155287,Bus Stand,Residential Area,26.04,493.72,UPI,Completed
R00283,C0710,D0396,2025-12-17 01:31:04.155320,2025-12-17 01:48:04.155320,Metro Station,IT Park,15.32,331.76,Credit Card,Cancelled
R00284,C0927,D0362,2025-12-05 04:13:04.155360,2025-12-05 04:39:04.155360,Residential Area,IT Park,6.85,199.3,Debit Card,Completed
R00285,C0176,D0274,2026-06-06 21:50:04.155401,2026-06-06 22:28:04.155401,City Center,Hospital,9.76,245.68,Debit Card,Cancelled
R00286,C0709,D0174,2026-08-02 01:20:04.155434,2026-08-02 01:32:04.155434,Railway Station,IT Park,9.93,214.74,Credit Card,Completed
R00287,C0752,D0200,2026-07-26 14:38:04.155468,2026-07-26 15:22:04.155468,Hospital,Residential Area,11.3,285.4,Debit Card,Completed
R00288,C0299,D0358,2025-10-15 22:37:04.155507,2025-10-16 00:02:04.155507,Hospital,Mall,7.16,202.88,Cash,Completed
R00289,C0413,D0404,2025-08-10 01:03:04.155540,2025-08-10 01:19:04.155540,Mall,City Center,19.21,410.78,UPI,Completed
R00290,C0776,D0400,2026-02-17 17:21:04.155573,2026-02-17 17:31:04.155573,Residential Area,Railway Station,12.15,310.7,UPI,Completed
R00291,C0467,D0169,2025-11-29 02:03:04.155607,2025-11-29 03:08:04.155607,Railway Station,Residential Area,24.7,503.6,Cash,Cancelled
R00292,C0190,D0485,2026-06-10 16:08:04.155681,2026-06-10 16:37:04.155681,Railway Station,Metro Station,8.61,209.98,Credit Card,Completed
R00293,C0950,D0471,2026-04-28 11:44:04.155750,2026-04-28 12:47:04.155750,University,Hospital,28.11,529.98,UPI,Completed
R00294,C0023,D0182,2025-12-07 13:21:04.155790,2025-12-07 14:20:04.155790,Bus Stand,City Center,10.43,228.74,Credit Card,Completed
R00295,C0742,D0130,2026-01-05 18:21:04.155827,2026-01-05 18:45:04.155827,Bus Stand,Metro Station,18.63,393.34,Debit Card,Completed
R00296,C0901,D0352,2026-03-23 00:53:04.155867,2026-03-23 02:07:04.155867,Residential Area,Residential Area,29.1,564.8,Credit Card,Cancelled
R00297,C0685,D0010,2026-04-15 14:45:04.155904,2026-04-15 14:55:04.155904,Residential Area,Railway Station,27.87,531.66,Credit Card,Cancelled
R00298,C0802,D0375,2026-06-20 11:03:04.155949,2026-06-20 12:01:04.155949,Hospital,Railway Station,26.92,556.56,UPI,Completed
R00299,C0322,D0402,2026-05-17 19:35:04.155989,2026-05-17 20:34:04.155989,City Center,Bus Stand,10.6,230.8,Debit Card,Cancelled
R00300,C0015,D0489,2026-07-06 00:05:04.156023,2026-07-06 01:33:04.156023,Mall,Bus Stand,27.88,526.84,UPI,Cancelled
R00301,C0986,D0436,2026-02-13 10:02:04.156057,2026-02-13 10:22:04.156057,University,University,11.2,254.6,Credit Card,Cancelled
R00302,C0871,D0430,2025-12-17 13:07:04.156099,2025-12-17 14:11:04.156099,Railway Station,Airport,15.65,343.7,Cash,Cancelled
R00303,C0272,D0068,2026-03-28 09:30:04.156132,2026-03-28 10:08:04.156132,Metro Station,Hospital,3.94,152.92,Debit Card,Completed
R00304,C0830,D0494,2025-09-30 10:43:04.156168,2025-09-30 10:54:04.156168,Mall,City Center,29.28,619.04,Debit Card,Completed
R00305,C0775,D0304,2026-07-11 01:44:04.156206,2026-07-11 02:05:04.156206,Railway Station,Railway Station,25.35,539.3,UPI,Cancelled
R00306,C0650,D0040,2026-01-02 14:56:04.156259,2026-01-02 16:10:04.156259,Bus Stand,Railway Station,6.32,212.76,UPI,Completed
R00307,C0761,D0340,2026-04-22 21:16:04.156295,2026-04-22 21:54:04.156295,Residential Area,Airport,15.15,358.7,UPI,Cancelled
R00308,C0519,D0492,2025-10-22 18:19:04.156339,2025-10-22 19:28:04.156339,IT Park,IT Park,29.19,555.42,Credit Card,Cancelled
R00309,C0226,D0407,2026-02-19 18:06:04.156376,2026-02-19 18:39:04.156376,Residential Area,Railway Station,13.91,337.38,Credit Card,Completed
R00310,C0773,D0054,2026-03-19 00:27:04.156416,2026-03-19 00:44:04.156416,Residential Area,University,26.32,572.76,Credit Card,Completed
R00311,C0551,D0415,2025-12-31 18:23:04.156452,2025-12-31 19:07:04.156452,Mall,Airport,13.3,298.4,UPI,Completed
R00312,C0456,D0072,2026-03-21 01:23:04.156497,2026-03-21 02:47:04.156497,Airport,Residential Area,18.03,382.54,UPI,Completed
R00313,C0319,D0016,2026-01-18 00:54:04.156572,2026-01-18 01:16:04.156572,Railway Station,Metro Station,4.92,156.56,UPI,Completed
R00314,C0218,D0115,2026-04-14 14:33:04.156608,2026-04-14 14:54:04.156608,City Center,Railway Station,9.05,248.9,Debit Card,Cancelled
R00315,C0068,D0042,2026-03-19 15:19:04.156641,2026-03-19 16:06:04.156641,City Center,Hospital,11.88,240.84,UPI,Cancelled
R00316,C0309,D0441,2026-02-24 11:31:04.156681,2026-02-24 12:23:04.156681,IT Park,Railway Station,14.98,361.64,Credit Card,Cancelled
R00317,C0954,D0136,2025-10-27 06:28:04.156717,2025-10-27 07:14:04.156717,City Center,University,9.83,213.94,Cash,Completed
R00318,C0272,D0364,2025-12-16 16:26:04.156760,2025-12-16 17:04:04.156760,Hospital,Railway Station,29.3,555.4,Credit Card,Cancelled
R00319,C0795,D0107,2026-07-13 22:17:04.156793,2026-07-13 22:53:04.156793,Metro Station,IT Park,5.66,122.88,UPI,Cancelled
R00320,C0571,D0220,2026-04-25 14:47:04.156825,2026-04-25 15:09:04.156825,City Center,Metro Station,11.41,233.38,Cash,Cancelled
R00321,C0194,D0321,2025-08-28 03:15:04.156858,2025-08-28 04:19:04.156858,Mall,Railway Station,5.89,126.02,Cash,Completed
R00322,C0469,D0195,2025-12-06 19:40:04.156895,2025-12-06 20:32:04.156895,Residential Area,Airport,18.41,426.38,Credit Card,Completed
R00323,C0906,D0014,2025-08-07 12:14:04.156936,2025-08-07 13:44:04.156936,City Center,Metro Station,4.95,141.1,UPI,Cancelled
R00324,C0343,D0033,2026-03-18 19:24:04.156970,2026-03-18 20:17:04.156970,Residential Area,Hospital,19.44,441.92,UPI,Cancelled
R00325,C0711,D0081,2026-01-07 00:12:04.157004,2026-01-07 01:29:04.157004,Railway Station,Railway Station,29.36,552.48,Cash,Completed
R00326,C0583,D0490,2026-04-19 23:58:04.157039,2026-04-20 00:10:04.157039,IT Park,Hospital,24.63,486.34,Debit Card,Completed
R00327,C0779,D0236,2026-02-02 05:01:04.157073,2026-02-02 05:27:04.157073,Railway Station,Railway Station,3.17,138.06,Credit Card,Cancelled
R00328,C0343,D0190,2025-12-03 20:34:04.157127,2025-12-03 21:56:04.157127,City Center,Railway Station,22.61,475.98,Cash,Completed
R00329,C0770,D0385,2025-11-16 11:44:04.157167,2025-11-16 12:12:04.157167,City Center,Bus Stand,10.79,276.22,UPI,Cancelled
R00330,C0539,D0311,2025-10-28 22:10:04.157204,2025-10-28 23:28:04.157204,Mall,IT Park,24.45,510.1,Debit Card,Cancelled
R00331,C0818,D0305,2026-07-02 11:22:04.157257,2026-07-02 12:08:04.157257,Bus Stand,Residential Area,19.46,385.28,Credit Card,Completed
R00332,C0358,D0082,2026-04-07 16:57:04.157291,2026-04-07 17:34:04.157291,Airport,Railway Station,23.47,478.46,Cash,Completed
R00333,C0404,D0164,2026-01-27 23:18:04.157324,2026-01-27 23:30:04.157324,Hospital,Airport,11.23,254.14,Cash,Completed
R00334,C0038,D0289,2025-12-31 21:34:04.157359,2025-12-31 22:37:04.157359,Hospital,City Center,4.77,152.86,Debit Card,Cancelled
R00335,C0872,D0012,2026-06-17 12:17:04.157395,2026-06-17 12:43:04.157395,Hospital,Residential Area,19.18,424.24,Credit Card,Cancelled
R00336,C0333,D0263,2026-07-16 08:17:04.157428,2026-07-16 09:21:04.157428,Bus Stand,Airport,18.29,411.22,UPI,Cancelled
R00337,C0935,D0375,2026-01-30 10:20:04.157461,2026-01-30 10:38:04.157461,Airport,Hospital,10.23,232.14,UPI,Cancelled
R00338,C0746,D0021,2025-12-25 23:35:04.157502,2025-12-26 00:43:04.157502,Metro Station,University,25.3,537.4,Debit Card,Completed
R00339,C0326,D0330,2025-11-25 09:07:04.157539,2025-11-25 09:46:04.157539,University,Airport,16.13,384.34,Debit Card,Cancelled
R00340,C0693,D0157,2025-09-16 08:15:04.157569,2025-09-16 09:11:04.157569,Airport,Residential Area,5.03,168.54,UPI,Cancelled
R00341,C0143,D0250,2026-02-27 04:24:04.157609,2026-02-27 04:43:04.157609,Mall,Metro Station,12.75,291.5,Credit Card,Cancelled
R00342,C0850,D0063,2026-04-19 04:16:04.157641,2026-04-19 04:56:04.157641,Mall,Hospital,23.9,477.2,Debit Card,Completed
R00343,C0400,D0054,2025-11-22 08:30:04.157663,2025-11-22 09:31:04.157663,Metro Station,Hospital,22.94,456.92,Debit Card,Cancelled
R00344,C0402,D0253,2025-09-13 16:33:04.157698,2025-09-13 17:14:04.157698,Residential Area,Bus Stand,12.39,289.02,Credit Card,Completed
R00345,C0905,D0127,2026-05-26 06:54:04.157734,2026-05-26 07:04:04.157734,City Center,Metro Station,24.64,533.52,UPI,Completed
R00346,C0374,D0085,2026-07-19 20:49:04.157757,2026-07-19 21:52:04.157757,Bus Stand,Residential Area,9.51,193.18,Credit Card,Completed
R00347,C0652,D0100,2026-01-04 02:50:04.157783,2026-01-04 03:07:04.157783,Bus Stand,Airport,23.03,443.54,UPI,Cancelled
R00348,C0042,D0017,2026-05-03 02:31:04.157808,2026-05-03 03:07:04.157808,City Center,IT Park,13.1,310.8,Credit Card,Completed
R00349,C0371,D0428,2025-09-07 12:42:04.157830,2025-09-07 13:34:04.157830,Residential Area,Metro Station,11.29,275.22,Cash,Cancelled
R00350,C0445,D0440,2026-01-15 18:33:04.157852,2026-01-15 19:25:04.157852,IT Park,Railway Station,5.05,177.9,Credit Card,Cancelled
R00351,C0292,D0038,2026-07-29 14:49:04.157873,2026-07-29 15:47:04.157873,Railway Station,Metro Station,29.74,631.32,Cash,Completed
R00352,C0369,D0263,2025-08-03 08:55:04.157895,2025-08-03 10:17:04.157895,City Center,Airport,2.03,120.54,UPI,Cancelled
R00353,C0495,D0020,2025-10-22 22:39:04.157916,2025-10-22 23:47:04.157916,City Center,Airport,5.84,130.12,UPI,Cancelled
R00354,C0581,D0483,2025-11-18 18:29:04.157939,2025-11-18 19:28:04.157939,Mall,Airport,28.72,552.96,UPI,Completed
R00355,C0128,D0232,2025-10-20 15:16:04.157960,2025-10-20 16:09:04.157960,Airport,IT Park,15.56,306.08,UPI,Cancelled
R00356,C0736,D0295,2026-06-28 00:02:04.157982,2026-06-28 00:36:04.157982,Bus Stand,Airport,15.86,327.48,Debit Card,Cancelled
R00357,C0848,D0345,2026-01-31 12:38:04.158004,2026-01-31 13:32:04.158004,Metro Station,Hospital,2.41,131.38,UPI,Cancelled
R00358,C0317,D0194,2025-12-14 01:54:04.158029,2025-12-14 02:31:04.158029,IT Park,Bus Stand,17.57,409.26,UPI,Cancelled
R00359,C0409,D0016,2025-10-13 18:42:04.158051,2025-10-13 18:56:04.158051,Railway Station,Hospital,24.5,539.0,Credit Card,Completed
R00360,C0069,D0016,2025-11-26 19:37:04.158073,2025-11-26 21:00:04.158073,Bus Stand,Hospital,29.83,618.94,UPI,Completed
R00361,C0740,D0019,2026-04-18 19:16:04.158102,2026-04-18 19:54:04.158102,Metro Station,Mall,3.28,155.04,Credit Card,Completed
R00362,C0447,D0229,2026-05-04 12:49:04.158125,2026-05-04 13:07:04.158125,Residential Area,Bus Stand,20.72,436.96,UPI,Cancelled
R00363,C0019,D0413,2026-01-07 01:25:04.158149,2026-01-07 01:57:04.158149,Airport,Hospital,12.79,273.22,Debit Card,Cancelled
R00364,C0099,D0391,2026-04-21 07:11:04.158171,2026-04-21 07:48:04.158171,University,University,23.48,488.64,Credit Card,Cancelled
R00365,C0161,D0223,2025-10-17 23:44:04.158193,2025-10-18 00:33:04.158193,Hospital,Mall,17.12,334.16,Cash,Completed
R00366,C0930,D0315,2026-01-01 06:18:04.158236,2026-01-01 06:53:04.158236,Metro Station,Railway Station,18.45,375.1,Debit Card,Cancelled
R00367,C0595,D0314,2026-02-27 14:40:04.158273,2026-02-27 15:27:04.158273,Mall,Hospital,28.43,540.74,Credit Card,Completed
R00368,C0751,D0068,2025-08-18 19:36:04.158299,2025-08-18 19:49:04.158299,University,Metro Station,26.47,500.46,Credit Card,Cancelled
R00369,C0898,D0436,2025-09-08 04:38:04.158322,2025-09-08 05:22:04.158322,Hospital,IT Park,8.4,177.2,Debit Card,Completed
R00370,C0255,D0382,2026-01-10 04:33:04.158346,2026-01-10 05:19:04.158346,Airport,IT Park,10.96,230.28,Debit Card,Completed
R00371,C0194,D0150,2025-08-04 16:46:04.158368,2025-08-04 17:41:04.158368,Railway Station,Airport,9.92,270.56,UPI,Cancelled
R00372,C0709,D0217,2025-10-25 03:58:04.158390,2025-10-25 04:52:04.158390,Hospital,Mall,28.61,600.98,UPI,Completed
R00373,C0139,D0412,2025-10-12 01:42:04.158411,2025-10-12 02:53:04.158411,IT Park,City Center,9.77,228.86,Cash,Completed
R00374,C0333,D0316,2025-09-25 00:20:04.158433,2025-09-25 00:36:04.158433,IT Park,IT Park,26.36,525.48,Cash,Completed
R00375,C0859,D0319,2026-02-04 15:55:04.158454,2026-02-04 16:33:04.158454,City Center,IT Park,9.91,265.38,UPI,Cancelled
R00376,C0860,D0371,2026-05-21 18:13:04.158475,2026-05-21 18:40:04.158475,Bus Stand,Airport,17.03,406.54,Credit Card,Cancelled
R00377,C0325,D0023,2026-05-06 12:30:04.158496,2026-05-06 13:57:04.158496,Residential Area,City Center,4.84,127.12,UPI,Cancelled
R00378,C0557,D0446,2025-11-07 20:14:04.158520,2025-11-07 20:49:04.158520,City Center,City Center,29.73,582.14,UPI,Cancelled
R00379,C0336,D0398,2025-08-07 17:02:04.158541,2025-08-07 17:28:04.158541,Residential Area,University,13.76,317.68,Debit Card,Completed
R00380,C0488,D0034,2025-10-23 19:58:04.158562,2025-10-23 20:28:04.158562,University,Bus Stand,17.78,407.04,Credit Card,Cancelled
R00381,C0299,D0325,2026-02-21 19:13:04.158585,2026-02-21 19:49:04.158585,Bus Stand,Residential Area,20.38,386.84,Cash,Cancelled
R00382,C0817,D0212,2026-01-19 08:02:04.158607,2026-01-19 09:32:04.158607,Railway Station,Mall,26.87,538.66,Debit Card,Completed
R00383,C0253,D0301,2025-12-30 19:44:04.158628,2025-12-30 20:09:04.158628,Railway Station,City Center,5.1,183.8,UPI,Cancelled
R00384,C0598,D0372,2026-05-26 07:46:04.158649,2026-05-26 08:46:04.158649,IT Park,City Center,20.92,447.56,UPI,Completed
R00385,C0422,D0106,2025-08-10 04:11:04.158670,2025-08-10 05:39:04.158670,University,Airport,28.03,566.54,UPI,Completed
R00386,C0323,D0202,2025-09-10 14:14:04.158691,2025-09-10 14:27:04.158691,Bus Stand,Hospital,25.23,517.14,UPI,Cancelled
R00387,C0238,D0256,2025-12-19 12:14:04.158712,2025-12-19 12:41:04.158712,City Center,Metro Station,13.4,332.2,Cash,Completed
R00388,C0293,D0099,2025-10-09 12:44:04.158736,2025-10-09 13:57:04.158736,IT Park,Mall,26.35,503.3,UPI,Cancelled
R00389,C0781,D0331,2025-11-30 14:59:04.158758,2025-11-30 15:43:04.158758,Bus Stand,Mall,18.98,433.64,Cash,Completed
R00390,C0844,D0262,2025-08-28 14:26:04.158779,2025-08-28 15:36:04.158779,University,Mall,10.88,250.84,Credit Card,Completed
R00391,C0723,D0005,2025-08-22 21:12:04.158800,2025-08-22 21:52:04.158800,Airport,Metro Station,15.99,371.82,UPI,Cancelled
R00392,C0656,D0136,2026-07-03 20:13:04.158821,2026-07-03 21:15:04.158821,Metro Station,Mall,14.58,312.44,UPI,Cancelled
R00393,C0738,D0120,2026-07-06 22:42:04.158842,2026-07-06 22:55:04.158842,Bus Stand,Metro Station,15.81,377.58,UPI,Completed
R00394,C0555,D0183,2025-10-09 09:45:04.158863,2025-10-09 10:14:04.158863,Hospital,Railway Station,17.47,403.46,Debit Card,Completed
R00395,C0282,D0199,2025-08-19 00:17:04.158884,2025-08-19 00:38:04.158884,Hospital,IT Park,29.47,575.46,UPI,Completed
R00396,C0814,D0392,2026-03-27 16:50:04.158904,2026-03-27 17:56:04.158904,University,Railway Station,4.06,159.08,Debit Card,Cancelled
R00397,C0384,D0003,2026-05-06 04:12:04.158925,2026-05-06 05:05:04.158925,Mall,City Center,16.41,395.38,Debit Card,Cancelled
R00398,C0020,D0428,2025-08-20 00:50:04.158951,2025-08-20 01:39:04.158951,Residential Area,Metro Station,12.69,286.42,Debit Card,Cancelled
R00399,C0688,D0099,2026-03-20 17:42:04.158972,2026-03-20 18:05:04.158972,Mall,Residential Area,3.66,159.88,Cash,Completed
R00400,C0527,D0086,2025-10-12 01:45:04.158993,2025-10-12 02:22:04.158993,City Center,Bus Stand,21.12,474.16,Cash,Completed
R00401,C0057,D0231,2025-08-22 22:29:04.159014,2025-08-22 23:58:04.159014,Bus Stand,Railway Station,14.08,343.44,Cash,Completed
R00402,C0445,D0146,2025-11-08 01:58:04.159036,2025-11-08 02:42:04.159036,City Center,Bus Stand,24.11,484.98,Debit Card,Completed
R00403,C0472,D0497,2025-09-22 17:44:04.159057,2025-09-22 18:18:04.159057,Residential Area,Airport,28.9,549.2,Debit Card,Completed
R00404,C0041,D0297,2026-07-31 09:25:04.159078,2026-07-31 10:52:04.159078,Airport,Hospital,2.44,110.92,Cash,Cancelled
R00405,C0870,D0158,2026-01-09 21:25:04.159106,2026-01-09 21:40:04.159106,Metro Station,Mall,22.86,490.48,UPI,Cancelled
R00406,C0470,D0163,2026-01-16 07:26:04.159128,2026-01-16 08:08:04.159128,Railway Station,Bus Stand,12.76,294.68,Debit Card,Completed
R00407,C0465,D0138,2025-08-05 23:30:04.159149,2025-08-06 00:41:04.159149,Railway Station,Metro Station,3.24,158.32,Debit Card,Completed
R00408,C0479,D0295,2026-06-10 13:37:04.159173,2026-06-10 13:55:04.159173,Hospital,Hospital,24.51,517.18,Debit Card,Cancelled
R00409,C0896,D0099,2026-01-21 01:01:04.159194,2026-01-21 02:16:04.159194,University,Residential Area,24.93,533.74,Debit Card,Completed
R00410,C0992,D0164,2026-03-04 12:59:04.159232,2026-03-04 13:39:04.159232,Railway Station,Airport,23.4,515.2,Cash,Completed
R00411,C0055,D0021,2025-12-08 22:26:04.159265,2025-12-08 23:53:04.159265,Railway Station,Railway Station,8.22,188.96,Credit Card,Cancelled
R00412,C0578,D0236,2026-07-05 16:47:04.159288,2026-07-05 18:15:04.159288,Bus Stand,Mall,21.56,452.08,Cash,Cancelled
R00413,C0278,D0489,2026-03-19 04:15:04.159310,2026-03-19 05:37:04.159310,Railway Station,University,28.11,589.98,Debit Card,Cancelled
R00414,C0952,D0003,2026-02-28 14:47:04.159332,2026-02-28 16:16:04.159332,IT Park,Mall,8.05,208.9,Debit Card,Completed
R00415,C0482,D0429,2026-07-20 19:55:04.159353,2026-07-20 20:18:04.159353,Hospital,IT Park,3.46,101.28,Credit Card,Cancelled
R00416,C0002,D0278,2025-08-24 03:48:04.159374,2025-08-24 04:45:04.159374,Mall,Hospital,15.26,338.68,Debit Card,Completed
R00417,C0684,D0176,2026-04-30 09:03:04.159402,2026-04-30 09:56:04.159402,Bus Stand,IT Park,20.69,431.42,Cash,Completed
R00418,C0122,D0267,2026-03-03 14:53:04.159532,2026-03-03 15:54:04.159532,Railway Station,Railway Station,6.81,198.58,Cash,Cancelled
R00419,C0891,D0225,2025-11-23 02:30:04.159560,2025-11-23 03:51:04.159560,Railway Station,Metro Station,9.74,209.32,Credit Card,Cancelled
R00420,C0208,D0475,2025-10-30 17:58:04.159584,2025-10-30 19:11:04.159584,University,City Center,14.95,312.1,Credit Card,Completed
R00421,C0126,D0487,2026-08-02 01:13:04.159608,2026-08-02 02:39:04.159608,Airport,Hospital,13.27,315.86,UPI,Cancelled
R00422,C0814,D0057,2026-04-08 22:04:04.159630,2026-04-08 22:51:04.159630,Metro Station,IT Park,2.51,115.18,Credit Card,Cancelled
R00423,C0242,D0450,2026-05-03 07:54:04.159651,2026-05-03 09:12:04.159651,Bus Stand,Bus Stand,7.76,222.68,UPI,Completed
R00424,C0842,D0495,2026-03-12 16:47:04.159672,2026-03-12 17:01:04.159672,Metro Station,IT Park,21.98,435.64,Credit Card,Completed
R00425,C0269,D0244,2025-09-19 15:50:04.159694,2025-09-19 16:19:04.159694,Hospital,Hospital,24.23,474.14,UPI,Cancelled
R00426,C0711,D0348,2026-01-01 13:02:04.159715,2026-01-01 13:57:04.159715,Residential Area,Metro Station,26.52,574.36,Cash,Completed
R00427,C0866,D0302,2026-03-27 23:42:04.159739,2026-03-28 00:59:04.159739,Metro Station,Airport,16.39,347.02,Credit Card,Cancelled
R00428,C0639,D0123,2025-10-14 01:15:04.159763,2025-10-14 02:35:04.159763,IT Park,Mall,27.59,561.62,Cash,Completed
R00429,C0558,D0396,2025-08-18 01:18:04.159788,2025-08-18 02:32:04.159788,University,Railway Station,12.19,309.42,Cash,Completed
R00430,C0466,D0452,2025-10-25 09:29:04.159810,2025-10-25 10:50:04.159810,Railway Station,Residential Area,24.82,496.76,Credit Card,Completed
R00431,C0691,D0178,2026-05-16 16:38:04.159831,2026-05-16 16:57:04.159831,Hospital,Residential Area,12.83,319.94,Cash,Cancelled
R00432,C0866,D0019,2026-01-13 18:11:04.159853,2026-01-13 18:23:04.159853,Residential Area,University,27.79,598.22,Credit Card,Cancelled
R00433,C0758,D0287,2026-04-27 16:47:04.159874,2026-04-27 17:50:04.159874,Mall,Residential Area,29.13,572.34,UPI,Cancelled
R00434,C0079,D0231,2026-01-08 04:45:04.159896,2026-01-08 06:05:04.159896,Bus Stand,Residential Area,10.01,202.18,Cash,Cancelled
R00435,C0395,D0116,2026-03-16 22:00:04.159918,2026-03-16 22:37:04.159918,Railway Station,Mall,15.03,357.54,Cash,Completed
R00436,C0840,D0181,2025-11-10 21:17:04.159940,2025-11-10 21:58:04.159940,University,Bus Stand,18.93,360.74,Debit Card,Cancelled
R00437,C0056,D0419,2026-03-02 11:14:04.159961,2026-03-02 12:32:04.159961,Mall,IT Park,21.98,461.64,Cash,Completed
R00438,C0245,D0351,2026-05-06 19:16:04.159984,2026-05-06 20:44:04.159984,Metro Station,City Center,13.35,279.3,UPI,Cancelled
R00439,C0594,D0396,2026-02-01 13:57:04.160006,2026-02-01 15:06:04.160006,University,Airport,24.54,518.72,UPI,Completed
R00440,C0947,D0021,2025-12-18 22:10:04.160027,2025-12-18 22:48:04.160027,Airport,Bus Stand,12.74,320.32,Cash,Completed
R00441,C0607,D0354,2025-11-08 02:54:04.160048,2025-11-08 04:04:04.160048,Mall,University,13.63,280.34,Debit Card,Cancelled
R00442,C0256,D0146,2026-04-05 08:58:04.160070,2026-04-05 10:01:04.160070,Railway Station,City Center,13.25,277.5,Credit Card,Completed
R00443,C0487,D0118,2026-07-11 07:36:04.160097,2026-07-11 08:05:04.160097,City Center,University,4.28,149.04,UPI,Completed
R00444,C0337,D0192,2026-02-04 18:49:04.160119,2026-02-04 19:13:04.160119,Residential Area,Bus Stand,17.66,348.88,Debit Card,Completed
R00445,C0856,D0236,2025-08-31 13:24:04.160140,2025-08-31 14:46:04.160140,IT Park,Mall,27.51,562.18,Cash,Completed
R00446,C0139,D0221,2026-05-04 02:34:04.160161,2026-05-04 03:04:04.160161,Airport,Bus Stand,15.59,319.62,Credit Card,Completed
R00447,C0668,D0423,2025-11-11 00:59:04.160182,2025-11-11 01:38:04.160182,Bus Stand,Hospital,11.48,253.64,Debit Card,Completed
R00448,C0666,D0024,2026-03-06 08:52:04.160228,2026-03-06 09:12:04.160228,Bus Stand,IT Park,23.3,459.4,Cash,Completed
R00449,C0330,D0435,2025-10-03 08:45:04.160263,2025-10-03 09:10:04.160263,Railway Station,Residential Area,3.97,158.46,Debit Card,Cancelled
R00450,C0472,D0149,2026-01-23 17:28:04.160286,2026-01-23 17:42:04.160286,Metro Station,Bus Stand,5.06,134.08,UPI,Cancelled
R00451,C0268,D0285,2025-10-06 00:56:04.160307,2025-10-06 01:38:04.160307,Railway Station,Residential Area,12.92,261.56,Debit Card,Cancelled
R00452,C0913,D0360,2025-10-21 03:49:04.160332,2025-10-21 04:46:04.160332,Bus Stand,City Center,10.6,216.8,UPI,Cancelled
R00453,C0198,D0021,2026-02-16 10:08:04.160354,2026-02-16 11:33:04.160354,City Center,Railway Station,28.06,538.08,Cash,Cancelled
R00454,C0636,D0245,2025-11-09 05:17:04.160375,2025-11-09 06:47:04.160375,Residential Area,Residential Area,2.92,83.56,UPI,Completed
R00455,C1000,D0241,2025-10-30 23:00:04.160396,2025-10-30 23:45:04.160396,Airport,Railway Station,7.16,201.88,Debit Card,Cancelled
R00456,C0968,D0172,2025-12-13 07:47:04.160426,2025-12-13 08:49:04.160426,Residential Area,Hospital,12.61,298.98,Debit Card,Completed
R00457,C0285,D0072,2025-08-13 01:17:04.160448,2025-08-13 02:03:04.160448,Metro Station,Metro Station,27.42,567.56,Credit Card,Cancelled
R00458,C0825,D0268,2026-03-26 19:51:04.160473,2026-03-26 20:45:04.160473,Bus Stand,Railway Station,8.99,201.82,Debit Card,Completed
R00459,C0086,D0313,2026-05-15 05:26:04.160496,2026-05-15 05:51:04.160496,Hospital,Airport,27.91,560.38,UPI,Cancelled
R00460,C0253,D0162,2025-12-27 13:51:04.160517,2025-12-27 15:08:04.160517,Mall,City Center,2.88,104.84,Credit Card,Completed
R00461,C0587,D0121,2026-05-16 11:54:04.160539,2026-05-16 12:14:04.160539,Residential Area,Airport,24.89,521.02,Debit Card,Cancelled
R00462,C0952,D0422,2025-11-13 00:21:04.160560,2025-11-13 00:34:04.160560,University,IT Park,22.66,457.88,Cash,Completed
R00463,C0965,D0001,2025-08-08 01:17:04.160583,2025-08-08 02:28:04.160583,University,Railway Station,27.8,524.4,Credit Card,Cancelled
R00464,C0230,D0279,2026-03-23 01:38:04.160606,2026-03-23 02:43:04.160606,Bus Stand,Metro Station,23.51,516.18,Credit Card,Completed
R00465,C0342,D0155,2026-02-22 10:46:04.160628,2026-02-22 11:46:04.160628,Airport,Bus Stand,3.9,154.2,Cash,Completed
R00466,C0281,D0275,2025-12-02 16:53:04.160649,2025-12-02 17:03:04.160649,Bus Stand,University,19.24,444.32,Credit Card,Completed
R00467,C0956,D0026,2025-09-01 02:34:04.160670,2025-09-01 02:47:04.160670,Hospital,Residential Area,15.0,313.0,Cash,Cancelled
R00468,C0538,D0207,2025-10-23 01:02:04.160695,2025-10-23 02:20:04.160695,Mall,Hospital,26.33,538.94,Debit Card,Cancelled
R00469,C0399,D0128,2025-11-26 07:28:04.160716,2025-11-26 08:44:04.160716,Residential Area,University,22.49,502.82,Debit Card,Completed
R00470,C0009,D0045,2025-12-05 10:20:04.160738,2025-12-05 11:00:04.160738,City Center,Hospital,25.22,495.96,Credit Card,Cancelled
R00471,C0789,D0054,2025-09-08 00:03:04.160759,2025-09-08 01:20:04.160759,Railway Station,Residential Area,22.78,449.04,Cash,Completed
R00472,C0405,D0369,2025-09-27 03:43:04.160780,2025-09-27 05:09:04.160780,IT Park,Residential Area,29.76,618.68,Cash,Completed
R00473,C0736,D0396,2025-12-27 09:33:04.160801,2025-12-27 10:20:04.160801,Residential Area,City Center,12.22,298.96,Debit Card,Completed
R00474,C0822,D0029,2026-03-09 12:21:04.160822,2026-03-09 12:52:04.160822,Railway Station,Mall,24.15,479.7,UPI,Completed
R00475,C0573,D0431,2026-05-02 10:25:04.160845,2026-05-02 10:41:04.160845,Airport,Hospital,9.53,223.54,Cash,Cancelled
R00476,C0953,D0140,2026-05-01 02:52:04.160867,2026-05-01 03:46:04.160867,Airport,IT Park,18.58,361.44,Credit Card,Cancelled
R00477,C0807,D0076,2025-08-09 15:52:04.160888,2025-08-09 16:23:04.160888,Bus Stand,Hospital,9.69,252.42,Credit Card,Completed
R00478,C0302,D0037,2026-04-15 07:41:04.160911,2026-04-15 08:36:04.160911,Railway Station,Residential Area,7.75,188.5,Debit Card,Cancelled
R00479,C0886,D0085,2026-05-05 11:47:04.160933,2026-05-05 12:37:04.160933,Airport,Railway Station,9.67,255.06,Cash,Completed
R00480,C0820,D0013,2025-09-22 13:10:04.160954,2025-09-22 13:39:04.160954,Hospital,University,29.45,559.1,UPI,Completed
R00481,C0342,D0236,2026-04-18 05:09:04.160975,2026-04-18 06:16:04.160975,Bus Stand,Residential Area,25.99,545.82,Debit Card,Cancelled
R00482,C0014,D0359,2026-05-06 13:33:04.160997,2026-05-06 13:48:04.160997,Hospital,Railway Station,20.08,426.44,Debit Card,Completed
R00483,C0327,D0212,2025-09-20 05:57:04.161019,2025-09-20 06:58:04.161019,Airport,Bus Stand,2.61,82.98,Credit Card,Completed
R00484,C0378,D0300,2025-09-03 02:10:04.161043,2025-09-03 02:39:04.161043,Mall,Mall,14.17,351.06,Debit Card,Completed
R00485,C0549,D0481,2026-05-14 04:55:04.161064,2026-05-14 06:16:04.161064,City Center,Hospital,20.27,460.86,Cash,Cancelled
R00486,C0852,D0410,2026-01-06 13:02:04.161092,2026-01-06 14:22:04.161092,City Center,IT Park,17.83,362.94,Cash,Cancelled
R00487,C0272,D0373,2026-04-16 12:58:04.161113,2026-04-16 14:24:04.161113,Metro Station,Railway Station,22.04,453.72,Credit Card,Completed
R00488,C0683,D0194,2026-03-24 22:08:04.161137,2026-03-24 22:25:04.161137,Bus Stand,Mall,9.37,254.66,Credit Card,Cancelled
R00489,C0570,D0109,2026-05-08 08:09:04.161159,2026-05-08 09:02:04.161159,Airport,Mall,8.89,231.02,UPI,Completed
R00490,C0962,D0485,2026-03-16 07:12:04.161180,2026-03-16 08:33:04.161180,Hospital,Bus Stand,20.68,400.24,Debit Card,Completed
R00491,C0064,D0221,2025-10-08 00:30:04.161200,2025-10-08 01:20:04.161200,IT Park,Bus Stand,24.98,546.64,Debit Card,Cancelled
R00492,C0675,D0232,2025-11-24 14:04:04.161248,2025-11-24 15:16:04.161248,Metro Station,Residential Area,28.6,593.8,Credit Card,Completed
R00493,C0464,D0062,2026-03-21 04:19:04.161274,2026-03-21 05:30:04.161274,Airport,Railway Station,15.39,360.02,Debit Card,Completed
R00494,C0089,D0472,2026-06-21 23:19:04.161296,2026-06-21 23:33:04.161296,Hospital,City Center,6.84,204.12,Credit Card,Completed
R00495,C0296,D0306,2025-12-25 22:30:04.161318,2025-12-25 23:09:04.161318,Bus Stand,IT Park,14.59,295.62,UPI,Completed
R00496,C0354,D0348,2026-03-15 18:00:04.161339,2026-03-15 18:15:04.161339,City Center,Hospital,20.08,396.44,UPI,Completed
R00497,C0047,D0125,2026-05-12 23:51:04.161359,2026-05-13 00:40:04.161359,Hospital,Bus Stand,7.14,182.52,Credit Card,Cancelled
R00498,C0928,D0288,2025-09-26 22:35:04.161384,2025-09-26 22:59:04.161384,University,Residential Area,16.89,354.02,Debit Card,Cancelled
R00499,C0960,D0466,2025-10-30 18:39:04.161405,2025-10-30 19:38:04.161405,Mall,Hospital,29.94,559.92,Credit Card,Cancelled
R00500,C0028,D0364,2025-09-28 01:50:04.161427,2025-09-28 02:39:04.161427,Metro Station,Airport,7.23,180.14,Debit Card,Cancelled
R00501,C0652,D0118,2025-08-24 10:42:04.161448,2025-08-24 12:09:04.161448,Metro Station,Mall,25.23,520.14,Cash,Cancelled
R00502,C0486,D0082,2026-03-28 03:04:04.161469,2026-03-28 03:20:04.161469,Metro Station,IT Park,4.61,126.98,UPI,Completed
R00503,C0975,D0475,2026-04-03 03:19:04.161491,2026-04-03 03:30:04.161491,Hospital,Railway Station,28.8,597.4,Credit Card,Cancelled
R00504,C0547,D0194,2026-04-29 01:00:04.161512,2026-04-29 01:12:04.161512,IT Park,City Center,11.57,264.26,Debit Card,Completed
R00505,C0252,D0412,2026-06-25 22:24:04.161533,2026-06-25 23:42:04.161533,Railway Station,Residential Area,26.7,550.6,Cash,Completed
R00506,C0640,D0493,2025-09-29 04:50:04.161554,2025-09-29 05:59:04.161554,Bus Stand,City Center,3.6,132.8,Debit Card,Completed
R00507,C0515,D0076,2026-02-01 02:04:04.161577,2026-02-01 03:30:04.161577,Residential Area,Residential Area,11.93,302.74,Cash,Completed
R00508,C0145,D0037,2025-10-03 11:15:04.161604,2025-10-03 12:01:04.161604,Railway Station,Bus Stand,8.31,183.58,Credit Card,Completed
R00509,C0054,D0225,2026-04-08 15:41:04.161626,2026-04-08 16:45:04.161626,Hospital,Railway Station,2.1,58.8,Debit Card,Cancelled
R00510,C0156,D0397,2025-10-04 05:55:04.161648,2025-10-04 06:30:04.161648,Mall,Bus Stand,13.94,305.92,Debit Card,Cancelled
R00511,C0329,D0463,2025-08-21 09:25:04.161669,2025-08-21 10:21:04.161669,IT Park,Residential Area,22.58,483.44,Credit Card,Completed
R00512,C0130,D0450,2026-04-27 10:54:04.161693,2026-04-27 11:48:04.161693,University,Hospital,15.53,364.54,Debit Card,Completed
R00513,C0413,D0089,2026-04-08 07:24:04.161714,2026-04-08 08:51:04.161714,IT Park,City Center,5.12,143.16,Cash,Completed
R00514,C0842,D0326,2026-02-09 15:32:04.161735,2026-02-09 15:42:04.161735,Hospital,City Center,27.98,563.64,Cash,Completed
R00515,C0996,D0423,2025-09-06 12:34:04.161756,2025-09-06 14:00:04.161756,IT Park,Residential Area,17.16,336.88,Debit Card,Cancelled
R00516,C0096,D0270,2025-10-16 12:53:04.161777,2025-10-16 13:22:04.161777,Railway Station,Metro Station,10.89,217.02,Credit Card,Cancelled
R00517,C0622,D0015,2026-06-25 20:23:04.161798,2026-06-25 21:31:04.161798,City Center,Airport,10.89,218.02,Cash,Completed
R00518,C0107,D0233,2026-03-12 15:00:04.161822,2026-03-12 15:20:04.161822,Hospital,Metro Station,20.39,389.02,Credit Card,Cancelled
R00519,C0984,D0058,2026-04-15 14:15:04.161843,2026-04-15 15:06:04.161843,IT Park,Mall,29.92,632.56,Credit Card,Completed
R00520,C0951,D0091,2025-09-06 15:30:04.161864,2025-09-06 16:55:04.161864,Mall,Residential Area,21.63,462.34,Debit Card,Completed
R00521,C0437,D0235,2025-09-19 17:04:04.161885,2025-09-19 17:58:04.161885,IT Park,City Center,13.23,308.14,Debit Card,Completed
R00522,C0826,D0446,2026-05-16 01:21:04.161908,2026-05-16 02:45:04.161908,Metro Station,City Center,22.37,454.66,Debit Card,Cancelled
R00523,C0253,D0220,2025-11-21 20:08:04.161928,2025-11-21 20:45:04.161928,Bus Stand,IT Park,16.82,365.76,Cash,Cancelled
R00524,C0257,D0406,2026-02-02 13:02:04.161949,2026-02-02 14:02:04.161949,Hospital,City Center,23.4,459.2,Credit Card,Cancelled
R00525,C0966,D0211,2026-07-05 01:56:04.161970,2026-07-05 03:25:04.161970,IT Park,Hospital,28.78,605.04,Debit Card,Completed
R00526,C0520,D0027,2026-01-26 02:02:04.161991,2026-01-26 02:28:04.161991,City Center,IT Park,20.79,415.22,UPI,Cancelled
R00527,C0307,D0371,2025-10-29 07:23:04.162012,2025-10-29 07:44:04.162012,Metro Station,University,25.48,537.64,Debit Card,Completed
R00528,C0486,D0222,2026-05-15 11:42:04.162035,2026-05-15 12:58:04.162035,Railway Station,Metro Station,12.4,319.2,Credit Card,Completed
R00529,C0360,D0331,2025-10-18 00:56:04.162057,2025-10-18 02:05:04.162057,Hospital,Hospital,12.35,310.3,Cash,Cancelled
R00530,C0223,D0410,2026-06-14 16:56:04.162078,2026-06-14 17:15:04.162078,IT Park,University,21.94,453.92,UPI,Cancelled
R00531,C0230,D0242,2026-07-10 00:08:04.162106,2026-07-10 00:33:04.162106,Metro Station,Bus Stand,9.37,209.66,UPI,Cancelled
R00532,C0748,D0227,2025-10-24 12:24:04.162127,2025-10-24 12:57:04.162127,Metro Station,University,20.36,389.48,Credit Card,Cancelled
R00533,C0242,D0250,2025-10-15 17:33:04.162148,2025-10-15 18:14:04.162148,Mall,Mall,25.07,510.26,Cash,Completed
R00534,C0953,D0195,2026-04-01 13:13:04.162169,2026-04-01 14:07:04.162169,Mall,Metro Station,27.64,595.52,Debit Card,Cancelled
R00535,C0450,D0305,2026-04-23 02:57:04.162190,2026-04-23 03:38:04.162190,Airport,Metro Station,29.94,560.92,Cash,Completed
R00536,C0967,D0028,2025-09-17 08:59:04.162226,2025-09-17 10:10:04.162226,Mall,Bus Stand,19.84,433.12,UPI,Completed
R00537,C0404,D0471,2026-03-04 18:00:04.162257,2026-03-04 18:49:04.162257,Hospital,Bus Stand,18.17,423.06,UPI,Completed
R00538,C0116,D0362,2026-07-20 01:49:04.162281,2026-07-20 02:39:04.162281,Railway Station,Airport,27.22,577.96,Cash,Completed
R00539,C0922,D0479,2026-05-25 04:06:04.162307,2026-05-25 05:18:04.162307,Metro Station,City Center,14.96,325.28,UPI,Completed
R00540,C0768,D0291,2026-06-09 20:27:04.162330,2026-06-09 21:55:04.162330,Airport,Mall,24.35,475.3,Credit Card,Cancelled
R00541,C0657,D0241,2026-01-04 05:59:04.162354,2026-01-04 06:17:04.162354,City Center,Airport,10.52,254.36,Debit Card,Cancelled
R00542,C0498,D0419,2026-04-14 10:56:04.162375,2026-04-14 12:00:04.162375,Residential Area,Airport,19.07,428.26,Credit Card,Cancelled
R00543,C0545,D0191,2025-09-06 21:01:04.162396,2025-09-06 21:35:04.162396,IT Park,Hospital,29.88,631.84,Debit Card,Cancelled
R00544,C0745,D0279,2026-02-02 05:32:04.162418,2026-02-02 06:43:04.162418,Bus Stand,Bus Stand,3.74,132.32,Debit Card,Completed
R00545,C0855,D0240,2026-02-12 00:21:04.162439,2026-02-12 01:20:04.162439,Airport,Railway Station,24.37,524.66,Credit Card,Completed
R00546,C0984,D0365,2026-02-09 21:40:04.162460,2026-02-09 21:59:04.162460,Metro Station,Hospital,23.74,506.32,Credit Card,Completed
R00547,C0518,D0123,2026-01-23 22:03:04.162481,2026-01-23 23:00:04.162481,Residential Area,Mall,25.59,515.62,Cash,Completed
R00548,C0856,D0230,2026-03-20 21:55:04.162505,2026-03-20 23:23:04.162505,City Center,Metro Station,11.95,250.1,UPI,Completed
R00549,C0528,D0481,2026-03-05 22:59:04.162527,2026-03-05 23:41:04.162527,University,IT Park,26.08,516.44,UPI,Cancelled
R00550,C0477,D0278,2026-04-20 22:53:04.162548,2026-04-21 00:13:04.162548,IT Park,Railway Station,23.41,481.38,UPI,Cancelled
R00551,C0930,D0229,2026-07-12 02:37:04.162569,2026-07-12 03:39:04.162569,Bus Stand,Airport,27.51,519.18,Cash,Completed
R00552,C0812,D0019,2026-06-06 17:12:04.162594,2026-06-06 17:38:04.162594,Metro Station,Railway Station,5.13,160.34,Cash,Cancelled
R00553,C0895,D0121,2025-08-10 21:33:04.162615,2025-08-10 22:21:04.162615,Hospital,Bus Stand,24.35,477.3,Credit Card,Cancelled
R00554,C0196,D0335,2026-03-22 15:43:04.162637,2026-03-22 16:10:04.162637,IT Park,Hospital,27.77,529.86,UPI,Completed
R00555,C0693,D0027,2026-04-28 14:26:04.162658,2026-04-28 15:37:04.162658,Bus Stand,Bus Stand,9.32,194.76,Debit Card,Cancelled
R00556,C0782,D0352,2026-06-05 05:29:04.162682,2026-06-05 06:34:04.162682,IT Park,Airport,2.03,103.54,UPI,Cancelled
R00557,C0795,D0369,2025-10-05 21:36:04.162703,2025-10-05 21:59:04.162703,IT Park,Mall,19.05,394.9,Credit Card,Cancelled
R00558,C0884,D0424,2026-04-12 18:31:04.162726,2026-04-12 20:00:04.162726,Residential Area,University,8.63,226.34,Cash,Cancelled
R00559,C0266,D0176,2025-08-05 23:50:04.162747,2025-08-06 00:45:04.162747,City Center,Hospital,16.19,327.42,Credit Card,Cancelled
R00560,C0815,D0157,2025-11-05 16:08:04.162768,2025-11-05 16:35:04.162768,Residential Area,Mall,13.95,305.1,Credit Card,Cancelled
R00561,C0601,D0181,2025-10-08 21:23:04.162789,2025-10-08 22:53:04.162789,Metro Station,IT Park,4.23,114.14,Debit Card,Completed
R00562,C0016,D0085,2026-06-26 17:02:04.162810,2026-06-26 18:08:04.162810,Residential Area,Metro Station,2.78,134.04,Credit Card,Cancelled
R00563,C0864,D0314,2025-10-09 14:41:04.162831,2025-10-09 15:40:04.162831,Hospital,Metro Station,11.33,272.94,Cash,Completed
R00564,C0929,D0084,2025-08-23 22:33:04.162852,2025-08-23 22:50:04.162852,Railway Station,University,10.23,234.14,UPI,Cancelled
R00565,C0316,D0444,2026-02-10 14:23:04.162874,2026-02-10 15:51:04.162874,City Center,Hospital,20.0,457.0,Debit Card,Completed
R00566,C0943,D0173,2026-03-31 08:10:04.162896,2026-03-31 09:29:04.162896,IT Park,Residential Area,19.52,404.36,Debit Card,Completed
R00567,C0589,D0078,2026-04-25 19:10:04.162917,2026-04-25 20:40:04.162917,Bus Stand,Airport,8.52,195.36,Cash,Completed
R00568,C0918,D0135,2026-07-07 11:55:04.162940,2026-07-07 12:07:04.162940,University,Bus Stand,28.16,572.88,UPI,Cancelled
R00569,C0697,D0336,2026-01-03 03:07:04.162965,2026-01-03 04:28:04.162965,Mall,Mall,20.76,404.68,Credit Card,Completed
R00570,C0811,D0360,2026-07-31 08:20:04.162986,2026-07-31 09:18:04.162986,Hospital,University,21.7,442.6,UPI,Cancelled
R00571,C0203,D0477,2026-06-28 08:52:04.163007,2026-06-28 10:19:04.163007,Mall,Mall,2.72,147.96,Debit Card,Cancelled
R00572,C0998,D0387,2026-03-07 08:54:04.163028,2026-03-07 09:25:04.163028,City Center,City Center,8.01,200.18,Cash,Cancelled
R00573,C0133,D0370,2025-12-01 18:17:04.163050,2025-12-01 19:25:04.163050,University,University,8.91,180.38,Credit Card,Completed
R00574,C0309,D0232,2026-07-31 20:28:04.163071,2026-07-31 21:33:04.163071,IT Park,University,24.88,499.84,UPI,Completed
R00575,C0874,D0379,2025-09-12 14:47:04.163104,2025-09-12 16:12:04.163104,University,Metro Station,18.89,413.02,Debit Card,Cancelled
R00576,C0822,D0455,2025-12-20 02:44:04.163126,2025-12-20 03:33:04.163126,University,Railway Station,27.11,539.98,Credit Card,Cancelled
R00577,C0679,D0107,2026-05-06 08:58:04.163147,2026-05-06 09:25:04.163147,Residential Area,City Center,25.51,495.18,Debit Card,Cancelled
R00578,C0473,D0289,2026-06-14 17:37:04.163171,2026-06-14 18:13:04.163171,University,Residential Area,13.11,257.98,Credit Card,Completed
R00579,C0372,D0357,2026-07-16 19:54:04.163193,2026-07-16 20:15:04.163193,City Center,Airport,8.91,257.38,Debit Card,Completed
R00580,C0740,D0287,2025-11-19 09:45:04.163224,2025-11-19 11:09:04.163224,Bus Stand,University,24.59,496.62,UPI,Completed
R00581,C0897,D0398,2025-10-08 01:31:04.163245,2025-10-08 01:50:04.163245,Bus Stand,University,19.5,405.0,UPI,Cancelled
R00582,C0504,D0491,2026-07-30 17:58:04.163267,2026-07-30 18:32:04.163267,Mall,Residential Area,21.6,409.8,UPI,Completed
R00583,C0262,D0324,2026-01-15 19:43:04.163288,2026-01-15 21:05:04.163288,University,Hospital,8.34,179.12,UPI,Cancelled
R00584,C0349,D0195,2025-08-19 06:25:04.163308,2025-08-19 07:06:04.163308,Railway Station,Mall,3.4,96.2,Debit Card,Cancelled
R00585,C0301,D0316,2026-02-22 14:24:04.163329,2026-02-22 15:50:04.163329,Hospital,University,11.62,259.16,UPI,Completed
R00586,C0260,D0281,2026-07-28 01:24:04.163351,2026-07-28 02:22:04.163351,IT Park,Metro Station,14.77,317.86,UPI,Completed
R00587,C0328,D0223,2025-12-20 11:31:04.163372,2025-12-20 12:49:04.163372,Bus Stand,Bus Stand,11.27,269.86,Credit Card,Cancelled
R00588,C0160,D0451,2026-06-05 15:36:04.163401,2026-06-05 16:47:04.163401,Metro Station,IT Park,16.28,378.04,Credit Card,Cancelled
R00589,C0234,D0126,2025-10-27 14:31:04.163423,2025-10-27 15:04:04.163423,University,Residential Area,22.59,478.62,UPI,Cancelled
R00590,C0804,D0104,2026-05-20 02:53:04.163444,2026-05-20 04:23:04.163444,Railway Station,University,12.57,249.26,Debit Card,Completed
R00591,C0638,D0472,2025-12-05 22:16:04.163465,2025-12-05 23:06:04.163465,Residential Area,Mall,26.93,533.74,Debit Card,Completed
R00592,C0864,D0048,2026-04-04 13:42:04.163494,2026-04-04 13:52:04.163494,Residential Area,Bus Stand,10.2,250.6,Cash,Cancelled
R00593,C0913,D0259,2025-09-09 23:44:04.163515,2025-09-10 00:40:04.163515,Mall,Bus Stand,25.82,529.76,Debit Card,Cancelled
R00594,C0856,D0407,2025-12-31 10:49:04.163537,2025-12-31 11:03:04.163537,Metro Station,Residential Area,3.32,115.76,Cash,Cancelled
R00595,C0443,D0152,2026-05-25 16:45:04.163558,2026-05-25 17:39:04.163558,Bus Stand,Metro Station,23.75,472.5,Credit Card,Cancelled
R00596,C0522,D0032,2026-02-11 11:01:04.163579,2026-02-11 12:07:04.163579,Mall,Residential Area,25.16,517.88,Debit Card,Completed
R00597,C0828,D0346,2026-05-01 09:52:04.163609,2026-05-01 10:02:04.163609,Metro Station,University,7.65,170.7,Cash,Cancelled
R00598,C0175,D0030,2026-05-10 14:34:04.163633,2026-05-10 15:00:04.163633,Mall,Residential Area,11.51,230.18,Credit Card,Cancelled
R00599,C0419,D0048,2026-07-26 18:54:04.163654,2026-07-26 20:19:04.163654,Airport,City Center,7.58,175.44,Cash,Completed
R00600,C0140,D0391,2026-02-23 10:42:04.163675,2026-02-23 12:03:04.163675,Mall,Hospital,18.15,415.7,Cash,Completed
R00601,C0149,D0338,2026-03-30 09:09:04.163696,2026-03-30 09:25:04.163696,City Center,Hospital,20.74,456.32,UPI,Cancelled
R00602,C0484,D0242,2025-11-15 02:31:04.163720,2025-11-15 02:51:04.163720,Airport,IT Park,2.89,102.02,Debit Card,Completed
R00603,C0321,D0364,2025-12-25 07:39:04.163742,2025-12-25 08:15:04.163742,Hospital,Residential Area,19.61,416.98,Cash,Completed
R00604,C0168,D0468,2026-06-12 09:55:04.163763,2026-06-12 10:09:04.163763,Bus Stand,Metro Station,18.22,393.96,Cash,Cancelled
R00605,C0958,D0309,2026-04-29 05:50:04.163784,2026-04-29 07:14:04.163784,Metro Station,Metro Station,22.62,464.16,Credit Card,Cancelled
R00606,C0492,D0374,2026-03-31 19:17:04.163805,2026-03-31 20:05:04.163805,University,City Center,8.43,196.74,Debit Card,Completed
R00607,C0008,D0087,2025-11-02 08:22:04.163826,2025-11-02 09:38:04.163826,Mall,Railway Station,24.0,524.0,Credit Card,Cancelled
R00608,C0011,D0027,2026-07-12 00:29:04.163850,2026-07-12 00:47:04.163850,Mall,Hospital,20.15,426.7,UPI,Completed
R00609,C0147,D0368,2026-04-16 07:18:04.163871,2026-04-16 08:42:04.163871,City Center,Mall,5.29,169.22,Cash,Cancelled
R00610,C0229,D0328,2025-08-30 08:35:04.163893,2025-08-30 09:41:04.163893,City Center,Residential Area,5.15,138.7,Credit Card,Cancelled
R00611,C0850,D0071,2025-10-18 12:56:04.163914,2025-10-18 13:33:04.163914,University,IT Park,19.22,407.96,Credit Card,Completed
R00612,C0284,D0278,2025-09-02 20:04:04.163935,2025-09-02 20:39:04.163935,IT Park,Metro Station,21.32,423.76,UPI,Completed
R00613,C0291,D0478,2026-03-27 14:36:04.163956,2026-03-27 15:17:04.163956,City Center,Airport,8.56,249.08,UPI,Cancelled
R00614,C0096,D0468,2026-02-28 08:04:04.163976,2026-02-28 08:25:04.163976,Mall,City Center,25.49,507.82,UPI,Completed
R00615,C0612,D0353,2026-02-05 15:50:04.163998,2026-02-05 17:02:04.163998,Airport,City Center,27.0,517.0,Credit Card,Completed
R00616,C0123,D0367,2026-01-31 08:37:04.164019,2026-01-31 08:55:04.164019,Metro Station,City Center,12.18,262.24,UPI,Completed
R00617,C0424,D0060,2026-06-28 23:29:04.164040,2026-06-29 00:26:04.164040,Airport,Bus Stand,28.45,612.1,Cash,Cancelled
R00618,C0158,D0314,2026-05-19 22:40:04.164063,2026-05-19 22:50:04.164063,University,University,11.18,224.24,Cash,Cancelled
R00619,C0558,D0041,2025-12-04 10:22:04.164091,2025-12-04 11:32:04.164091,University,Metro Station,15.88,348.84,Debit Card,Cancelled
R00620,C0467,D0149,2025-11-30 17:25:04.164114,2025-11-30 18:08:04.164114,Mall,Mall,21.28,433.04,Cash,Completed
R00621,C0879,D0168,2025-10-02 08:13:04.164136,2025-10-02 09:26:04.164136,Hospital,University,17.74,381.32,Cash,Completed
R00622,C0673,D0003,2026-02-28 15:29:04.164157,2026-02-28 16:49:04.164157,City Center,Railway Station,13.13,318.34,Cash,Cancelled
R00623,C0505,D0412,2025-11-18 22:13:04.164178,2025-11-18 22:53:04.164178,City Center,Bus Stand,14.52,323.36,UPI,Cancelled
R00624,C0411,D0401,2026-06-22 20:08:04.164204,2026-06-22 20:57:04.164204,Metro Station,IT Park,29.0,587.0,UPI,Cancelled
R00625,C0622,D0179,2025-08-17 05:46:04.164248,2025-08-17 06:02:04.164248,Metro Station,Hospital,4.97,144.46,Debit Card,Cancelled
R00626,C0448,D0018,2026-04-16 18:24:04.164279,2026-04-16 19:18:04.164279,Mall,IT Park,7.39,170.02,Credit Card,Cancelled
R00627,C0847,D0246,2026-07-04 00:58:04.164301,2026-07-04 01:36:04.164301,Metro Station,Railway Station,16.55,327.9,Cash,Completed
R00628,C0526,D0459,2026-02-17 05:13:04.164325,2026-02-17 06:03:04.164325,City Center,City Center,4.19,100.42,Debit Card,Cancelled
R00629,C0895,D0372,2026-04-13 04:51:04.164347,2026-04-13 05:22:04.164347,Residential Area,Airport,21.05,476.9,Debit Card,Cancelled
R00630,C0669,D0125,2026-07-06 02:14:04.164368,2026-07-06 03:33:04.164368,Airport,City Center,2.14,92.52,Cash,Completed
R00631,C0172,D0467,2026-02-22 20:52:04.164389,2026-02-22 22:07:04.164389,Railway Station,Bus Stand,17.05,386.9,Cash,Cancelled
R00632,C0460,D0317,2025-10-07 15:53:04.164410,2025-10-07 16:49:04.164410,Hospital,Metro Station,7.3,202.4,Credit Card,Cancelled
R00633,C0474,D0424,2026-01-25 00:58:04.164430,2026-01-25 01:58:04.164430,Airport,Residential Area,10.21,245.78,Debit Card,Completed
R00634,C0576,D0477,2026-07-16 06:52:04.164451,2026-07-16 07:35:04.164451,City Center,Airport,12.79,280.22,Debit Card,Completed
R00635,C0169,D0341,2025-09-14 19:58:04.164472,2025-09-14 21:01:04.164472,Railway Station,Metro Station,15.34,346.12,Debit Card,Cancelled
R00636,C0040,D0332,2025-12-18 23:19:04.164494,2025-12-19 00:48:04.164494,Airport,Railway Station,28.17,593.06,Cash,Completed
R00637,C0403,D0264,2025-12-18 00:07:04.164515,2025-12-18 01:34:04.164515,Residential Area,Hospital,24.89,484.02,Debit Card,Completed
R00638,C0244,D0328,2026-02-13 11:07:04.164538,2026-02-13 11:44:04.164538,Mall,Airport,17.27,373.86,Debit Card,Cancelled
R00639,C0181,D0016,2025-08-07 14:29:04.164663,2025-08-07 15:31:04.164663,Hospital,Metro Station,15.71,318.78,Cash,Completed
R00640,C0736,D0177,2026-07-30 12:12:04.164718,2026-07-30 13:08:04.164718,Railway Station,Metro Station,12.82,290.76,Cash,Cancelled
R00641,C0431,D0494,2025-08-07 07:31:04.164760,2025-08-07 07:45:04.164760,University,University,16.54,365.72,UPI,Cancelled
R00642,C0809,D0286,2026-04-04 14:03:04.164798,2026-04-04 14:27:04.164798,Metro Station,IT Park,14.86,328.48,UPI,Cancelled
R00643,C0614,D0280,2025-12-08 15:57:04.164843,2025-12-08 17:03:04.164843,University,Metro Station,14.23,338.14,Cash,Completed
R00644,C0039,D0082,2026-05-25 09:44:04.164883,2026-05-25 10:06:04.164883,City Center,Railway Station,20.0,401.0,Cash,Cancelled
R00645,C0171,D0191,2025-11-11 05:33:04.164921,2025-11-11 06:12:04.164921,Airport,Mall,26.1,545.8,Debit Card,Cancelled
R00646,C0971,D0092,2026-03-09 17:30:04.164960,2026-03-09 18:50:04.164960,City Center,University,15.62,301.16,Cash,Completed
R00647,C0902,D0468,2026-02-09 13:42:04.164997,2026-02-09 14:06:04.164997,Railway Station,Railway Station,15.31,342.58,Debit Card,Cancelled
R00648,C0020,D0380,2025-09-16 11:01:04.165042,2025-09-16 12:01:04.165042,Metro Station,Railway Station,19.48,373.64,Credit Card,Completed
R00649,C0718,D0308,2026-07-01 12:19:04.165091,2026-07-01 13:18:04.165091,University,City Center,17.5,368.0,UPI,Cancelled
R00650,C0684,D0052,2026-08-01 02:08:04.165130,2026-08-01 02:42:04.165130,Residential Area,City Center,7.77,206.86,Cash,Cancelled
R00651,C0502,D0363,2026-05-18 01:00:04.165170,2026-05-18 02:03:04.165170,Railway Station,Metro Station,20.78,453.04,Credit Card,Cancelled
R00652,C0630,D0310,2026-06-28 22:07:04.165227,2026-06-28 23:03:04.165227,Railway Station,Airport,19.49,382.82,UPI,Completed
R00653,C0963,D0385,2025-10-04 11:35:04.165272,2025-10-04 12:27:04.165272,Railway Station,Railway Station,4.76,174.68,UPI,Cancelled
R00654,C0492,D0426,2026-01-26 09:11:04.165313,2026-01-26 10:36:04.165313,Residential Area,Metro Station,28.47,568.46,UPI,Cancelled
R00655,C0804,D0307,2025-10-20 16:19:04.165359,2025-10-20 17:32:04.165359,Hospital,Metro Station,12.3,315.4,UPI,Cancelled
R00656,C0208,D0042,2025-10-20 07:15:04.165397,2025-10-20 08:04:04.165397,Railway Station,Bus Stand,25.13,481.34,Credit Card,Cancelled
R00657,C0928,D0191,2026-02-08 10:48:04.165439,2026-02-08 11:45:04.165439,University,City Center,26.42,556.56,Credit Card,Cancelled
R00658,C0004,D0123,2026-02-03 20:32:04.165482,2026-02-03 21:11:04.165482,Residential Area,Airport,6.85,216.3,Debit Card,Completed
R00659,C0326,D0308,2026-06-05 02:11:04.165522,2026-06-05 02:28:04.165522,Railway Station,IT Park,29.71,601.78,UPI,Cancelled
R00660,C0270,D0055,2026-04-24 13:57:04.165561,2026-04-24 14:58:04.165561,University,Residential Area,4.47,168.46,Cash,Completed
R00661,C0649,D0040,2025-10-20 14:46:04.165601,2025-10-20 15:36:04.165601,Railway Station,Railway Station,24.63,529.34,UPI,Completed
R00662,C0895,D0340,2026-07-01 00:23:04.165639,2026-07-01 00:39:04.165639,City Center,City Center,3.0,85.0,Cash,Cancelled
R00663,C0272,D0129,2025-11-15 13:32:04.165676,2025-11-15 14:47:04.165676,Airport,Airport,14.41,341.38,Debit Card,Completed
R00664,C0173,D0226,2026-06-04 14:34:04.165709,2026-06-04 14:51:04.165709,IT Park,Metro Station,9.49,259.82,UPI,Cancelled
R00665,C0838,D0161,2026-01-20 18:52:04.165741,2026-01-20 19:11:04.165741,City Center,Mall,24.77,529.86,Credit Card,Cancelled
R00666,C0822,D0084,2025-10-18 10:19:04.165784,2025-10-18 11:10:04.165784,University,Metro Station,16.25,312.5,Cash,Completed
R00667,C0039,D0004,2025-08-10 08:00:04.165819,2025-08-10 08:13:04.165819,Bus Stand,Mall,5.47,190.46,UPI,Cancelled
R00668,C0639,D0484,2026-02-04 19:12:04.165901,2026-02-04 19:37:04.165901,City Center,City Center,19.94,395.92,Credit Card,Cancelled
R00669,C0843,D0430,2025-08-03 03:17:04.165981,2025-08-03 03:28:04.165981,University,Hospital,16.48,381.64,Credit Card,Completed
R00670,C0168,D0109,2025-09-13 03:36:04.166049,2025-09-13 03:59:04.166049,City Center,Metro Station,15.71,372.78,UPI,Completed
R00671,C0519,D0431,2026-04-01 16:49:04.166117,2026-04-01 16:59:04.166117,Mall,University,6.84,187.12,Credit Card,Cancelled
R00672,C0616,D0116,2026-07-10 20:16:04.166157,2026-07-10 20:44:04.166157,Hospital,Railway Station,24.85,467.3,Credit Card,Cancelled
R00673,C0072,D0301,2025-10-03 19:37:04.166222,2025-10-03 19:48:04.166222,Hospital,Mall,10.56,269.08,UPI,Cancelled
R00674,C0626,D0350,2026-01-20 17:47:04.166265,2026-01-20 18:26:04.166265,University,Metro Station,3.07,137.26,Debit Card,Completed
R00675,C0935,D0016,2026-02-12 20:02:04.166299,2026-02-12 21:29:04.166299,Bus Stand,Residential Area,13.04,322.72,Debit Card,Completed
R00676,C0146,D0449,2025-10-15 00:28:04.166334,2025-10-15 01:55:04.166334,IT Park,Hospital,3.99,137.82,Debit Card,Cancelled
R00677,C0353,D0128,2026-04-07 05:07:04.166370,2026-04-07 06:05:04.166370,Residential Area,Bus Stand,17.36,390.48,UPI,Completed
R00678,C0674,D0486,2026-03-28 13:00:04.166408,2026-03-28 14:22:04.166408,University,IT Park,3.87,99.66,Cash,Cancelled
R00679,C0853,D0113,2026-07-07 11:10:04.166441,2026-07-07 12:01:04.166441,University,City Center,20.33,425.94,Cash,Completed
R00680,C0920,D0134,2025-09-01 10:18:04.166475,2025-09-01 10:50:04.166475,City Center,University,8.53,240.54,Cash,Cancelled
R00681,C0823,D0066,2026-03-13 11:04:04.166508,2026-03-13 12:11:04.166508,IT Park,Residential Area,8.31,238.58,Debit Card,Cancelled
R00682,C0756,D0417,2025-10-08 10:18:04.166544,2025-10-08 10:54:04.166544,University,Railway Station,15.33,306.94,Credit Card,Cancelled
R00683,C0097,D0245,2026-06-10 19:22:04.166590,2026-06-10 19:57:04.166590,Railway Station,Metro Station,2.65,69.7,Credit Card,Completed
R00684,C0567,D0371,2026-02-08 07:41:04.166633,2026-02-08 09:11:04.166633,Railway Station,City Center,2.09,130.62,Cash,Cancelled
R00685,C0182,D0446,2025-10-13 14:31:04.166670,2025-10-13 14:45:04.166670,City Center,Railway Station,23.59,506.62,Credit Card,Cancelled
R00686,C0766,D0242,2026-04-05 21:03:04.166704,2026-04-05 22:28:04.166704,University,IT Park,22.58,443.44,Cash,Completed
R00687,C0281,D0147,2025-10-01 11:54:04.166738,2025-10-01 12:38:04.166738,University,Metro Station,15.15,358.7,Cash,Completed
R00688,C0749,D0339,2026-03-26 06:55:04.166780,2026-03-26 08:00:04.166780,Residential Area,Residential Area,28.66,556.88,Debit Card,Completed
R00689,C0325,D0359,2026-02-09 05:12:04.166810,2026-02-09 05:54:04.166810,Residential Area,University,4.08,105.44,Cash,Completed
R00690,C0483,D0347,2026-02-05 19:43:04.166847,2026-02-05 20:14:04.166847,Airport,City Center,26.54,548.72,Credit Card,Completed
R00691,C0201,D0390,2026-01-27 06:13:04.166879,2026-01-27 07:19:04.166879,Residential Area,IT Park,9.12,189.16,Credit Card,Completed
R00692,C0372,D0103,2026-02-19 03:38:04.166901,2026-02-19 04:45:04.166901,Bus Stand,Bus Stand,11.16,247.88,Credit Card,Cancelled
R00693,C0831,D0120,2026-03-28 00:50:04.166940,2026-03-28 01:40:04.166940,University,Hospital,4.64,135.52,UPI,Cancelled
R00694,C0629,D0331,2026-06-29 15:19:04.166975,2026-06-29 16:21:04.166975,Residential Area,Mall,28.89,566.02,Cash,Completed
R00695,C0182,D0026,2025-10-28 19:59:04.166997,2025-10-28 20:10:04.166997,City Center,Airport,18.23,356.14,Credit Card,Completed
R00696,C0011,D0346,2026-04-24 06:51:04.167019,2026-04-24 07:42:04.167019,Mall,Hospital,5.64,152.52,UPI,Completed
R00697,C0272,D0261,2026-03-13 13:05:04.167041,2026-03-13 13:32:04.167041,Hospital,Residential Area,3.74,148.32,Credit Card,Completed
R00698,C0532,D0442,2025-08-13 12:42:04.167066,2025-08-13 13:21:04.167066,Hospital,Railway Station,15.81,319.58,Cash,Cancelled
R00699,C0131,D0229,2026-04-26 21:33:04.167095,2026-04-26 22:15:04.167095,IT Park,Bus Stand,14.94,361.92,Debit Card,Cancelled
R00700,C0188,D0123,2025-12-22 20:50:04.167117,2025-12-22 21:11:04.167117,Hospital,Residential Area,13.46,309.28,Credit Card,Completed
R00701,C0275,D0464,2026-07-19 09:45:04.167138,2026-07-19 10:18:04.167138,Residential Area,Metro Station,7.25,181.5,Cash,Cancelled
R00702,C0594,D0337,2025-12-15 03:33:04.167159,2025-12-15 04:29:04.167159,University,Hospital,27.61,575.98,Debit Card,Completed
R00703,C0202,D0445,2026-07-27 21:46:04.167181,2026-07-27 23:04:04.167181,Bus Stand,Metro Station,20.59,401.62,UPI,Completed
R00704,C0811,D0049,2026-05-24 08:42:04.167201,2026-05-24 09:19:04.167201,University,Hospital,10.35,246.3,Credit Card,Completed
R00705,C0581,D0018,2026-06-22 21:18:04.167250,2026-06-22 22:17:04.167250,Metro Station,City Center,28.67,598.06,Debit Card,Cancelled
R00706,C0849,D0421,2026-05-21 08:29:04.167275,2026-05-21 09:53:04.167275,Mall,Railway Station,13.68,284.24,Cash,Completed
R00707,C0694,D0425,2025-09-06 09:58:04.167296,2025-09-06 10:38:04.167296,Bus Stand,Mall,21.45,434.1,Debit Card,Cancelled
R00708,C0990,D0008,2026-05-18 15:23:04.167321,2026-05-18 15:44:04.167321,Metro Station,Mall,17.21,379.78,UPI,Cancelled
R00709,C0888,D0465,2025-09-11 03:55:04.167343,2025-09-11 04:15:04.167343,Mall,Residential Area,9.95,264.1,Debit Card,Cancelled
R00710,C0838,D0143,2026-03-16 20:37:04.167364,2026-03-16 21:06:04.167364,Railway Station,Airport,11.3,256.4,Credit Card,Completed
R00711,C0467,D0450,2025-11-28 03:45:04.167388,2025-11-28 04:13:04.167388,IT Park,Airport,25.47,485.46,Debit Card,Completed
R00712,C0444,D0491,2026-03-21 17:39:04.167409,2026-03-21 18:51:04.167409,IT Park,IT Park,11.1,270.8,UPI,Completed
R00713,C0091,D0014,2026-01-16 15:39:04.167430,2026-01-16 16:50:04.167430,IT Park,University,23.76,481.68,Debit Card,Cancelled
R00714,C0075,D0280,2025-10-18 19:30:04.167451,2025-10-18 20:51:04.167451,Metro Station,City Center,29.39,594.02,UPI,Completed
R00715,C0376,D0038,2025-08-09 05:56:04.167472,2025-08-09 07:13:04.167472,Mall,Hospital,12.96,308.28,Debit Card,Cancelled
R00716,C0664,D0421,2026-01-30 15:29:04.167493,2026-01-30 15:44:04.167493,Mall,Airport,26.84,571.12,Credit Card,Cancelled
R00717,C0418,D0267,2026-07-04 07:10:04.167514,2026-07-04 08:30:04.167514,Hospital,Residential Area,6.36,174.48,Cash,Completed
R00718,C0334,D0327,2025-11-12 22:39:04.167541,2025-11-12 23:43:04.167541,Bus Stand,City Center,18.87,413.66,Cash,Cancelled
R00719,C0239,D0291,2026-06-28 19:45:04.167563,2026-06-28 21:15:04.167563,City Center,Metro Station,26.65,521.7,UPI,Completed
R00720,C0216,D0281,2026-06-01 19:07:04.167586,2026-06-01 19:36:04.167586,Railway Station,Railway Station,13.71,323.78,UPI,Cancelled
R00721,C0795,D0443,2026-01-04 10:13:04.167608,2026-01-04 11:06:04.167608,Metro Station,Railway Station,14.7,315.6,Debit Card,Completed
R00722,C0265,D0072,2025-12-15 13:02:04.167630,2025-12-15 13:43:04.167630,Bus Stand,IT Park,27.79,580.22,Debit Card,Cancelled
R00723,C0899,D0027,2026-02-14 15:14:04.167651,2026-02-14 16:09:04.167651,Hospital,Mall,26.98,512.64,UPI,Cancelled
R00724,C0366,D0261,2025-10-16 13:58:04.167672,2025-10-16 14:33:04.167672,Mall,Airport,3.43,96.74,Cash,Completed
R00725,C0204,D0317,2026-03-08 22:08:04.167693,2026-03-08 23:05:04.167693,Hospital,Hospital,20.33,386.94,Credit Card,Cancelled
R00726,C0953,D0153,2025-09-20 10:41:04.167715,2025-09-20 12:08:04.167715,Metro Station,City Center,11.46,289.28,Credit Card,Cancelled
R00727,C0048,D0414,2025-11-11 09:38:04.167736,2025-11-11 10:54:04.167736,Metro Station,Hospital,12.55,272.9,Debit Card,Cancelled
R00728,C0764,D0001,2026-06-02 09:49:04.167759,2026-06-02 10:51:04.167759,City Center,City Center,16.56,386.08,Debit Card,Completed
R00729,C0830,D0104,2026-02-25 10:19:04.167781,2026-02-25 10:46:04.167781,Mall,University,6.26,150.68,Cash,Cancelled
R00730,C0504,D0498,2026-02-08 12:49:04.167805,2026-02-08 13:27:04.167805,Mall,Bus Stand,20.42,409.56,Debit Card,Completed
R00731,C0697,D0203,2026-02-17 09:38:04.167826,2026-02-17 10:30:04.167826,Metro Station,University,4.62,120.16,UPI,Completed
R00732,C0941,D0446,2026-06-09 08:32:04.167847,2026-06-09 09:03:04.167847,Airport,Mall,29.24,551.32,Credit Card,Cancelled
R00733,C0017,D0464,2025-10-21 06:12:04.167867,2025-10-21 07:15:04.167867,Bus Stand,IT Park,2.93,122.74,Credit Card,Cancelled
R00734,C0996,D0116,2026-04-07 21:17:04.167888,2026-04-07 22:37:04.167888,City Center,City Center,18.09,413.62,UPI,Cancelled
R00735,C0824,D0475,2025-12-14 14:06:04.167909,2025-12-14 14:54:04.167909,Residential Area,Airport,6.51,171.18,Cash,Cancelled
R00736,C0661,D0342,2025-09-09 05:23:04.167930,2025-09-09 05:53:04.167930,Metro Station,Residential Area,4.92,149.56,UPI,Completed
R00737,C0137,D0148,2025-08-05 12:18:04.167951,2025-08-05 12:30:04.167951,Residential Area,Bus Stand,16.32,330.76,Debit Card,Completed
R00738,C0163,D0077,2025-08-04 23:17:04.167974,2025-08-04 23:50:04.167974,Airport,University,15.85,363.3,Debit Card,Completed
R00739,C0700,D0205,2026-06-24 03:05:04.167996,2026-06-24 04:05:04.167996,Railway Station,Airport,12.77,277.86,Credit Card,Completed
R00740,C0720,D0296,2026-06-24 15:16:04.168019,2026-06-24 16:46:04.168019,Hospital,Bus Stand,24.66,521.88,Cash,Cancelled
R00741,C0123,D0138,2026-04-04 14:09:04.168040,2026-04-04 14:43:04.168040,Bus Stand,Bus Stand,17.69,345.42,UPI,Completed
R00742,C0947,D0179,2026-07-21 02:18:04.168061,2026-07-21 03:20:04.168061,Airport,City Center,5.62,177.16,Debit Card,Cancelled
R00743,C0920,D0041,2026-06-24 05:27:04.168089,2026-06-24 05:56:04.168089,Airport,Residential Area,3.91,93.38,Cash,Completed
R00744,C0702,D0282,2026-05-17 06:56:04.168111,2026-05-17 08:26:04.168111,IT Park,City Center,17.95,389.1,Credit Card,Cancelled
R00745,C0525,D0028,2025-12-25 06:57:04.168132,2025-12-25 07:13:04.168132,Metro Station,Airport,13.01,268.18,Debit Card,Completed
R00746,C0158,D0237,2026-05-18 22:17:04.168153,2026-05-18 23:07:04.168153,University,City Center,28.49,609.82,Cash,Cancelled
R00747,C0168,D0411,2025-09-01 00:34:04.168177,2025-09-01 01:08:04.168177,IT Park,Hospital,24.13,532.34,Credit Card,Completed
R00748,C0961,D0476,2025-08-09 18:03:04.168200,2025-08-09 18:23:04.168200,Railway Station,University,25.17,483.06,Debit Card,Completed
R00749,C0164,D0448,2026-06-28 03:02:04.168257,2026-06-28 04:17:04.168257,Airport,Metro Station,8.84,212.12,Cash,Completed
R00750,C0571,D0124,2026-01-29 21:03:04.168281,2026-01-29 21:23:04.168281,Metro Station,Mall,11.75,236.5,Debit Card,Cancelled
R00751,C0287,D0136,2025-11-16 23:44:04.168303,2025-11-17 00:55:04.168303,Mall,Hospital,4.74,130.32,Debit Card,Cancelled
R00752,C0112,D0422,2026-03-19 14:42:04.168324,2026-03-19 14:59:04.168324,Railway Station,Airport,15.71,311.78,Debit Card,Completed
R00753,C0001,D0159,2025-08-19 18:04:04.168345,2025-08-19 19:34:04.168345,Railway Station,Residential Area,15.15,349.7,Cash,Completed
R00754,C0871,D0008,2026-05-06 23:22:04.168367,2026-05-07 00:30:04.168367,Bus Stand,City Center,14.18,310.24,Debit Card,Cancelled
R00755,C0450,D0159,2026-07-03 15:31:04.168388,2026-07-03 16:13:04.168388,University,University,5.23,152.14,Debit Card,Cancelled
R00756,C0090,D0398,2025-10-24 13:33:04.168409,2025-10-24 13:46:04.168409,Bus Stand,Bus Stand,22.88,484.84,UPI,Cancelled
R00757,C0760,D0033,2025-10-27 23:53:04.168435,2025-10-28 00:57:04.168435,Airport,City Center,3.02,104.36,Cash,Cancelled
R00758,C0060,D0270,2025-10-19 20:45:04.168460,2025-10-19 21:42:04.168460,City Center,Hospital,17.9,369.2,Debit Card,Completed
R00759,C0547,D0414,2025-10-13 06:33:04.168483,2025-10-13 06:50:04.168483,Mall,IT Park,3.02,122.36,UPI,Cancelled
R00760,C0013,D0067,2026-04-23 05:20:04.168504,2026-04-23 06:27:04.168504,Airport,Metro Station,13.09,295.62,Debit Card,Completed
R00761,C0901,D0322,2025-10-09 05:46:04.168525,2025-10-09 06:39:04.168525,Bus Stand,Airport,5.64,170.52,Debit Card,Completed
R00762,C0756,D0462,2025-09-20 05:53:04.168547,2025-09-20 06:30:04.168547,Bus Stand,City Center,14.45,344.1,Credit Card,Completed
R00763,C0406,D0264,2026-05-07 09:44:04.168569,2026-05-07 10:58:04.168569,University,IT Park,20.89,415.02,Debit Card,Cancelled
R00764,C0933,D0312,2026-02-19 15:53:04.168592,2026-02-19 16:25:04.168592,IT Park,Hospital,13.68,345.24,UPI,Cancelled
R00765,C0272,D0331,2026-01-21 13:57:04.168614,2026-01-21 14:35:04.168614,City Center,University,2.1,65.8,Credit Card,Completed
R00766,C0893,D0038,2026-02-03 01:03:04.168635,2026-02-03 02:16:04.168635,Metro Station,Bus Stand,23.28,509.04,Debit Card,Completed
R00767,C0615,D0105,2026-05-08 07:29:04.168656,2026-05-08 08:50:04.168656,IT Park,Mall,17.77,410.86,UPI,Cancelled
R00768,C0967,D0282,2026-01-14 08:56:04.168682,2026-01-14 10:15:04.168682,Bus Stand,Railway Station,16.26,339.68,Credit Card,Cancelled
R00769,C0949,D0157,2026-05-05 11:59:04.168703,2026-05-05 13:09:04.168703,Metro Station,University,9.78,276.04,UPI,Completed
R00770,C0110,D0132,2026-04-25 14:30:04.168724,2026-04-25 15:14:04.168724,Airport,City Center,8.06,189.08,UPI,Cancelled
R00771,C0679,D0395,2026-07-08 16:50:04.168745,2026-07-08 17:36:04.168745,Bus Stand,Metro Station,3.51,84.18,Credit Card,Cancelled
R00772,C0259,D0395,2026-02-28 11:26:04.168766,2026-02-28 12:14:04.168766,Bus Stand,Railway Station,26.27,521.86,Debit Card,Completed
R00773,C0456,D0002,2026-04-07 08:03:04.168787,2026-04-07 09:15:04.168787,City Center,City Center,25.72,541.96,UPI,Completed
R00774,C0525,D0500,2026-02-23 21:53:04.168808,2026-02-23 23:20:04.168808,Metro Station,Railway Station,3.14,139.52,Cash,Cancelled
R00775,C0768,D0250,2025-09-14 18:28:04.168832,2025-09-14 19:01:04.168832,Hospital,Airport,28.97,614.46,Cash,Completed
R00776,C0161,D0357,2026-05-23 21:55:04.168853,2026-05-23 22:15:04.168853,IT Park,University,12.79,319.22,Debit Card,Completed
R00777,C0024,D0014,2026-02-03 14:44:04.168874,2026-02-03 15:45:04.168874,Hospital,Hospital,24.39,520.02,Debit Card,Completed
R00778,C0772,D0331,2026-04-03 00:27:04.168898,2026-04-03 00:43:04.168898,Residential Area,Bus Stand,29.59,552.62,UPI,Completed
R00779,C0281,D0108,2025-11-07 03:54:04.168919,2025-11-07 04:31:04.168919,Bus Stand,University,15.49,327.82,UPI,Completed
R00780,C0389,D0484,2026-03-25 23:38:04.168940,2026-03-26 00:52:04.168940,Metro Station,City Center,22.02,455.36,Credit Card,Completed
R00781,C0087,D0445,2026-06-04 06:55:04.168962,2026-06-04 08:14:04.168962,City Center,University,3.62,101.16,Credit Card,Completed
R00782,C0245,D0220,2026-05-07 03:45:04.168983,2026-05-07 04:04:04.168983,University,Railway Station,28.84,595.12,Cash,Completed
R00783,C0741,D0229,2026-06-27 02:57:04.169004,2026-06-27 03:20:04.169004,IT Park,Metro Station,5.16,182.88,Cash,Cancelled
R00784,C0915,D0337,2025-10-03 07:26:04.169025,2025-10-03 08:41:04.169025,University,City Center,12.56,319.08,UPI,Completed
R00785,C0268,D0234,2025-11-11 23:39:04.169046,2025-11-12 00:30:04.169046,Railway Station,IT Park,12.72,324.96,UPI,Cancelled
R00786,C0006,D0080,2026-04-12 01:30:04.169067,2026-04-12 02:16:04.169067,Airport,Mall,6.22,131.96,Credit Card,Cancelled
R00787,C0594,D0012,2025-12-01 19:06:04.169095,2025-12-01 20:25:04.169095,Railway Station,Residential Area,13.04,273.72,UPI,Cancelled
R00788,C0027,D0378,2025-08-21 04:04:04.169119,2025-08-21 04:33:04.169119,Bus Stand,Bus Stand,5.95,201.1,Credit Card,Cancelled
R00789,C0598,D0484,2026-04-10 05:06:04.169140,2026-04-10 05:36:04.169140,Railway Station,Metro Station,8.35,178.3,Credit Card,Cancelled
R00790,C0375,D0060,2026-07-30 21:02:04.169161,2026-07-30 22:04:04.169161,Hospital,Metro Station,13.7,327.6,Credit Card,Completed
R00791,C0913,D0295,2025-10-12 20:23:04.169182,2025-10-12 21:51:04.169182,Hospital,Hospital,23.39,489.02,Cash,Cancelled
R00792,C0282,D0423,2025-10-06 20:35:04.169204,2025-10-06 21:11:04.169204,Bus Stand,Mall,14.15,325.7,Debit Card,Completed
R00793,C0136,D0389,2026-02-14 09:55:04.169234,2026-02-14 11:24:04.169234,City Center,Railway Station,14.92,314.56,Credit Card,Cancelled
R00794,C0610,D0228,2026-06-08 02:43:04.169260,2026-06-08 03:24:04.169260,Mall,City Center,26.91,520.38,Credit Card,Completed
R00795,C0546,D0055,2025-12-28 01:44:04.169283,2025-12-28 02:54:04.169283,Metro Station,Railway Station,29.39,565.02,Debit Card,Cancelled
R00796,C0893,D0364,2026-01-10 22:39:04.169306,2026-01-10 23:27:04.169306,Railway Station,Mall,28.62,537.16,Debit Card,Completed
R00797,C0114,D0209,2026-02-02 15:24:04.169331,2026-02-02 16:43:04.169331,Airport,Railway Station,14.66,283.88,Credit Card,Cancelled
R00798,C0907,D0058,2025-11-17 13:40:04.169354,2025-11-17 14:55:04.169354,Hospital,Mall,16.69,321.42,UPI,Completed
R00799,C0370,D0175,2026-07-02 02:00:04.169375,2026-07-02 02:34:04.169375,Hospital,Residential Area,5.28,116.04,Credit Card,Cancelled
R00800,C0250,D0309,2025-11-19 02:20:04.169396,2025-11-19 03:20:04.169396,Railway Station,Airport,27.69,576.42,Debit Card,Completed
R00801,C0725,D0131,2025-10-28 00:22:04.169418,2025-10-28 01:20:04.169418,Airport,Mall,7.19,215.42,UPI,Cancelled
R00802,C0819,D0354,2026-07-08 15:26:04.169440,2026-07-08 15:36:04.169440,Railway Station,Metro Station,4.04,124.72,Credit Card,Cancelled
R00803,C0297,D0192,2026-07-15 04:27:04.169461,2026-07-15 04:42:04.169461,Airport,IT Park,22.74,484.32,Cash,Completed
R00804,C0525,D0455,2025-11-04 15:24:04.169482,2025-11-04 15:57:04.169482,Railway Station,Bus Stand,20.03,459.54,Cash,Cancelled
R00805,C0082,D0178,2026-07-21 07:35:04.169503,2026-07-21 08:51:04.169503,Metro Station,University,4.39,116.02,Credit Card,Cancelled
R00806,C0052,D0007,2025-10-25 08:21:04.169524,2025-10-25 09:19:04.169524,IT Park,Mall,26.1,535.8,UPI,Completed
R00807,C0459,D0420,2025-12-21 18:19:04.169546,2025-12-21 19:49:04.169546,Mall,Mall,11.62,308.16,UPI,Completed
R00808,C0957,D0155,2025-11-14 09:11:04.169571,2025-11-14 10:09:04.169571,IT Park,Mall,16.49,331.82,Cash,Cancelled
R00809,C0305,D0237,2025-09-23 12:44:04.169595,2025-09-23 13:40:04.169595,Residential Area,Railway Station,11.93,241.74,UPI,Cancelled
R00810,C0975,D0372,2025-09-01 20:10:04.169617,2025-09-01 21:09:04.169617,Airport,Metro Station,8.7,217.6,Cash,Completed
R00811,C0002,D0408,2025-11-13 16:02:04.169640,2025-11-13 16:13:04.169640,University,IT Park,11.3,269.4,Credit Card,Cancelled
R00812,C0823,D0311,2026-05-23 06:11:04.169661,2026-05-23 07:19:04.169661,Railway Station,Metro Station,20.79,442.22,Cash,Cancelled
R00813,C0694,D0150,2025-09-29 16:12:04.169682,2025-09-29 17:11:04.169682,Bus Stand,Railway Station,11.17,270.06,Debit Card,Cancelled
R00814,C0107,D0290,2025-08-15 02:36:04.169703,2025-08-15 04:00:04.169703,City Center,Mall,3.82,148.76,Debit Card,Cancelled
R00815,C0988,D0289,2026-03-26 08:54:04.169729,2026-03-26 09:23:04.169729,Hospital,Residential Area,29.2,565.6,Cash,Cancelled
R00816,C0791,D0399,2025-09-17 23:25:04.170017,2025-09-18 00:51:04.170017,City Center,Mall,3.3,123.4,UPI,Completed
R00817,C0054,D0140,2026-04-22 21:45:04.170058,2026-04-22 21:58:04.170058,Residential Area,City Center,13.63,281.34,Debit Card,Completed
R00818,C0044,D0420,2025-09-22 02:43:04.170097,2025-09-22 03:22:04.170097,Residential Area,Hospital,23.89,491.02,Credit Card,Cancelled
R00819,C0811,D0130,2025-08-21 10:23:04.170122,2025-08-21 11:08:04.170122,Hospital,IT Park,16.11,337.98,Debit Card,Completed
R00820,C0114,D0438,2026-01-29 16:23:04.170145,2026-01-29 16:36:04.170145,Hospital,Residential Area,16.18,376.24,Credit Card,Cancelled
R00821,C0350,D0368,2026-04-27 05:49:04.170168,2026-04-27 06:21:04.170168,Airport,Bus Stand,2.77,103.86,Cash,Completed
R00822,C0021,D0200,2026-04-20 11:25:04.170190,2026-04-20 12:47:04.170190,Airport,Hospital,5.18,153.24,Credit Card,Completed
R00823,C0052,D0015,2025-09-25 18:04:04.170233,2025-09-25 19:22:04.170233,Metro Station,IT Park,20.2,449.6,UPI,Completed
R00824,C0445,D0172,2026-05-09 17:18:04.170266,2026-05-09 18:46:04.170266,University,City Center,7.76,207.68,UPI,Cancelled
R00825,C0606,D0497,2025-09-14 14:03:04.170289,2025-09-14 14:34:04.170289,Bus Stand,Mall,28.61,552.98,UPI,Completed
R00826,C0271,D0355,2025-12-10 03:33:04.170316,2025-12-10 03:58:04.170316,Bus Stand,Bus Stand,19.85,454.3,Cash,Cancelled
R00827,C0418,D0300,2026-01-16 07:48:04.170337,2026-01-16 08:05:04.170337,Hospital,City Center,17.72,368.96,Debit Card,Completed
R00828,C0878,D0240,2025-09-28 23:48:04.170362,2025-09-29 00:50:04.170362,IT Park,IT Park,25.16,491.88,Cash,Completed
R00829,C0949,D0195,2025-09-10 01:25:04.170384,2025-09-10 01:45:04.170384,City Center,City Center,24.96,540.28,Cash,Completed
R00830,C0915,D0335,2025-12-31 12:04:04.170406,2025-12-31 12:28:04.170406,University,Residential Area,23.63,492.34,Credit Card,Cancelled
R00831,C0386,D0250,2025-08-18 02:04:04.170428,2025-08-18 02:27:04.170428,IT Park,City Center,24.26,529.68,Credit Card,Completed
R00832,C0600,D0441,2026-07-07 05:01:04.170450,2026-07-07 05:39:04.170450,Mall,Hospital,18.05,423.9,UPI,Cancelled
R00833,C0264,D0440,2026-08-01 17:10:04.170471,2026-08-01 18:12:04.170471,Railway Station,Airport,18.98,382.64,Cash,Completed
R00834,C0252,D0334,2026-02-05 09:55:04.170493,2026-02-05 10:12:04.170493,Residential Area,Residential Area,11.48,302.64,Cash,Completed
R00835,C0512,D0152,2025-09-18 08:37:04.170514,2025-09-18 08:54:04.170514,IT Park,Metro Station,25.07,497.26,UPI,Completed
R00836,C0431,D0005,2026-03-30 19:16:04.170536,2026-03-30 20:19:04.170536,IT Park,Residential Area,5.14,187.52,Debit Card,Cancelled
R00837,C0510,D0058,2026-05-17 15:11:04.170557,2026-05-17 16:34:04.170557,Railway Station,IT Park,17.82,364.76,Cash,Completed
R00838,C0863,D0164,2025-08-24 00:41:04.170581,2025-08-24 01:54:04.170581,Residential Area,Bus Stand,22.59,426.62,Debit Card,Cancelled
R00839,C0640,D0439,2026-04-04 01:09:04.170608,2026-04-04 01:27:04.170608,Railway Station,City Center,11.58,249.44,Debit Card,Completed
R00840,C0167,D0178,2025-11-01 22:28:04.170630,2025-11-01 22:57:04.170630,Residential Area,Residential Area,12.79,321.22,UPI,Completed
R00841,C0906,D0477,2026-05-23 19:10:04.170651,2026-05-23 19:32:04.170651,University,Railway Station,21.1,417.8,UPI,Cancelled
R00842,C0553,D0266,2025-11-22 05:03:04.170672,2025-11-22 05:59:04.170672,Airport,Airport,15.61,340.98,UPI,Completed
R00843,C0931,D0235,2026-07-31 15:33:04.170694,2026-07-31 16:55:04.170694,City Center,IT Park,14.58,327.44,Debit Card,Completed
R00844,C0886,D0056,2026-01-08 14:08:04.170715,2026-01-08 15:23:04.170715,Hospital,City Center,9.85,269.3,Credit Card,Cancelled
R00845,C0049,D0483,2026-02-06 15:38:04.170736,2026-02-06 16:43:04.170736,Airport,Airport,27.49,548.82,Cash,Completed
R00846,C0542,D0434,2025-12-17 05:32:04.170758,2025-12-17 05:44:04.170758,Bus Stand,Hospital,10.85,274.3,Cash,Cancelled
R00847,C0217,D0064,2026-07-02 07:29:04.170779,2026-07-02 08:55:04.170779,Bus Stand,Residential Area,20.3,394.4,Cash,Cancelled
R00848,C0269,D0467,2026-03-08 08:42:04.170803,2026-03-08 09:44:04.170803,University,City Center,24.84,524.12,UPI,Completed
R00849,C0011,D0343,2026-07-28 12:05:04.170824,2026-07-28 12:33:04.170824,University,City Center,18.21,362.78,UPI,Cancelled
R00850,C0755,D0031,2026-04-28 16:19:04.170845,2026-04-28 17:25:04.170845,Hospital,IT Park,12.74,260.32,UPI,Completed
R00851,C0192,D0405,2025-11-18 20:47:04.170866,2025-11-18 20:59:04.170866,Metro Station,Metro Station,24.78,533.04,Debit Card,Completed
R00852,C0832,D0260,2025-12-23 22:56:04.170888,2025-12-23 23:25:04.170888,City Center,Mall,26.82,574.76,Debit Card,Cancelled
R00853,C0222,D0369,2025-11-03 04:05:04.170909,2025-11-03 04:36:04.170909,Residential Area,Hospital,25.79,485.22,UPI,Cancelled
R00854,C0393,D0195,2025-10-08 03:44:04.170932,2025-10-08 04:33:04.170932,City Center,Residential Area,29.84,574.12,UPI,Cancelled
R00855,C0842,D0151,2026-03-15 11:07:04.170954,2026-03-15 12:34:04.170954,University,IT Park,29.01,559.18,Cash,Completed
R00856,C0538,D0200,2025-08-19 13:07:04.170975,2025-08-19 13:34:04.170975,IT Park,Railway Station,16.73,381.14,Credit Card,Cancelled
R00857,C0025,D0286,2026-01-26 10:42:04.170996,2026-01-26 11:18:04.170996,Residential Area,Bus Stand,24.23,498.14,Credit Card,Completed
R00858,C0498,D0119,2025-08-07 09:08:04.171020,2025-08-07 09:45:04.171020,City Center,IT Park,3.48,129.64,Credit Card,Cancelled
R00859,C0186,D0013,2026-03-10 06:06:04.171043,2026-03-10 06:56:04.171043,Railway Station,Railway Station,13.05,316.9,Cash,Cancelled
R00860,C0008,D0241,2025-11-03 21:37:04.171064,2025-11-03 22:54:04.171064,Metro Station,Railway Station,23.04,451.72,UPI,Completed
R00861,C0447,D0334,2026-07-11 06:57:04.171092,2026-07-11 07:47:04.171092,Residential Area,Mall,23.11,496.98,Credit Card,Cancelled
R00862,C0536,D0135,2025-12-21 06:32:04.171114,2025-12-21 07:11:04.171114,Metro Station,Hospital,11.7,250.6,Cash,Cancelled
R00863,C0861,D0383,2025-12-21 10:51:04.171136,2025-12-21 11:43:04.171136,Mall,Residential Area,5.5,177.0,UPI,Completed
R00864,C0359,D0350,2026-06-03 20:50:04.171157,2026-06-03 21:53:04.171157,City Center,Residential Area,16.34,335.12,Credit Card,Cancelled
R00865,C0296,D0433,2026-07-07 09:35:04.171179,2026-07-07 10:27:04.171179,IT Park,Metro Station,17.97,346.46,UPI,Completed
R00866,C0137,D0024,2026-06-02 19:52:04.171200,2026-06-02 20:57:04.171200,Mall,IT Park,4.82,131.76,UPI,Completed
R00867,C0170,D0060,2026-07-08 13:23:04.171241,2026-07-08 14:04:04.171241,City Center,Residential Area,15.53,360.54,Cash,Cancelled
R00868,C0991,D0249,2025-10-08 10:49:04.171272,2025-10-08 12:08:04.171272,Hospital,Metro Station,28.03,550.54,Cash,Cancelled
R00869,C0301,D0475,2026-01-09 03:14:04.171294,2026-01-09 04:31:04.171294,Mall,Metro Station,29.82,603.76,Debit Card,Completed
R00870,C0580,D0380,2026-03-24 04:39:04.171315,2026-03-24 05:19:04.171315,University,Residential Area,18.35,399.3,Debit Card,Completed
R00871,C0653,D0449,2026-04-12 11:25:04.171337,2026-04-12 11:45:04.171337,IT Park,Hospital,6.8,198.4,Credit Card,Completed
R00872,C0551,D0443,2025-08-11 15:06:04.171358,2025-08-11 15:34:04.171358,Bus Stand,Hospital,20.83,418.94,Debit Card,Cancelled
R00873,C0556,D0184,2026-06-09 11:03:04.171379,2026-06-09 12:21:04.171379,IT Park,Airport,29.75,615.5,Debit Card,Cancelled
R00874,C0686,D0439,2025-12-20 20:47:04.171400,2025-12-20 21:34:04.171400,Hospital,City Center,26.33,515.94,Debit Card,Completed
R00875,C0471,D0031,2026-05-26 11:39:04.171421,2026-05-26 11:55:04.171421,Hospital,University,20.79,457.22,Debit Card,Cancelled
R00876,C0419,D0355,2025-12-09 10:58:04.171443,2025-12-09 12:05:04.171443,City Center,Mall,10.8,293.4,Credit Card,Completed
R00877,C0811,D0430,2025-12-27 19:42:04.171464,2025-12-27 20:21:04.171464,University,IT Park,18.84,370.12,Cash,Cancelled
R00878,C0492,D0317,2025-09-27 23:31:04.171486,2025-09-28 00:48:04.171486,Bus Stand,IT Park,25.98,528.64,Cash,Cancelled
R00879,C0262,D0270,2025-09-13 11:25:04.171508,2025-09-13 12:00:04.171508,City Center,University,13.83,347.94,Cash,Cancelled
R00880,C0819,D0375,2026-06-18 17:02:04.171529,2026-06-18 17:51:04.171529,Bus Stand,Metro Station,19.07,394.26,UPI,Completed
R00881,C0407,D0309,2026-02-24 23:08:04.171550,2026-02-25 00:05:04.171550,Bus Stand,University,18.19,406.42,Credit Card,Cancelled
R00882,C0990,D0128,2025-12-05 11:11:04.171574,2025-12-05 12:13:04.171574,University,Residential Area,26.19,565.42,Credit Card,Completed
R00883,C0077,D0241,2026-07-14 16:02:04.171597,2026-07-14 16:17:04.171597,Airport,University,21.57,440.26,Cash,Completed
R00884,C0560,D0244,2026-05-22 12:59:04.171621,2026-05-22 13:25:04.171621,University,Bus Stand,29.64,603.52,Cash,Cancelled
R00885,C0819,D0081,2025-08-14 00:20:04.171642,2025-08-14 01:08:04.171642,IT Park,Airport,4.88,138.84,Credit Card,Cancelled
R00886,C0519,D0412,2026-01-06 16:46:04.171664,2026-01-06 17:39:04.171664,Hospital,Bus Stand,6.78,172.04,Cash,Cancelled
R00887,C0811,D0103,2025-12-13 22:29:04.171685,2025-12-13 23:18:04.171685,Mall,Railway Station,9.25,206.5,UPI,Completed
R00888,C0538,D0134,2025-12-27 20:36:04.171708,2025-12-27 21:41:04.171708,Mall,Residential Area,26.99,513.82,Credit Card,Cancelled
R00889,C0958,D0098,2026-05-18 09:23:04.171730,2026-05-18 10:12:04.171730,Residential Area,IT Park,21.48,454.64,UPI,Completed
R00890,C0768,D0413,2025-08-30 05:22:04.171751,2025-08-30 05:53:04.171751,Bus Stand,Railway Station,13.67,268.06,Cash,Cancelled
R00891,C0436,D0313,2026-03-18 15:29:04.171772,2026-03-18 15:50:04.171772,Hospital,Airport,26.64,559.52,Credit Card,Cancelled
R00892,C0494,D0049,2025-11-04 21:14:04.171793,2025-11-04 22:21:04.171793,Residential Area,Hospital,22.32,481.76,UPI,Cancelled
R00893,C0491,D0307,2026-01-25 17:43:04.171814,2026-01-25 18:36:04.171814,Metro Station,Railway Station,23.39,462.02,Cash,Completed
R00894,C0704,D0252,2026-02-14 01:02:04.171835,2026-02-14 01:23:04.171835,City Center,City Center,13.45,297.1,UPI,Completed
R00895,C0360,D0087,2025-11-09 12:54:04.171856,2025-11-09 13:37:04.171856,City Center,Metro Station,23.57,514.26,Credit Card,Completed
R00896,C0441,D0027,2026-04-21 23:13:04.171878,2026-04-22 00:41:04.171878,Airport,City Center,28.9,617.2,Cash,Completed
R00897,C0081,D0003,2025-11-01 10:23:04.171899,2025-11-01 11:51:04.171899,Mall,Residential Area,3.46,136.28,Cash,Completed
R00898,C0282,D0353,2026-07-03 09:28:04.171925,2026-07-03 10:47:04.171925,City Center,Railway Station,3.34,136.12,Cash,Completed
R00899,C0117,D0168,2026-05-02 23:35:04.171946,2026-05-03 00:29:04.171946,Metro Station,University,9.77,217.86,Credit Card,Cancelled
R00900,C0119,D0442,2025-08-15 20:14:04.171968,2025-08-15 20:41:04.171968,Bus Stand,Mall,8.02,203.36,Cash,Completed
R00901,C0631,D0154,2025-12-31 00:40:04.171989,2025-12-31 01:42:04.171989,Bus Stand,Railway Station,7.81,181.58,Cash,Cancelled
R00902,C0605,D0441,2025-10-10 05:59:04.172011,2025-10-10 06:46:04.172011,Metro Station,Hospital,5.48,167.64,Debit Card,Completed
R00903,C0051,D0208,2026-01-22 05:34:04.172032,2026-01-22 06:35:04.172032,Bus Stand,Airport,3.86,117.48,UPI,Cancelled
R00904,C0776,D0171,2025-12-23 07:20:04.172053,2025-12-23 07:59:04.172053,Metro Station,Mall,24.25,535.5,Cash,Completed
R00905,C0599,D0459,2025-11-28 17:12:04.172074,2025-11-28 17:48:04.172074,Airport,Mall,17.77,374.86,Cash,Completed
R00906,C0938,D0226,2026-04-17 06:37:04.172100,2026-04-17 07:15:04.172100,IT Park,University,10.21,223.78,Cash,Cancelled
R00907,C0161,D0490,2026-06-11 23:36:04.172122,2026-06-11 23:46:04.172122,University,Airport,28.05,552.9,Credit Card,Cancelled
R00908,C0850,D0309,2026-07-24 17:23:04.172146,2026-07-24 18:10:04.172146,University,Metro Station,17.22,374.96,Cash,Completed
R00909,C0782,D0155,2025-10-15 04:55:04.172168,2025-10-15 06:07:04.172168,Hospital,IT Park,26.14,549.52,Cash,Completed
R00910,C0771,D0283,2026-04-13 16:36:04.172189,2026-04-13 18:04:04.172189,Railway Station,Metro Station,21.23,458.14,Debit Card,Completed
R00911,C0554,D0203,2026-06-02 00:59:04.172224,2026-06-02 01:28:04.172224,Airport,Airport,22.0,457.0,Cash,Cancelled
R00912,C0612,D0355,2026-05-19 09:47:04.172246,2026-05-19 10:02:04.172246,Mall,Hospital,12.4,315.2,Debit Card,Completed
R00913,C0247,D0199,2026-03-09 23:55:04.172267,2026-03-10 00:14:04.172267,Railway Station,University,16.49,381.82,Debit Card,Completed
R00914,C0301,D0125,2026-06-04 00:44:04.172289,2026-06-04 01:23:04.172289,Railway Station,Airport,24.46,528.28,UPI,Completed
R00915,C0713,D0237,2026-02-25 11:25:04.172310,2026-02-25 12:11:04.172310,Mall,Airport,24.35,498.3,UPI,Cancelled
R00916,C0173,D0453,2026-06-03 02:43:04.172331,2026-06-03 03:33:04.172331,University,Residential Area,29.05,615.9,Credit Card,Cancelled
R00917,C0255,D0299,2025-12-28 15:22:04.172352,2025-12-28 15:55:04.172352,Metro Station,Hospital,8.83,193.94,Debit Card,Completed
R00918,C0545,D0319,2026-07-09 23:21:04.172376,2026-07-09 23:54:04.172376,Residential Area,Metro Station,12.37,312.66,Credit Card,Cancelled
R00919,C0814,D0409,2025-11-17 22:45:04.172397,2025-11-17 23:15:04.172397,Mall,University,4.07,163.26,Cash,Cancelled
R00920,C0383,D0352,2026-05-09 15:47:04.172419,2026-05-09 16:14:04.172419,IT Park,Airport,12.06,316.08,Credit Card,Completed
R00921,C0249,D0349,2025-09-02 02:32:04.172440,2025-09-02 03:29:04.172440,Residential Area,IT Park,18.12,410.16,Debit Card,Completed
R00922,C0905,D0317,2026-05-09 01:20:04.172462,2026-05-09 01:52:04.172462,IT Park,Airport,3.69,106.42,Cash,Completed
R00923,C0900,D0390,2026-02-24 12:11:04.172486,2026-02-24 13:21:04.172486,Railway Station,University,15.02,305.36,Credit Card,Cancelled
R00924,C0376,D0323,2026-06-18 00:37:04.172507,2026-06-18 01:21:04.172507,IT Park,Mall,28.04,589.72,UPI,Completed
R00925,C0769,D0270,2026-05-18 07:33:04.172527,2026-05-18 08:46:04.172527,Bus Stand,Airport,22.13,449.34,Debit Card,Cancelled
R00926,C0728,D0473,2026-06-12 08:21:04.172548,2026-06-12 09:41:04.172548,Bus Stand,Airport,18.19,373.42,Cash,Completed
R00927,C0294,D0407,2025-10-14 12:11:04.172569,2025-10-14 12:29:04.172569,Mall,Hospital,13.16,281.88,UPI,Completed
R00928,C0005,D0188,2025-11-23 03:52:04.172594,2025-11-23 05:18:04.172594,Residential Area,City Center,10.01,206.18,Credit Card,Completed
R00929,C0863,D0390,2026-02-14 00:25:04.172616,2026-02-14 00:38:04.172616,Bus Stand,Railway Station,9.44,196.92,Credit Card,Cancelled
R00930,C0628,D0270,2026-07-24 09:12:04.172637,2026-07-24 09:53:04.172637,Hospital,Airport,13.1,287.8,UPI,Completed
R00931,C0698,D0132,2025-08-16 15:12:04.172658,2025-08-16 16:12:04.172658,University,Railway Station,23.9,497.2,Debit Card,Cancelled
R00932,C0922,D0314,2025-11-12 11:04:04.172679,2025-11-12 11:37:04.172679,Hospital,Bus Stand,18.48,362.64,UPI,Completed
R00933,C0271,D0324,2026-06-13 07:02:04.172705,2026-06-13 07:52:04.172705,Hospital,Metro Station,22.78,498.04,UPI,Cancelled
R00934,C0896,D0155,2025-12-11 22:34:04.172739,2025-12-12 00:01:04.172739,Metro Station,City Center,21.33,429.94,Cash,Cancelled
R00935,C0781,D0190,2026-04-21 21:44:04.172770,2026-04-21 22:56:04.172770,Metro Station,Bus Stand,20.31,391.58,Credit Card,Completed
R00936,C0135,D0198,2026-01-05 04:30:04.172792,2026-01-05 05:35:04.172792,City Center,Bus Stand,19.83,442.94,UPI,Completed
R00937,C0460,D0057,2026-03-17 16:53:04.172813,2026-03-17 17:28:04.172813,IT Park,University,15.07,319.26,UPI,Cancelled
R00938,C0435,D0044,2026-05-17 23:43:04.172838,2026-05-18 00:59:04.172838,Railway Station,IT Park,7.79,237.22,Credit Card,Completed
R00939,C0476,D0074,2025-11-29 00:36:04.172862,2025-11-29 01:33:04.172862,City Center,City Center,27.34,556.12,Credit Card,Completed
R00940,C0287,D0392,2026-07-20 20:52:04.172883,2026-07-20 21:50:04.172883,Residential Area,Metro Station,17.05,335.9,UPI,Cancelled
R00941,C0089,D0425,2025-11-28 21:48:04.172905,2025-11-28 22:41:04.172905,Airport,IT Park,27.49,587.82,Cash,Cancelled
R00942,C0264,D0156,2026-05-30 20:56:04.172925,2026-05-30 21:48:04.172925,Airport,Residential Area,14.04,316.72,Debit Card,Completed
R00943,C0679,D0481,2026-06-04 23:14:04.172946,2026-06-04 23:45:04.172946,City Center,Metro Station,23.41,479.38,UPI,Cancelled
R00944,C0853,D0254,2025-08-11 18:38:04.172967,2025-08-11 20:07:04.172967,Hospital,Mall,29.88,573.84,Debit Card,Cancelled
R00945,C0135,D0067,2026-02-06 16:28:04.172988,2026-02-06 17:03:04.172988,Bus Stand,Metro Station,21.64,455.52,Cash,Cancelled
R00946,C0771,D0165,2025-12-05 04:00:04.173009,2025-12-05 04:42:04.173009,Metro Station,City Center,14.54,344.72,Credit Card,Cancelled
R00947,C0583,D0087,2025-09-10 15:18:04.173030,2025-09-10 16:23:04.173030,Airport,Airport,17.85,385.3,UPI,Cancelled
R00948,C0491,D0231,2026-04-04 00:00:04.173058,2026-04-04 00:36:04.173058,Hospital,Metro Station,18.58,387.44,Credit Card,Completed
R00949,C0947,D0179,2026-02-05 06:28:04.173080,2026-02-05 06:56:04.173080,Airport,Railway Station,5.6,159.8,Debit Card,Cancelled
R00950,C0431,D0324,2026-03-25 23:45:04.173107,2026-03-26 00:46:04.173107,IT Park,Airport,5.28,163.04,UPI,Cancelled
R00951,C0965,D0374,2025-08-16 11:36:04.173128,2025-08-16 12:19:04.173128,Residential Area,Metro Station,7.96,182.28,UPI,Completed
R00952,C0093,D0492,2025-11-15 11:56:04.173149,2025-11-15 12:24:04.173149,Metro Station,Mall,10.47,215.46,UPI,Completed
R00953,C0835,D0092,2026-04-06 03:34:04.173170,2026-04-06 04:39:04.173170,Residential Area,City Center,21.06,463.08,Debit Card,Cancelled
R00954,C0820,D0169,2026-03-29 01:55:04.173196,2026-03-29 02:31:04.173196,Mall,Metro Station,12.29,314.22,UPI,Cancelled
R00955,C0432,D0349,2025-10-05 09:21:04.173227,2025-10-05 10:50:04.173227,University,IT Park,17.3,382.4,Cash,Cancelled
R00956,C0137,D0435,2025-09-06 21:36:04.173248,2025-09-06 22:38:04.173248,Residential Area,City Center,12.54,293.72,Credit Card,Cancelled
R00957,C0989,D0197,2025-12-04 21:37:04.173270,2025-12-04 22:23:04.173270,City Center,Airport,16.78,387.04,UPI,Cancelled
R00958,C0404,D0026,2025-12-23 17:02:04.173293,2025-12-23 18:14:04.173293,Hospital,Hospital,3.45,162.1,Debit Card,Completed
R00959,C0102,D0233,2026-02-06 00:42:04.173315,2026-02-06 01:38:04.173315,Residential Area,Metro Station,17.75,407.5,Debit Card,Completed
R00960,C0369,D0099,2025-10-29 13:36:04.173336,2025-10-29 14:17:04.173336,Metro Station,Mall,14.56,343.08,Debit Card,Completed
R00961,C0355,D0196,2025-10-06 22:25:04.173358,2025-10-06 22:47:04.173358,Hospital,Mall,5.29,176.22,UPI,Cancelled
R00962,C0281,D0464,2026-03-23 23:09:04.173380,2026-03-23 23:35:04.173380,Hospital,Metro Station,15.12,367.16,UPI,Completed
R00963,C0621,D0152,2026-03-11 05:22:04.173401,2026-03-11 06:10:04.173401,IT Park,Railway Station,22.96,447.28,Debit Card,Completed
R00964,C0191,D0420,2025-09-01 20:15:04.173422,2025-09-01 20:29:04.173422,IT Park,Hospital,4.59,159.62,Credit Card,Completed
R00965,C0825,D0138,2026-07-08 06:13:04.173444,2026-07-08 06:31:04.173444,Metro Station,Bus Stand,16.45,389.1,Debit Card,Cancelled
R00966,C0156,D0497,2025-12-25 07:47:04.173477,2025-12-25 08:33:04.173477,Mall,IT Park,18.47,408.46,UPI,Completed
R00967,C0600,D0472,2026-05-09 15:57:04.173517,2026-05-09 16:57:04.173517,Railway Station,Airport,16.89,335.02,UPI,Cancelled
R00968,C0201,D0199,2025-10-18 02:26:04.173542,2025-10-18 02:54:04.173542,Metro Station,City Center,15.49,378.82,Debit Card,Completed
R00969,C0838,D0382,2025-10-28 16:41:04.173564,2025-10-28 18:07:04.173564,IT Park,University,17.67,381.06,Debit Card,Cancelled
R00970,C0197,D0044,2026-06-13 14:15:04.173588,2026-06-13 15:16:04.173588,Metro Station,Airport,4.12,129.16,UPI,Cancelled
R00971,C0004,D0493,2025-08-09 16:16:04.173610,2025-08-09 17:27:04.173610,University,Hospital,16.66,392.88,UPI,Completed
R00972,C0362,D0315,2026-07-14 19:51:04.173631,2026-07-14 20:17:04.173631,Hospital,Bus Stand,22.26,448.68,UPI,Cancelled
R00973,C0057,D0495,2025-10-27 06:13:04.173652,2025-10-27 06:26:04.173652,Hospital,Hospital,14.61,325.98,Credit Card,Completed
R00974,C0493,D0361,2025-11-26 02:28:04.173676,2025-11-26 03:40:04.173676,Airport,Residential Area,18.7,358.6,Cash,Completed
R00975,C0702,D0146,2025-09-09 02:57:04.173697,2025-09-09 04:25:04.173697,University,University,29.85,604.3,Debit Card,Completed
R00976,C0997,D0120,2025-12-20 04:29:04.173718,2025-12-20 05:50:04.173718,City Center,Metro Station,3.5,108.0,Cash,Cancelled
R00977,C0046,D0014,2026-01-20 01:02:04.173740,2026-01-20 01:42:04.173740,Hospital,Metro Station,11.03,239.54,Debit Card,Cancelled
R00978,C0136,D0062,2026-01-24 19:27:04.173763,2026-01-24 20:32:04.173763,Hospital,University,18.51,419.18,Debit Card,Cancelled
R00979,C0750,D0190,2026-03-22 18:23:04.173785,2026-03-22 19:31:04.173785,Residential Area,Bus Stand,22.99,482.82,UPI,Cancelled
R00980,C0183,D0194,2026-06-11 18:57:04.173816,2026-06-11 19:25:04.173816,Mall,Railway Station,19.18,404.24,UPI,Completed
R00981,C0140,D0042,2026-05-25 12:43:04.173849,2026-05-25 13:17:04.173849,Railway Station,University,10.81,226.58,Credit Card,Cancelled
R00982,C0663,D0425,2025-11-05 04:47:04.173881,2025-11-05 05:52:04.173881,Railway Station,Railway Station,26.63,544.34,Debit Card,Completed
R00983,C0133,D0029,2026-04-06 15:42:04.173904,2026-04-06 16:23:04.173904,City Center,Railway Station,3.58,99.44,Credit Card,Cancelled
R00984,C0918,D0402,2025-08-26 12:24:04.173926,2025-08-26 13:23:04.173926,Residential Area,Mall,12.51,303.18,Debit Card,Cancelled
R00985,C0546,D0469,2026-02-25 03:46:04.173947,2026-02-25 05:00:04.173947,Residential Area,University,7.78,240.04,UPI,Completed
R00986,C0726,D0478,2026-06-18 19:50:04.173968,2026-06-18 20:00:04.173968,IT Park,Mall,23.77,497.86,Debit Card,Cancelled
R00987,C0407,D0155,2026-07-01 12:02:04.173994,2026-07-01 12:25:04.173994,Mall,City Center,2.64,73.52,UPI,Completed
R00988,C0464,D0149,2026-06-10 10:15:04.174019,2026-06-10 10:48:04.174019,Airport,Residential Area,22.3,465.4,Debit Card,Cancelled
R00989,C0439,D0322,2026-02-13 20:38:04.174041,2026-02-13 21:32:04.174041,Mall,Mall,24.75,505.5,Credit Card,Cancelled
R00990,C0806,D0401,2026-03-14 21:58:04.174063,2026-03-14 22:53:04.174063,Railway Station,Railway Station,29.7,614.6,Credit Card,Completed
R00991,C0188,D0087,2025-08-27 09:34:04.174090,2025-08-27 10:41:04.174090,Residential Area,Mall,18.12,373.16,Debit Card,Completed
R00992,C0075,D0015,2025-08-08 18:06:04.174113,2025-08-08 18:58:04.174113,City Center,Hospital,14.42,341.56,UPI,Completed
R00993,C0547,D0305,2026-01-22 00:22:04.174134,2026-01-22 01:31:04.174134,IT Park,Airport,23.51,518.18,Cash,Cancelled
R00994,C0104,D0392,2025-09-08 16:51:04.174155,2025-09-08 18:02:04.174155,City Center,University,8.07,199.26,Cash,Cancelled
R00995,C0626,D0196,2025-12-15 01:21:04.174177,2025-12-15 02:12:04.174177,Mall,University,19.07,380.26,Debit Card,Completed
R00996,C0962,D0314,2026-04-26 15:27:04.174201,2026-04-26 16:19:04.174201,Airport,IT Park,29.08,579.44,Debit Card,Cancelled
R00997,C0203,D0123,2026-05-19 18:31:04.174232,2026-05-19 19:01:04.174232,Metro Station,University,17.11,378.98,UPI,Cancelled
R00998,C0744,D0221,2026-06-26 01:45:04.174256,2026-06-26 02:00:04.174256,Bus Stand,Railway Station,6.49,208.82,Debit Card,Completed
R00999,C0356,D0473,2025-12-22 10:31:04.174277,2025-12-22 11:10:04.174277,Railway Station,Airport,15.36,315.48,Debit Card,Completed
R01000,C0170,D0175,2026-03-09 15:55:04.174298,2026-03-09 17:23:04.174298,IT Park,IT Park,15.95,326.1,Debit Card,Cancelled
R01001,C0853,D0185,2025-11-25 10:22:04.174319,2025-11-25 11:07:04.174319,Bus Stand,Metro Station,5.96,166.28,Debit Card,Cancelled
R01002,C0824,D0372,2025-09-01 22:36:04.174341,2025-09-01 23:21:04.174341,Residential Area,Bus Stand,14.52,334.36,UPI,Cancelled
R01003,C0604,D0487,2025-11-06 02:02:04.174362,2025-11-06 02:37:04.174362,Residential Area,Metro Station,16.55,330.9,Cash,Completed
R01004,C0109,D0300,2025-12-01 15:56:04.174383,2025-12-01 16:16:04.174383,University,City Center,16.14,364.52,Debit Card,Completed
R01005,C0307,D0175,2026-04-05 18:42:04.174404,2026-04-05 19:56:04.174404,University,University,20.2,413.6,Debit Card,Completed
R01006,C0658,D0269,2026-04-23 21:03:04.174425,2026-04-23 22:17:04.174425,IT Park,University,20.06,430.08,Debit Card,Completed
R01007,C0853,D0100,2026-06-09 23:52:04.174447,2026-06-10 01:18:04.174447,Bus Stand,Airport,20.06,440.08,Debit Card,Completed
R01008,C0796,D0026,2025-11-16 03:02:04.174470,2025-11-16 04:28:04.174470,Hospital,Bus Stand,17.22,385.96,Cash,Cancelled
R01009,C0888,D0155,2026-07-27 14:44:04.174492,2026-07-27 14:55:04.174492,University,Residential Area,12.6,290.8,UPI,Cancelled
R01010,C0995,D0077,2026-02-18 13:43:04.174514,2026-02-18 14:55:04.174514,Railway Station,Metro Station,2.56,110.08,Cash,Completed
R01011,C0767,D0406,2026-04-23 13:26:04.174537,2026-04-23 13:55:04.174537,Mall,City Center,7.3,187.4,Cash,Cancelled
R01012,C0927,D0165,2025-08-02 18:39:04.174558,2025-08-02 19:23:04.174558,Airport,City Center,16.04,327.72,Debit Card,Completed
R01013,C0541,D0002,2025-11-08 14:31:04.174579,2025-11-08 14:44:04.174579,Metro Station,Residential Area,28.31,575.58,Cash,Completed
R01014,C0642,D0346,2026-04-23 04:18:04.174604,2026-04-23 05:09:04.174604,IT Park,Mall,18.56,361.08,Debit Card,Cancelled
R01015,C0108,D0320,2025-12-18 02:34:04.174626,2025-12-18 03:09:04.174626,City Center,Residential Area,15.66,354.88,Debit Card,Cancelled
R01016,C0389,D0036,2026-07-12 18:15:04.174647,2026-07-12 18:35:04.174647,Hospital,Bus Stand,24.36,463.48,Credit Card,Completed
R01017,C0908,D0101,2026-01-01 23:25:04.174668,2026-01-02 00:06:04.174668,IT Park,University,12.95,279.1,Debit Card,Completed
R01018,C0674,D0430,2025-10-09 10:27:04.174691,2025-10-09 11:00:04.174691,Mall,Hospital,29.64,633.52,UPI,Cancelled
R01019,C0562,D0380,2025-10-27 07:54:04.174714,2025-10-27 09:09:04.174714,University,City Center,22.57,505.26,UPI,Cancelled
R01020,C0923,D0224,2026-02-09 12:58:04.174736,2026-02-09 13:26:04.174736,Metro Station,Hospital,2.97,139.46,Credit Card,Cancelled
R01021,C0214,D0457,2025-12-19 07:31:04.174757,2025-12-19 08:56:04.174757,Bus Stand,University,27.23,558.14,UPI,Completed
R01022,C0384,D0225,2025-10-28 11:38:04.174779,2025-10-28 12:25:04.174779,Mall,Bus Stand,4.03,95.54,Debit Card,Cancelled
R01023,C0341,D0102,2026-06-11 14:34:04.174800,2026-06-11 16:04:04.174800,Bus Stand,Residential Area,25.38,496.84,UPI,Completed
R01024,C0575,D0438,2026-04-14 13:00:04.174825,2026-04-14 13:35:04.174825,University,Hospital,25.87,535.66,UPI,Cancelled
R01025,C0965,D0311,2025-09-23 19:01:04.174847,2025-09-23 19:46:04.174847,Railway Station,Hospital,17.88,350.84,Cash,Cancelled
R01026,C0313,D0425,2026-04-09 19:01:04.174868,2026-04-09 20:14:04.174868,Bus Stand,Airport,4.05,116.9,UPI,Completed
R01027,C0001,D0492,2026-07-19 12:07:04.174889,2026-07-19 12:59:04.174889,Railway Station,Airport,13.48,286.64,Cash,Cancelled
R01028,C0114,D0336,2025-12-09 03:49:04.174912,2025-12-09 04:08:04.174912,Bus Stand,Airport,15.01,358.18,Credit Card,Completed
R01029,C0227,D0346,2026-02-16 03:33:04.174933,2026-02-16 04:38:04.174933,Airport,Railway Station,9.12,250.16,Credit Card,Completed
R01030,C0138,D0290,2026-01-25 04:32:04.174955,2026-01-25 05:21:04.174955,City Center,Mall,4.26,118.68,Cash,Cancelled
R01031,C0826,D0263,2025-10-23 11:44:04.174977,2025-10-23 12:29:04.174977,Railway Station,Airport,16.33,360.94,Debit Card,Cancelled
R01032,C0208,D0389,2026-03-14 13:39:04.174998,2026-03-14 14:34:04.174998,Hospital,Residential Area,28.61,543.98,UPI,Cancelled
R01033,C0807,D0031,2025-12-03 20:08:04.175019,2025-12-03 21:15:04.175019,Railway Station,Airport,14.7,361.6,Cash,Cancelled
R01034,C0456,D0144,2025-09-17 22:06:04.175041,2025-09-17 23:25:04.175041,Residential Area,Railway Station,5.23,181.14,Debit Card,Cancelled
R01035,C0228,D0275,2026-07-24 19:40:04.175063,2026-07-24 20:27:04.175063,IT Park,Bus Stand,21.16,480.88,Credit Card,Cancelled
R01036,C0349,D0300,2026-05-16 01:30:04.175089,2026-05-16 02:12:04.175089,Metro Station,IT Park,26.58,559.44,Credit Card,Cancelled
R01037,C0047,D0036,2026-03-23 23:02:04.175111,2026-03-23 23:24:04.175111,Railway Station,Mall,16.35,375.3,Credit Card,Completed
R01038,C0687,D0159,2025-11-15 20:48:04.175134,2025-11-15 21:28:04.175134,IT Park,Metro Station,3.35,83.3,Debit Card,Cancelled
R01039,C0218,D0126,2026-05-12 02:44:04.175156,2026-05-12 03:58:04.175156,IT Park,Airport,4.82,116.76,Cash,Cancelled
R01040,C0991,D0214,2026-01-28 01:09:04.175178,2026-01-28 02:06:04.175178,Bus Stand,IT Park,29.23,564.14,Credit Card,Cancelled
R01041,C0504,D0215,2026-06-27 14:32:04.175200,2026-06-27 14:48:04.175200,Mall,Airport,3.69,131.42,Cash,Completed
R01042,C0689,D0240,2026-06-25 03:35:04.175230,2026-06-25 03:50:04.175230,City Center,Airport,15.97,349.46,Credit Card,Completed
R01043,C0407,D0250,2025-09-20 12:08:04.175252,2025-09-20 12:43:04.175252,University,Hospital,20.69,426.42,Credit Card,Completed
R01044,C0211,D0337,2026-03-29 01:37:04.175273,2026-03-29 02:06:04.175273,Railway Station,Hospital,14.26,308.68,Cash,Completed
R01045,C0051,D0473,2026-02-19 00:40:04.175295,2026-02-19 01:25:04.175295,Mall,Metro Station,8.15,183.7,Cash,Completed
R01046,C0374,D0046,2025-12-31 08:51:04.175316,2025-12-31 09:12:04.175316,Residential Area,Mall,2.74,94.32,Cash,Completed
R01047,C0508,D0134,2026-06-18 10:48:04.175337,2026-06-18 11:09:04.175337,Bus Stand,University,25.93,540.74,Cash,Cancelled
R01048,C0340,D0218,2026-01-20 16:51:04.175360,2026-01-20 17:50:04.175360,Metro Station,University,19.86,391.48,Debit Card,Cancelled
R01049,C0371,D0253,2026-07-12 02:17:04.175382,2026-07-12 03:25:04.175382,Airport,Residential Area,22.47,438.46,UPI,Completed
R01050,C0277,D0310,2025-09-24 23:26:04.175403,2025-09-25 00:48:04.175403,Hospital,IT Park,12.08,258.44,Cash,Cancelled
R01051,C0292,D0294,2025-08-26 10:24:04.175429,2025-08-26 11:12:04.175429,Airport,Bus Stand,21.26,473.68,Cash,Cancelled
R01052,C0346,D0040,2026-05-31 23:19:04.175454,2026-05-31 23:35:04.175454,City Center,Metro Station,5.01,117.18,Credit Card,Cancelled
R01053,C0832,D0427,2025-10-10 08:45:04.175475,2025-10-10 09:20:04.175475,Residential Area,Railway Station,22.16,449.88,Debit Card,Cancelled
R01054,C0745,D0170,2025-09-02 16:06:04.175497,2025-09-02 16:30:04.175497,University,Residential Area,6.57,209.26,Credit Card,Completed
R01055,C0952,D0133,2026-07-08 08:25:04.175518,2026-07-08 09:06:04.175518,City Center,Railway Station,16.67,323.06,Cash,Completed
R01056,C0901,D0383,2025-12-02 08:59:04.175539,2025-12-02 09:15:04.175539,Railway Station,Mall,20.11,454.98,UPI,Completed
R01057,C0190,D0034,2025-10-13 19:07:04.175560,2025-10-13 20:12:04.175560,IT Park,Airport,18.04,393.72,Credit Card,Completed
R01058,C0378,D0219,2025-08-24 03:32:04.175585,2025-08-24 05:02:04.175585,Airport,Metro Station,2.84,112.12,Cash,Completed
R01059,C0569,D0190,2025-12-24 18:38:04.175608,2025-12-24 19:42:04.175608,Metro Station,Mall,21.42,422.56,Credit Card,Cancelled
R01060,C0057,D0472,2026-06-17 14:30:04.175629,2026-06-17 15:40:04.175629,Railway Station,Metro Station,25.73,508.14,UPI,Completed
R01061,C0037,D0232,2026-02-14 04:53:04.175650,2026-02-14 05:53:04.175650,IT Park,University,3.6,122.8,Debit Card,Completed
R01062,C0380,D0264,2025-10-24 06:06:04.175671,2025-10-24 07:24:04.175671,Metro Station,Residential Area,19.87,409.66,Debit Card,Cancelled
R01063,C0908,D0389,2025-08-03 00:10:04.175692,2025-08-03 00:31:04.175692,Mall,Residential Area,5.06,186.08,Debit Card,Completed
R01064,C0042,D0444,2026-02-08 09:57:04.175712,2026-02-08 10:21:04.175712,Residential Area,Bus Stand,28.79,539.22,Debit Card,Cancelled
R01065,C0893,D0149,2026-01-24 19:20:04.175733,2026-01-24 19:47:04.175733,University,Railway Station,3.6,159.8,Debit Card,Cancelled
R01066,C0731,D0096,2026-04-26 10:16:04.175754,2026-04-26 11:35:04.175754,IT Park,Residential Area,29.81,557.58,Debit Card,Cancelled
R01067,C0468,D0439,2026-01-09 07:41:04.175776,2026-01-09 08:56:04.175776,Bus Stand,Metro Station,3.11,80.98,Debit Card,Cancelled
R01068,C0431,D0098,2025-10-25 03:57:04.175799,2025-10-25 04:33:04.175799,Hospital,University,5.32,121.76,Cash,Cancelled
R01069,C0930,D0038,2026-07-11 16:32:04.175821,2026-07-11 16:48:04.175821,Hospital,Bus Stand,9.68,195.24,UPI,Cancelled
R01070,C0721,D0271,2026-07-02 13:06:04.175842,2026-07-02 13:27:04.175842,Bus Stand,City Center,4.52,103.36,Debit Card,Completed
R01071,C0671,D0100,2025-12-12 20:02:04.175863,2025-12-12 20:28:04.175863,City Center,Mall,11.12,291.16,UPI,Cancelled
R01072,C0017,D0205,2025-08-15 23:51:04.175884,2025-08-16 01:00:04.175884,IT Park,Railway Station,8.95,205.1,Credit Card,Cancelled
R01073,C0171,D0377,2025-09-12 09:17:04.175911,2025-09-12 10:04:04.175911,Residential Area,Airport,24.93,528.74,Debit Card,Cancelled
R01074,C0364,D0166,2026-01-30 23:32:04.175948,2026-01-30 23:56:04.175948,Hospital,University,28.79,575.22,Cash,Completed
R01075,C0018,D0461,2025-08-17 22:31:04.175979,2025-08-17 23:28:04.175979,IT Park,Residential Area,26.34,512.12,Credit Card,Cancelled
R01076,C0069,D0077,2025-12-08 23:02:04.176000,2025-12-08 23:20:04.176000,Metro Station,Bus Stand,6.71,197.78,UPI,Completed
R01077,C0827,D0221,2025-12-14 03:28:04.176022,2025-12-14 03:49:04.176022,IT Park,Airport,13.35,337.3,Debit Card,Completed
R01078,C0301,D0401,2025-12-26 19:25:04.176047,2025-12-26 20:09:04.176047,Mall,Hospital,4.1,131.8,UPI,Completed
R01079,C0562,D0165,2025-09-24 05:43:04.176069,2025-09-24 07:03:04.176069,Metro Station,University,17.11,385.98,Cash,Cancelled
R01080,C0742,D0448,2026-07-06 13:01:04.176096,2026-07-06 13:36:04.176096,City Center,Hospital,26.38,549.84,Credit Card,Completed
R01081,C0106,D0461,2026-03-24 17:29:04.176121,2026-03-24 17:48:04.176121,University,City Center,25.43,508.74,Credit Card,Completed
R01082,C0129,D0243,2025-08-12 11:39:04.176142,2025-08-12 12:32:04.176142,City Center,Airport,2.59,112.62,UPI,Completed
R01083,C0841,D0269,2026-01-15 01:18:04.176164,2026-01-15 02:28:04.176164,Mall,Mall,15.7,317.6,Debit Card,Cancelled
R01084,C0029,D0364,2025-09-18 09:52:04.176185,2025-09-18 11:08:04.176185,Mall,Airport,9.15,262.7,Credit Card,Cancelled
R01085,C0858,D0296,2025-12-10 18:51:04.176206,2025-12-10 19:38:04.176206,Airport,Hospital,20.38,386.84,Debit Card,Completed
R01086,C0970,D0282,2026-04-29 18:46:04.176237,2026-04-29 20:07:04.176237,Residential Area,IT Park,3.17,79.06,Credit Card,Cancelled
R01087,C0192,D0049,2026-02-13 06:01:04.176258,2026-02-13 07:23:04.176258,University,Metro Station,15.02,329.36,Debit Card,Completed
R01088,C0701,D0279,2026-06-23 19:18:04.176281,2026-06-23 19:51:04.176281,Bus Stand,Bus Stand,17.19,405.42,Credit Card,Completed
R01089,C0235,D0457,2026-07-07 05:03:04.176302,2026-07-07 06:09:04.176302,Hospital,Airport,2.91,130.38,UPI,Cancelled
R01090,C0737,D0116,2026-04-11 20:27:04.176323,2026-04-11 20:46:04.176323,Airport,University,6.1,141.8,Credit Card,Completed
R01091,C0238,D0090,2026-02-13 14:22:04.176350,2026-02-13 15:08:04.176350,Bus Stand,Airport,13.84,298.12,Credit Card,Cancelled
R01092,C0375,D0414,2026-01-04 11:53:04.176372,2026-01-04 12:16:04.176372,Mall,University,7.73,215.14,Cash,Completed
R01093,C0674,D0455,2025-08-16 13:12:04.176393,2025-08-16 13:26:04.176393,IT Park,Hospital,25.02,473.36,Debit Card,Completed
R01094,C0619,D0216,2025-08-08 22:44:04.176414,2025-08-09 00:11:04.176414,Metro Station,IT Park,3.54,92.72,Credit Card,Cancelled
R01095,C0881,D0481,2026-01-10 12:38:04.176435,2026-01-10 13:24:04.176435,IT Park,Residential Area,24.4,534.2,UPI,Completed
R01096,C0464,D0123,2026-03-01 08:17:04.176456,2026-03-01 09:36:04.176456,Hospital,Mall,21.48,448.64,Cash,Completed
R01097,C0815,D0244,2026-03-28 16:47:04.176477,2026-03-28 18:10:04.176477,Airport,Airport,21.24,467.32,Debit Card,Completed
R01098,C0529,D0289,2026-07-21 17:21:04.176501,2026-07-21 18:15:04.176501,University,Metro Station,15.82,316.76,UPI,Cancelled
R01099,C0924,D0316,2026-04-15 02:35:04.176522,2026-04-15 03:07:04.176522,Railway Station,City Center,21.38,458.84,UPI,Cancelled
R01100,C0056,D0164,2026-04-03 12:02:04.176542,2026-04-03 12:12:04.176542,Railway Station,Bus Stand,5.6,165.8,Debit Card,Completed
R01101,C0831,D0055,2025-08-30 09:44:04.176563,2025-08-30 11:01:04.176563,Residential Area,Airport,19.18,383.24,Debit Card,Completed
R01102,C0514,D0129,2026-05-18 19:54:04.176588,2026-05-18 20:36:04.176588,City Center,Railway Station,2.39,93.02,Cash,Completed
R01103,C0761,D0295,2025-12-22 00:32:04.176609,2025-12-22 02:00:04.176609,University,Bus Stand,23.08,464.44,UPI,Cancelled
R01104,C0034,D0004,2025-11-18 14:52:04.176630,2025-11-18 15:56:04.176630,Metro Station,Hospital,26.82,544.76,Debit Card,Cancelled
R01105,C0076,D0193,2025-09-14 10:07:04.176651,2025-09-14 11:23:04.176651,Residential Area,Mall,27.99,557.82,Debit Card,Cancelled
R01106,C0204,D0024,2025-10-04 21:28:04.176671,2025-10-04 21:58:04.176671,University,City Center,11.45,273.1,Cash,Completed
R01107,C0958,D0374,2026-08-02 09:09:04.176693,2026-08-02 10:05:04.176693,Hospital,City Center,16.98,339.64,Cash,Completed
R01108,C0583,D0102,2026-03-15 10:33:04.176717,2026-03-15 10:59:04.176717,Bus Stand,City Center,7.07,217.26,UPI,Completed
R01109,C0352,D0216,2026-03-02 21:02:04.176741,2026-03-02 21:18:04.176741,City Center,City Center,19.83,426.94,UPI,Cancelled
R01110,C0959,D0497,2026-04-28 18:25:04.176762,2026-04-28 18:36:04.176762,Metro Station,IT Park,25.38,543.84,Debit Card,Cancelled
R01111,C0535,D0147,2025-11-26 01:59:04.176783,2025-11-26 02:55:04.176783,Hospital,University,5.85,200.3,Cash,Cancelled
R01112,C0453,D0475,2025-09-26 14:01:04.176804,2025-09-26 15:11:04.176804,University,Residential Area,2.23,108.14,Credit Card,Completed
R01113,C0469,D0474,2025-12-31 07:13:04.176825,2025-12-31 08:26:04.176825,Airport,University,20.8,429.4,Cash,Completed
R01114,C0522,D0238,2025-12-29 21:30:04.176848,2025-12-29 22:27:04.176848,Bus Stand,City Center,24.02,511.36,Credit Card,Completed
R01115,C0869,D0180,2025-10-14 06:32:04.176869,2025-10-14 07:06:04.176869,Railway Station,City Center,15.39,357.02,Debit Card,Cancelled
R01116,C0474,D0435,2025-08-19 22:37:04.176890,2025-08-19 23:09:04.176890,University,University,28.81,584.58,Credit Card,Cancelled
R01117,C0768,D0453,2025-12-15 01:48:04.176919,2025-12-15 02:11:04.176919,Mall,IT Park,24.67,524.06,Debit Card,Cancelled
R01118,C0820,D0040,2026-03-27 17:47:04.176942,2026-03-27 18:26:04.176942,Metro Station,IT Park,26.66,557.88,Credit Card,Completed
R01119,C0793,D0466,2026-06-07 12:04:04.176963,2026-06-07 13:11:04.176963,Bus Stand,Hospital,10.75,268.5,Credit Card,Completed
R01120,C0148,D0310,2025-11-10 02:27:04.176984,2025-11-10 02:52:04.176984,Metro Station,IT Park,4.85,177.3,UPI,Completed
R01121,C0397,D0150,2026-08-01 14:11:04.177018,2026-08-01 15:29:04.177018,Hospital,Hospital,9.47,215.46,Credit Card,Completed
R01122,C0024,D0119,2025-10-11 19:47:04.177053,2025-10-11 20:57:04.177053,City Center,Railway Station,22.75,492.5,Debit Card,Cancelled
R01123,C0168,D0373,2026-04-10 13:51:04.177093,2026-04-10 15:09:04.177093,City Center,City Center,7.68,228.24,UPI,Completed
R01124,C0272,D0378,2025-10-14 07:15:04.177116,2025-10-14 08:18:04.177116,City Center,Mall,26.27,565.86,Credit Card,Cancelled
R01125,C0452,D0020,2026-05-22 04:01:04.177137,2026-05-22 04:48:04.177137,Residential Area,City Center,16.31,372.58,Debit Card,Completed
R01126,C0291,D0046,2026-04-23 00:14:04.177159,2026-04-23 01:07:04.177159,IT Park,Airport,22.42,488.56,Debit Card,Completed
R01127,C0945,D0228,2025-11-06 10:55:04.177180,2025-11-06 12:23:04.177180,Metro Station,IT Park,19.04,435.72,Cash,Cancelled
R01128,C0757,D0082,2026-04-30 21:34:04.177205,2026-04-30 22:14:04.177205,Railway Station,Airport,27.83,542.94,Cash,Cancelled
R01129,C0752,D0278,2026-04-28 23:32:04.177236,2026-04-29 00:03:04.177236,Hospital,Metro Station,6.69,200.42,UPI,Cancelled
R01130,C0263,D0492,2026-04-20 09:28:04.177257,2026-04-20 10:38:04.177257,City Center,Residential Area,26.95,510.1,UPI,Completed
R01131,C0622,D0449,2026-01-25 02:01:04.177278,2026-01-25 02:41:04.177278,Railway Station,Bus Stand,16.99,395.82,Credit Card,Cancelled
R01132,C0677,D0407,2026-05-04 17:23:04.177299,2026-05-04 18:50:04.177299,Residential Area,Mall,26.25,510.5,Debit Card,Completed
R01133,C0448,D0236,2026-01-06 04:04:04.177320,2026-01-06 04:56:04.177320,Metro Station,Bus Stand,21.98,480.64,Debit Card,Cancelled
R01134,C0017,D0269,2025-10-09 00:03:04.177341,2025-10-09 01:13:04.177341,Hospital,Hospital,27.52,522.36,UPI,Completed
R01135,C0613,D0499,2026-04-25 09:08:04.177363,2026-04-25 10:13:04.177363,Railway Station,Residential Area,21.77,459.86,Cash,Cancelled
R01136,C0270,D0273,2026-06-27 11:20:04.177384,2026-06-27 11:51:04.177384,IT Park,University,9.52,210.36,UPI,Cancelled
R01137,C0487,D0247,2026-06-16 06:35:04.177405,2026-06-16 07:13:04.177405,Metro Station,Airport,3.77,134.86,Debit Card,Cancelled
R01138,C0283,D0074,2026-06-07 21:56:04.177433,2026-06-07 23:18:04.177433,Airport,City Center,2.85,98.3,Credit Card,Cancelled
R01139,C0192,D0024,2025-09-12 11:15:04.177457,2025-09-12 12:22:04.177457,Residential Area,Hospital,14.41,342.38,Cash,Cancelled
R01140,C0354,D0314,2025-12-22 07:59:04.177478,2025-12-22 08:12:04.177478,City Center,Metro Station,13.39,337.02,Cash,Cancelled
R01141,C0968,D0409,2026-02-09 04:40:04.177499,2026-02-09 05:49:04.177499,City Center,Residential Area,21.4,470.2,Debit Card,Completed
R01142,C0056,D0166,2025-08-03 02:00:04.177520,2025-08-03 02:15:04.177520,Railway Station,Bus Stand,14.48,303.64,Credit Card,Completed
R01143,C0076,D0113,2026-03-06 03:13:04.177542,2026-03-06 03:49:04.177542,University,IT Park,24.99,526.82,Credit Card,Cancelled
R01144,C0051,D0234,2026-04-05 19:55:04.177563,2026-04-05 20:29:04.177563,Airport,Airport,25.5,558.0,Debit Card,Cancelled
R01145,C0872,D0335,2026-06-23 19:39:04.177587,2026-06-23 19:51:04.177587,Metro Station,University,5.82,194.76,Credit Card,Cancelled
R01146,C0743,D0444,2026-04-02 09:17:04.177619,2026-04-02 10:13:04.177619,Metro Station,Mall,3.34,153.12,UPI,Cancelled
R01147,C0775,D0474,2025-10-06 10:10:04.177641,2025-10-06 11:00:04.177641,IT Park,Metro Station,21.77,488.86,UPI,Completed
R01148,C0325,D0185,2026-02-15 00:34:04.177666,2026-02-15 02:00:04.177666,Railway Station,Railway Station,22.53,438.54,UPI,Cancelled
R01149,C0025,D0020,2025-08-19 23:04:04.177688,2025-08-20 00:11:04.177688,City Center,University,13.23,269.14,Cash,Cancelled
R01150,C0592,D0282,2026-07-01 04:30:04.177709,2026-07-01 05:02:04.177709,Metro Station,City Center,29.17,555.06,UPI,Cancelled
R01151,C0586,D0320,2026-07-24 11:52:04.177730,2026-07-24 13:22:04.177730,Airport,Hospital,6.61,158.98,Cash,Completed
R01152,C0653,D0158,2025-08-03 10:36:04.177751,2025-08-03 11:37:04.177751,Bus Stand,Mall,8.09,218.62,Cash,Completed
R01153,C0405,D0285,2026-07-20 02:58:04.177772,2026-07-20 04:06:04.177772,Airport,Mall,14.2,288.6,Cash,Cancelled
R01154,C0432,D0085,2026-04-09 18:16:04.177793,2026-04-09 19:10:04.177793,University,City Center,22.3,477.4,Cash,Cancelled
R01155,C0084,D0020,2026-05-29 03:58:04.177814,2026-05-29 04:23:04.177814,Residential Area,Hospital,29.09,605.62,Credit Card,Completed
R01156,C0539,D0343,2025-12-28 00:12:04.177835,2025-12-28 01:28:04.177835,City Center,City Center,21.46,424.28,Cash,Completed
R01157,C0584,D0453,2026-05-08 21:06:04.177856,2026-05-08 22:05:04.177856,Metro Station,Railway Station,27.8,581.4,Debit Card,Cancelled
R01158,C0499,D0422,2025-11-13 07:55:04.177879,2025-11-13 09:18:04.177879,Airport,Residential Area,25.2,492.6,Debit Card,Completed
R01159,C0397,D0388,2026-06-22 07:16:04.177901,2026-06-22 07:53:04.177901,Railway Station,City Center,29.1,563.8,UPI,Completed
R01160,C0706,D0184,2025-10-28 03:25:04.177921,2025-10-28 04:06:04.177921,Bus Stand,City Center,14.16,328.88,UPI,Completed
R01161,C0831,D0293,2026-06-18 21:57:04.177942,2026-06-18 23:27:04.177942,Metro Station,Airport,29.75,564.5,UPI,Completed
R01162,C0593,D0188,2025-08-20 07:09:04.177964,2025-08-20 08:16:04.177964,Mall,Hospital,7.07,197.26,UPI,Completed
R01163,C0446,D0069,2025-12-08 16:20:04.177984,2025-12-08 17:36:04.177984,Metro Station,IT Park,5.45,149.1,Debit Card,Completed
R01164,C0167,D0379,2026-05-11 03:01:04.178006,2026-05-11 03:16:04.178006,University,University,3.93,151.74,UPI,Cancelled
R01165,C0645,D0275,2026-07-31 23:49:04.178027,2026-08-01 00:46:04.178027,City Center,City Center,29.14,563.52,Cash,Completed
R01166,C0499,D0046,2026-06-08 22:57:04.178050,2026-06-08 23:45:04.178050,IT Park,Metro Station,13.93,339.74,Debit Card,Cancelled
R01167,C0068,D0372,2026-03-13 03:04:04.178071,2026-03-13 04:19:04.178071,Mall,City Center,21.96,482.28,UPI,Completed
R01168,C0305,D0188,2025-10-16 11:17:04.178103,2025-10-16 12:36:04.178103,Bus Stand,Bus Stand,6.45,179.1,UPI,Completed
R01169,C0766,D0101,2026-05-09 10:02:04.178125,2026-05-09 10:30:04.178125,IT Park,Railway Station,28.75,597.5,Cash,Cancelled
R01170,C0319,D0283,2026-01-20 20:21:04.178146,2026-01-20 20:53:04.178146,University,IT Park,23.06,469.08,Cash,Completed
R01171,C0674,D0450,2026-01-23 12:12:04.178167,2026-01-23 13:29:04.178167,Mall,Railway Station,15.38,350.84,Cash,Cancelled
R01172,C0761,D0098,2026-04-27 12:39:04.178188,2026-04-27 13:57:04.178188,University,Residential Area,8.5,228.0,Cash,Completed
R01173,C0061,D0439,2025-10-22 14:49:04.178217,2025-10-22 15:08:04.178217,Railway Station,Mall,9.02,207.36,UPI,Cancelled
R01174,C0304,D0026,2025-08-05 16:12:04.178240,2025-08-05 16:24:04.178240,Residential Area,Hospital,19.48,386.64,UPI,Completed
R01175,C0889,D0134,2026-02-07 01:06:04.178262,2026-02-07 01:25:04.178262,Residential Area,Hospital,23.55,512.9,Debit Card,Completed
R01176,C0926,D0147,2026-07-22 10:12:04.178283,2026-07-22 10:45:04.178283,City Center,IT Park,14.72,301.96,Debit Card,Cancelled
R01177,C0485,D0060,2026-05-29 18:51:04.178305,2026-05-29 20:11:04.178305,IT Park,City Center,6.55,187.9,Cash,Completed
R01178,C0340,D0086,2025-12-13 21:35:04.178330,2025-12-13 22:01:04.178330,Railway Station,City Center,7.47,224.46,Debit Card,Cancelled
R01179,C0771,D0161,2025-10-09 10:00:04.178353,2025-10-09 11:10:04.178353,City Center,Railway Station,16.21,331.78,UPI,Cancelled
R01180,C0401,D0207,2026-04-18 17:00:04.178374,2026-04-18 17:30:04.178374,Mall,University,7.75,160.5,Credit Card,Cancelled
R01181,C0348,D0367,2026-06-03 06:14:04.178395,2026-06-03 07:41:04.178395,IT Park,Hospital,10.69,257.42,Debit Card,Cancelled
R01182,C0559,D0358,2026-06-27 00:20:04.178416,2026-06-27 00:31:04.178416,IT Park,University,19.46,396.28,Cash,Completed
R01183,C0905,D0405,2025-10-17 09:36:04.178439,2025-10-17 10:18:04.178439,Bus Stand,Metro Station,9.88,204.84,UPI,Cancelled
R01184,C0466,D0353,2025-12-23 20:15:04.178461,2025-12-23 21:11:04.178461,City Center,Hospital,13.0,275.0,Cash,Cancelled
R01185,C0309,D0268,2025-09-19 11:44:04.178482,2025-09-19 12:27:04.178482,University,Hospital,25.25,508.5,Credit Card,Cancelled
R01186,C0094,D0275,2026-06-27 04:04:04.178503,2026-06-27 04:46:04.178503,Airport,Railway Station,10.18,219.24,Credit Card,Completed
R01187,C0506,D0420,2025-09-04 18:00:04.178524,2025-09-04 18:34:04.178524,Metro Station,Railway Station,7.95,189.1,UPI,Completed
R01188,C0613,D0214,2026-07-25 17:52:04.178547,2026-07-25 18:51:04.178547,Mall,Hospital,23.06,499.08,Debit Card,Completed
R01189,C0645,D0140,2026-01-19 03:19:04.178569,2026-01-19 04:39:04.178569,Railway Station,Residential Area,3.26,143.68,Debit Card,Cancelled
R01190,C0066,D0312,2026-04-21 08:53:04.178589,2026-04-21 09:26:04.178589,IT Park,Bus Stand,5.98,170.64,Debit Card,Completed
R01191,C0820,D0399,2026-07-13 21:01:04.178611,2026-07-13 21:29:04.178611,City Center,Residential Area,16.96,363.28,Credit Card,Completed
R01192,C0337,D0235,2025-08-30 04:50:04.178631,2025-08-30 05:26:04.178631,Bus Stand,IT Park,22.22,449.96,UPI,Cancelled
R01193,C0863,D0407,2026-04-04 10:16:04.178652,2026-04-04 11:03:04.178652,Airport,Mall,13.36,263.48,Cash,Completed
R01194,C0011,D0026,2025-10-24 17:58:04.178676,2025-10-24 18:51:04.178676,Metro Station,Bus Stand,7.07,184.26,Cash,Cancelled
R01195,C0134,D0240,2025-08-11 22:20:04.178698,2025-08-11 23:17:04.178698,Airport,City Center,14.98,305.64,Credit Card,Cancelled
R01196,C0578,D0090,2026-01-30 22:18:04.178719,2026-01-30 23:22:04.178719,Metro Station,Railway Station,29.97,578.46,Cash,Completed
R01197,C0681,D0396,2026-04-25 00:41:04.178740,2026-04-25 01:40:04.178740,Mall,Mall,23.42,489.56,Credit Card,Cancelled
R01198,C0313,D0469,2026-01-21 05:20:04.178763,2026-01-21 05:39:04.178763,Residential Area,Residential Area,22.45,504.1,UPI,Cancelled
R01199,C0399,D0429,2026-03-26 20:50:04.178784,2026-03-26 21:59:04.178784,Hospital,Airport,27.61,582.98,Debit Card,Cancelled
R01200,C0613,D0191,2025-12-14 17:04:04.178804,2025-12-14 18:11:04.178804,University,City Center,6.13,145.34,Credit Card,Completed
R01201,C0667,D0464,2026-02-10 13:47:04.178825,2026-02-10 14:19:04.178825,Metro Station,University,16.29,389.22,Cash,Cancelled
R01202,C0047,D0096,2026-01-13 11:53:04.178846,2026-01-13 12:57:04.178846,IT Park,Residential Area,25.85,511.3,UPI,Completed
R01203,C0219,D0007,2025-09-20 21:55:04.178871,2025-09-20 22:59:04.178871,Bus Stand,Airport,24.56,490.08,Credit Card,Cancelled
R01204,C0910,D0476,2025-11-13 05:07:04.178893,2025-11-13 06:09:04.178893,Residential Area,Hospital,22.2,465.6,Credit Card,Cancelled
R01205,C0373,D0058,2026-06-29 23:35:04.178914,2026-06-29 23:59:04.178914,Mall,IT Park,4.6,118.8,Debit Card,Completed
R01206,C0877,D0295,2026-01-01 09:19:04.178935,2026-01-01 10:32:04.178935,University,Airport,11.92,279.56,UPI,Completed
R01207,C0848,D0289,2026-07-12 16:50:04.178956,2026-07-12 17:30:04.178956,Railway Station,Metro Station,12.66,307.88,Debit Card,Cancelled
R01208,C0096,D0457,2025-08-28 20:26:04.178979,2025-08-28 21:15:04.178979,Mall,Residential Area,12.16,306.88,UPI,Cancelled
R01209,C0651,D0154,2026-06-14 08:56:04.179001,2026-06-14 09:31:04.179001,Bus Stand,Residential Area,6.89,158.02,Cash,Completed
R01210,C0675,D0081,2026-06-05 07:40:04.179022,2026-06-05 08:26:04.179022,Hospital,Railway Station,16.79,390.22,UPI,Completed
R01211,C0023,D0132,2026-02-11 02:04:04.179043,2026-02-11 02:33:04.179043,Mall,University,4.04,96.72,Cash,Cancelled
R01212,C0194,D0023,2026-04-14 03:04:04.179064,2026-04-14 04:01:04.179064,IT Park,Bus Stand,9.84,232.12,UPI,Completed
R01213,C0597,D0199,2026-02-27 23:11:04.179090,2026-02-28 00:13:04.179090,University,Railway Station,9.33,219.94,Credit Card,Completed
R01214,C0386,D0044,2026-03-14 16:14:04.179112,2026-03-14 16:25:04.179112,Airport,Mall,11.75,257.5,UPI,Completed
R01215,C0130,D0201,2025-12-06 17:25:04.179134,2025-12-06 18:47:04.179134,City Center,Airport,27.73,546.14,Debit Card,Completed
R01216,C0378,D0228,2026-03-27 19:54:04.179155,2026-03-27 20:29:04.179155,City Center,Residential Area,13.64,279.52,Credit Card,Cancelled
R01217,C0731,D0308,2025-12-23 17:42:04.179176,2025-12-23 18:30:04.179176,Hospital,City Center,22.44,437.92,UPI,Completed
R01218,C0108,D0288,2025-12-21 19:52:04.179200,2025-12-21 20:46:04.179200,Hospital,Airport,17.49,353.82,UPI,Completed
R01219,C0880,D0157,2026-05-31 23:17:04.179230,2026-06-01 00:01:04.179230,Metro Station,Bus Stand,28.57,553.26,Cash,Cancelled
R01220,C0418,D0311,2026-03-04 07:02:04.179251,2026-03-04 07:59:04.179251,Mall,City Center,19.02,426.36,UPI,Completed
R01221,C0389,D0068,2026-03-22 02:18:04.179272,2026-03-22 02:31:04.179272,City Center,Bus Stand,19.05,362.9,Debit Card,Completed
R01222,C0158,D0058,2025-09-04 17:36:04.179295,2025-09-04 18:48:04.179295,University,IT Park,2.55,88.9,Cash,Cancelled
R01223,C0478,D0383,2025-09-29 22:35:04.179316,2025-09-29 23:03:04.179316,Railway Station,Metro Station,18.52,425.36,Credit Card,Cancelled
R01224,C0901,D0248,2025-10-17 02:37:04.179337,2025-10-17 02:58:04.179337,Residential Area,Metro Station,29.96,566.28,UPI,Cancelled
R01225,C0422,D0039,2025-10-30 05:26:04.179358,2025-10-30 05:44:04.179358,Residential Area,Bus Stand,12.27,282.86,UPI,Cancelled
R01226,C0792,D0344,2026-05-09 06:14:04.179379,2026-05-09 07:34:04.179379,University,Railway Station,14.98,313.64,Debit Card,Cancelled
R01227,C0628,D0050,2026-03-03 14:26:04.179400,2026-03-03 14:51:04.179400,Residential Area,Residential Area,10.38,217.84,Credit Card,Cancelled
R01228,C0100,D0457,2025-09-21 20:15:04.179423,2025-09-21 21:33:04.179423,IT Park,IT Park,28.93,551.74,Credit Card,Cancelled
R01229,C0716,D0444,2026-01-22 05:28:04.179445,2026-01-22 06:49:04.179445,Metro Station,Mall,2.38,119.84,Cash,Completed
R01230,C0049,D0294,2025-08-13 12:45:04.179466,2025-08-13 13:45:04.179466,Airport,Bus Stand,19.08,364.44,Credit Card,Cancelled
R01231,C0211,D0190,2026-05-01 02:12:04.179487,2026-05-01 03:01:04.179487,City Center,Metro Station,7.93,212.74,Credit Card,Completed
R01232,C0626,D0452,2026-04-01 16:38:04.179508,2026-04-01 17:00:04.179508,Residential Area,Bus Stand,9.53,200.54,Debit Card,Completed
R01233,C0994,D0306,2026-05-09 11:18:04.179529,2026-05-09 12:10:04.179529,University,Metro Station,16.35,335.3,Debit Card,Completed
R01234,C0860,D0426,2025-09-02 15:19:04.179550,2025-09-02 15:54:04.179550,City Center,Hospital,22.53,428.54,Debit Card,Cancelled
R01235,C0637,D0177,2025-12-05 08:48:04.179571,2025-12-05 09:13:04.179571,Railway Station,Railway Station,28.28,556.04,Credit Card,Cancelled
R01236,C0181,D0249,2025-09-09 02:48:04.179592,2025-09-09 04:06:04.179592,Bus Stand,Bus Stand,25.1,493.8,Debit Card,Completed
R01237,C0103,D0293,2025-11-14 08:42:04.179613,2025-11-14 09:13:04.179613,IT Park,Airport,17.62,386.16,Debit Card,Cancelled
R01238,C0459,D0017,2025-10-14 01:51:04.179636,2025-10-14 02:05:04.179636,University,Mall,20.52,444.36,Debit Card,Cancelled
R01239,C0876,D0482,2025-12-19 18:55:04.179657,2025-12-19 19:36:04.179657,City Center,Residential Area,27.24,545.32,Credit Card,Cancelled
R01240,C0972,D0332,2025-10-14 02:49:04.179678,2025-10-14 03:15:04.179678,City Center,IT Park,10.85,274.3,UPI,Cancelled
R01241,C0443,D0445,2025-11-17 08:18:04.179699,2025-11-17 09:09:04.179699,Hospital,Railway Station,20.35,422.3,Credit Card,Cancelled
R01242,C0004,D0367,2026-06-09 13:58:04.179723,2026-06-09 14:58:04.179723,Mall,University,22.32,445.76,Credit Card,Completed
R01243,C0818,D0063,2025-12-05 15:20:04.179744,2025-12-05 16:23:04.179744,IT Park,Airport,28.58,593.44,Credit Card,Cancelled
R01244,C0607,D0259,2026-02-09 08:04:04.179765,2026-02-09 08:52:04.179765,IT Park,Metro Station,8.12,209.16,Credit Card,Cancelled
R01245,C0046,D0498,2025-10-17 08:50:04.179785,2025-10-17 09:37:04.179785,University,Railway Station,14.14,315.52,Credit Card,Cancelled
R01246,C0268,D0348,2026-05-17 08:41:04.179807,2026-05-17 09:45:04.179807,Hospital,Airport,6.99,192.82,Credit Card,Completed
R01247,C0752,D0445,2026-06-26 08:18:04.179828,2026-06-26 08:55:04.179828,IT Park,Airport,15.64,368.52,UPI,Completed
R01248,C0980,D0078,2026-05-24 20:07:04.179850,2026-05-24 21:36:04.179850,Bus Stand,Mall,28.02,550.36,Debit Card,Completed
R01249,C0385,D0108,2026-06-03 04:12:04.179876,2026-06-03 04:55:04.179876,Residential Area,Railway Station,25.72,485.96,Credit Card,Cancelled
R01250,C0901,D0173,2025-08-30 07:42:04.179898,2025-08-30 09:04:04.179898,Mall,Metro Station,23.58,449.44,Credit Card,Completed
R01251,C0242,D0403,2026-02-24 17:46:04.179923,2026-02-24 18:54:04.179923,Residential Area,City Center,5.86,151.48,Credit Card,Completed
R01252,C0983,D0412,2026-02-20 17:23:04.179944,2026-02-20 17:34:04.179944,Bus Stand,Bus Stand,2.18,77.24,Cash,Cancelled
R01253,C0298,D0019,2025-10-01 14:14:04.179965,2025-10-01 15:18:04.179965,IT Park,Hospital,2.99,131.82,Debit Card,Cancelled
R01254,C0777,D0016,2026-01-10 17:35:04.179986,2026-01-10 18:36:04.179986,Bus Stand,City Center,15.35,308.3,Cash,Cancelled
R01255,C0747,D0343,2026-04-02 17:59:04.180006,2026-04-02 19:13:04.180006,IT Park,Airport,6.93,224.74,Credit Card,Completed
R01256,C0445,D0282,2026-01-13 00:38:04.180027,2026-01-13 02:04:04.180027,Hospital,Residential Area,21.74,427.32,Credit Card,Cancelled
R01257,C0210,D0319,2026-01-05 01:27:04.180048,2026-01-05 02:00:04.180048,Railway Station,City Center,29.29,559.22,Cash,Completed
R01258,C0081,D0194,2026-07-19 05:24:04.180073,2026-07-19 05:48:04.180073,Bus Stand,Residential Area,17.32,363.76,Cash,Cancelled
R01259,C0786,D0121,2025-08-08 18:09:04.180101,2025-08-08 18:35:04.180101,Airport,Mall,9.62,213.16,UPI,Completed
R01260,C0703,D0201,2026-02-15 10:05:04.180123,2026-02-15 11:02:04.180123,Mall,City Center,2.72,125.96,Cash,Cancelled
R01261,C0121,D0329,2026-01-20 11:32:04.180144,2026-01-20 12:41:04.180144,Bus Stand,Airport,28.25,595.5,UPI,Cancelled
R01262,C0627,D0021,2025-12-31 15:57:04.180164,2025-12-31 17:14:04.180164,Residential Area,Airport,25.45,497.1,Credit Card,Completed
R01263,C0802,D0433,2025-12-19 10:30:04.180185,2025-12-19 11:45:04.180185,Railway Station,Mall,13.11,289.98,Credit Card,Cancelled
R01264,C0382,D0272,2025-10-15 08:14:04.180206,2025-10-15 08:35:04.180206,Bus Stand,University,9.86,238.48,UPI,Completed
R01265,C0682,D0340,2026-06-14 22:55:04.180235,2026-06-15 00:20:04.180235,University,Mall,10.69,258.42,Debit Card,Completed
R01266,C0669,D0093,2025-09-28 12:37:04.180258,2025-09-28 13:26:04.180258,Mall,Airport,2.13,59.34,Cash,Cancelled
R01267,C0107,D0271,2025-09-23 10:05:04.180279,2025-09-23 11:03:04.180279,IT Park,Hospital,15.35,298.3,Debit Card,Completed
R01268,C0194,D0266,2026-01-30 12:43:04.180303,2026-01-30 12:57:04.180303,City Center,Bus Stand,14.93,318.74,Debit Card,Completed
R01269,C0969,D0486,2026-01-21 14:17:04.180324,2026-01-21 15:29:04.180324,University,Railway Station,17.18,362.24,UPI,Completed
R01270,C0437,D0469,2025-08-15 18:03:04.180345,2025-08-15 18:35:04.180345,Residential Area,Residential Area,2.06,109.08,Cash,Cancelled
R01271,C0944,D0202,2026-05-26 00:06:04.180366,2026-05-26 00:50:04.180366,University,University,9.31,244.58,UPI,Cancelled
R01272,C0977,D0119,2026-07-19 07:23:04.180386,2026-07-19 07:40:04.180386,Bus Stand,City Center,7.95,184.1,Credit Card,Completed
R01273,C0033,D0063,2025-11-20 23:09:04.180407,2025-11-20 23:27:04.180407,Mall,Metro Station,11.29,248.22,Cash,Cancelled
R01274,C0196,D0449,2026-04-30 11:50:04.180428,2026-04-30 13:09:04.180428,Airport,Airport,29.47,561.46,Credit Card,Cancelled
R01275,C0555,D0316,2025-09-11 09:52:04.180449,2025-09-11 10:07:04.180449,University,IT Park,8.38,249.84,UPI,Completed
R01276,C0256,D0293,2025-09-09 20:57:04.180470,2025-09-09 22:17:04.180470,City Center,City Center,9.87,199.66,UPI,Cancelled
R01277,C0606,D0476,2025-08-08 12:18:04.180492,2025-08-08 13:30:04.180492,University,City Center,25.94,559.92,Cash,Completed
R01278,C0370,D0275,2026-02-12 08:54:04.180515,2026-02-12 09:07:04.180515,Hospital,Residential Area,17.84,366.12,Credit Card,Cancelled
R01279,C0421,D0176,2025-09-01 11:08:04.180538,2025-09-01 12:34:04.180538,Bus Stand,Hospital,9.93,199.74,Cash,Completed
R01280,C0451,D0099,2026-07-27 06:43:04.180559,2026-07-27 07:06:04.180559,Hospital,Airport,21.03,433.54,UPI,Completed
R01281,C0830,D0438,2026-01-23 23:39:04.180580,2026-01-24 00:05:04.180580,Mall,Hospital,2.59,68.62,Cash,Completed
R01282,C0240,D0209,2026-04-22 00:01:04.180601,2026-04-22 01:07:04.180601,Airport,Residential Area,12.72,314.96,UPI,Cancelled
R01283,C0633,D0108,2026-06-01 22:18:04.180622,2026-06-01 23:28:04.180622,Residential Area,University,2.12,113.16,UPI,Completed
R01284,C0286,D0398,2026-04-25 10:43:04.180643,2026-04-25 11:29:04.180643,IT Park,Railway Station,9.43,268.74,Debit Card,Cancelled
R01285,C0411,D0246,2025-12-10 15:26:04.180664,2025-12-10 16:42:04.180664,Hospital,Airport,23.75,505.5,Debit Card,Cancelled
R01286,C1000,D0100,2025-11-29 03:48:04.180684,2025-11-29 04:12:04.180684,Bus Stand,IT Park,2.05,131.9,Debit Card,Cancelled
R01287,C0644,D0117,2026-03-23 14:36:04.180705,2026-03-23 15:42:04.180705,Metro Station,University,25.82,489.76,UPI,Cancelled
R01288,C0761,D0132,2025-09-29 08:38:04.180728,2025-09-29 08:56:04.180728,Railway Station,Mall,10.01,274.18,Debit Card,Completed
R01289,C0957,D0220,2026-01-21 02:22:04.180750,2026-01-21 02:45:04.180750,Airport,Railway Station,2.87,90.66,Debit Card,Completed
R01290,C0625,D0005,2026-06-03 12:03:04.180771,2026-06-03 12:47:04.180771,Mall,Bus Stand,19.58,381.44,Debit Card,Cancelled
R01291,C0325,D0077,2025-09-08 06:40:04.180792,2025-09-08 07:33:04.180792,University,Airport,28.82,548.76,Cash,Cancelled
R01292,C0665,D0274,2025-10-16 12:38:04.180813,2025-10-16 12:59:04.180813,Railway Station,University,23.95,461.1,Credit Card,Completed
R01293,C0132,D0134,2026-03-01 00:55:04.180834,2026-03-01 01:25:04.180834,Airport,Hospital,26.8,514.4,Credit Card,Completed
R01294,C0532,D0424,2026-03-26 00:37:04.180855,2026-03-26 02:03:04.180855,IT Park,Bus Stand,22.51,484.18,UPI,Cancelled
R01295,C0341,D0014,2025-12-13 01:07:04.180876,2025-12-13 02:36:04.180876,Residential Area,Hospital,19.31,374.58,Cash,Cancelled
R01296,C0015,D0148,2025-10-27 19:50:04.180897,2025-10-27 20:49:04.180897,Airport,Metro Station,20.8,454.4,Debit Card,Completed
R01297,C0875,D0003,2025-11-01 09:29:04.180918,2025-11-01 09:49:04.180918,IT Park,Hospital,26.32,524.76,Credit Card,Cancelled
R01298,C0260,D0437,2025-11-14 17:06:04.180941,2025-11-14 18:01:04.180941,Railway Station,Bus Stand,4.8,117.4,Credit Card,Completed
R01299,C0813,D0078,2026-07-29 01:22:04.180963,2026-07-29 02:14:04.180963,Metro Station,IT Park,27.71,573.78,Debit Card,Cancelled
R01300,C0510,D0055,2026-02-08 03:28:04.180984,2026-02-08 04:32:04.180984,Residential Area,University,19.8,412.4,Credit Card,Completed
R01301,C0708,D0353,2026-05-13 04:33:04.181005,2026-05-13 05:38:04.181005,City Center,Mall,2.1,89.8,Cash,Completed
R01302,C0388,D0489,2025-09-23 01:07:04.181025,2025-09-23 01:57:04.181025,Railway Station,Bus Stand,22.78,444.04,Cash,Cancelled
R01303,C0144,D0250,2026-05-14 22:35:04.181046,2026-05-14 23:02:04.181046,Airport,Bus Stand,23.0,500.0,Credit Card,Cancelled
R01304,C0907,D0235,2026-01-24 20:46:04.181067,2026-01-24 22:09:04.181067,Mall,City Center,15.95,345.1,UPI,Completed
R01305,C0749,D0500,2026-07-24 04:43:04.181094,2026-07-24 05:11:04.181094,Residential Area,Bus Stand,28.31,536.58,Debit Card,Cancelled
R01306,C0540,D0412,2026-06-27 21:43:04.181122,2026-06-27 22:16:04.181122,Airport,Railway Station,26.15,567.7,Credit Card,Completed
R01307,C0653,D0140,2026-06-19 17:55:04.181147,2026-06-19 18:43:04.181147,Hospital,Metro Station,15.42,365.56,Credit Card,Completed
R01308,C0482,D0463,2026-05-27 00:57:04.181170,2026-05-27 01:48:04.181170,Hospital,Railway Station,15.02,357.36,Cash,Completed
R01309,C0192,D0187,2025-09-16 04:31:04.181204,2025-09-16 04:43:04.181204,Railway Station,Metro Station,7.04,159.72,Credit Card,Completed
R01310,C0468,D0024,2026-01-14 21:47:04.181252,2026-01-14 22:29:04.181252,University,University,28.91,574.38,Credit Card,Cancelled
R01311,C0545,D0041,2026-05-05 08:57:04.181283,2026-05-05 09:28:04.181283,IT Park,Hospital,25.1,496.8,UPI,Cancelled
R01312,C0374,D0008,2026-06-14 07:16:04.181315,2026-06-14 07:42:04.181315,City Center,Mall,21.89,421.02,Cash,Cancelled
R01313,C0881,D0460,2026-03-06 09:42:04.181346,2026-03-06 10:07:04.181346,Metro Station,Metro Station,26.0,519.0,Credit Card,Cancelled
R01314,C0370,D0056,2026-02-02 01:57:04.181377,2026-02-02 03:13:04.181377,Bus Stand,IT Park,20.83,452.94,Debit Card,Cancelled
R01315,C0064,D0416,2025-10-10 01:37:04.181412,2025-10-10 02:49:04.181412,IT Park,City Center,26.96,555.28,Cash,Cancelled
R01316,C0949,D0433,2025-10-26 20:36:04.181447,2025-10-26 21:13:04.181447,Metro Station,Railway Station,5.91,152.38,UPI,Cancelled
R01317,C0144,D0396,2026-03-13 02:52:04.181481,2026-03-13 03:37:04.181481,Airport,Airport,3.42,106.56,Debit Card,Cancelled
R01318,C0956,D0019,2026-03-10 16:54:04.181532,2026-03-10 17:09:04.181532,Hospital,Airport,23.64,501.52,Credit Card,Completed
R01319,C0056,D0149,2025-12-04 12:40:04.181568,2025-12-04 13:11:04.181568,Railway Station,Bus Stand,29.72,561.96,Cash,Cancelled
R01320,C0243,D0256,2026-03-09 21:10:04.181605,2026-03-09 22:03:04.181605,City Center,Residential Area,16.26,325.68,Credit Card,Completed
R01321,C0634,D0275,2026-06-27 04:50:04.181641,2026-06-27 05:02:04.181641,Bus Stand,Bus Stand,10.86,221.48,Cash,Completed
R01322,C0889,D0268,2025-11-07 22:06:04.181674,2025-11-07 23:36:04.181674,Railway Station,Hospital,15.71,321.78,UPI,Cancelled
R01323,C0090,D0077,2026-01-10 12:01:04.181707,2026-01-10 12:27:04.181707,University,Airport,19.97,420.46,UPI,Completed
R01324,C0098,D0364,2026-05-03 06:49:04.181740,2026-05-03 07:39:04.181740,Airport,Airport,15.65,358.7,Cash,Completed
R01325,C0379,D0429,2025-09-12 22:13:04.181774,2025-09-12 23:34:04.181774,City Center,University,8.06,205.08,Cash,Completed
R01326,C0805,D0500,2025-10-12 08:30:04.181807,2025-10-12 09:35:04.181807,City Center,Mall,29.52,619.36,Debit Card,Cancelled
R01327,C0571,D0456,2026-04-09 00:38:04.181842,2026-04-09 02:05:04.181842,Airport,IT Park,25.37,551.66,Debit Card,Completed
R01328,C0719,D0432,2026-06-29 23:35:04.181875,2026-06-29 23:45:04.181875,Residential Area,Metro Station,27.1,541.8,Debit Card,Completed
R01329,C0173,D0498,2025-11-23 18:38:04.181897,2025-11-23 18:50:04.181897,City Center,Residential Area,26.54,549.72,Debit Card,Cancelled
R01330,C0102,D0164,2025-10-16 14:35:04.181938,2025-10-16 14:46:04.181938,Mall,City Center,26.4,500.2,UPI,Cancelled
R01331,C0121,D0483,2026-06-02 00:18:04.181969,2026-06-02 01:14:04.181969,Mall,Airport,25.44,530.92,Cash,Completed
R01332,C0146,D0378,2026-07-12 18:46:04.181990,2026-07-12 19:39:04.181990,City Center,Residential Area,10.13,224.34,Debit Card,Completed
R01333,C0971,D0136,2026-06-19 04:31:04.182022,2026-06-19 05:21:04.182022,City Center,Railway Station,26.59,569.62,Debit Card,Completed
R01334,C0369,D0409,2025-12-03 00:55:04.182067,2025-12-03 01:05:04.182067,IT Park,Airport,22.28,427.04,UPI,Completed
R01335,C0815,D0172,2026-05-31 10:22:04.182110,2026-05-31 10:38:04.182110,University,University,11.32,261.76,Debit Card,Cancelled
R01336,C0352,D0303,2025-12-01 11:52:04.182150,2025-12-01 12:51:04.182150,University,Mall,12.51,300.18,Cash,Completed
R01337,C0016,D0365,2025-12-05 18:48:04.182182,2025-12-05 19:04:04.182182,City Center,City Center,9.33,192.94,Debit Card,Completed
R01338,C0825,D0222,2026-03-22 08:34:04.182234,2026-03-22 09:54:04.182234,Mall,Hospital,9.01,242.18,Cash,Completed
R01339,C0147,D0029,2025-11-12 06:28:04.182271,2025-11-12 06:47:04.182271,Airport,Airport,26.28,571.04,Debit Card,Completed
R01340,C0175,D0421,2026-05-13 21:02:04.182305,2026-05-13 22:04:04.182305,IT Park,Airport,8.44,251.92,Debit Card,Cancelled
R01341,C0103,D0158,2025-10-12 13:56:04.182344,2025-10-12 14:41:04.182344,Bus Stand,City Center,4.36,110.48,Credit Card,Cancelled
R01342,C0984,D0039,2026-07-28 07:52:04.182376,2026-07-28 09:01:04.182376,Residential Area,City Center,2.53,92.54,Credit Card,Completed
R01343,C0569,D0132,2026-07-09 06:36:04.182409,2026-07-09 07:37:04.182409,Residential Area,Bus Stand,4.7,156.6,Cash,Completed
R01344,C0800,D0144,2026-06-23 04:25:04.182440,2026-06-23 05:18:04.182440,Bus Stand,Hospital,26.91,571.38,Debit Card,Cancelled
R01345,C0970,D0059,2025-12-08 17:02:04.182474,2025-12-08 17:23:04.182474,IT Park,City Center,2.06,58.08,Credit Card,Completed
R01346,C0413,D0437,2025-10-01 09:50:04.182508,2025-10-01 10:54:04.182508,IT Park,Airport,5.69,174.42,UPI,Completed
R01347,C0118,D0012,2026-07-08 14:22:04.182552,2026-07-08 14:51:04.182552,IT Park,Bus Stand,15.87,364.66,Credit Card,Cancelled
R01348,C0425,D0223,2026-05-02 13:19:04.182599,2026-05-02 13:50:04.182599,Railway Station,Bus Stand,21.36,464.48,Credit Card,Completed
R01349,C0202,D0224,2026-04-02 02:41:04.182635,2026-04-02 03:52:04.182635,Railway Station,IT Park,6.71,173.78,Credit Card,Completed
R01350,C0564,D0381,2026-02-03 14:10:04.182729,2026-02-03 14:35:04.182729,City Center,Airport,12.02,283.36,Credit Card,Completed
R01351,C0428,D0486,2025-09-17 01:38:04.182770,2025-09-17 02:22:04.182770,City Center,University,7.37,207.66,Credit Card,Completed
R01352,C0078,D0270,2026-07-30 13:39:04.182805,2026-07-30 14:20:04.182805,Bus Stand,Railway Station,14.57,289.26,Cash,Cancelled
R01353,C0740,D0120,2026-06-16 18:09:04.182840,2026-06-16 18:24:04.182840,Mall,Railway Station,23.25,455.5,Credit Card,Completed
R01354,C0967,D0474,2026-01-31 14:00:04.182876,2026-01-31 14:20:04.182876,Railway Station,Railway Station,16.5,319.0,Cash,Cancelled
R01355,C0598,D0363,2026-07-15 19:47:04.182909,2026-07-15 21:11:04.182909,Residential Area,Metro Station,2.01,116.18,Cash,Cancelled
R01356,C0483,D0431,2025-12-24 22:24:04.182942,2025-12-24 23:47:04.182942,University,Airport,20.15,394.7,Cash,Completed
R01357,C0277,D0017,2025-11-28 23:37:04.182976,2025-11-29 00:32:04.182976,Railway Station,Railway Station,13.11,325.98,Cash,Cancelled
R01358,C0288,D0340,2025-08-06 20:28:04.183016,2025-08-06 21:19:04.183016,Residential Area,Bus Stand,27.84,533.12,Cash,Cancelled
R01359,C0018,D0383,2026-03-12 03:06:04.183051,2026-03-12 03:58:04.183051,City Center,City Center,25.05,496.9,Debit Card,Completed
R01360,C0353,D0021,2026-01-29 19:19:04.183094,2026-01-29 20:44:04.183094,University,Metro Station,5.91,143.38,UPI,Completed
R01361,C0638,D0301,2026-02-17 18:42:04.183133,2026-02-17 19:54:04.183133,City Center,Residential Area,27.83,533.94,Cash,Completed
R01362,C1000,D0318,2025-09-20 18:50:04.183170,2025-09-20 20:17:04.183170,Residential Area,Mall,29.36,596.48,Credit Card,Cancelled
R01363,C0199,D0333,2026-01-27 04:05:04.186341,2026-01-27 04:31:04.186341,IT Park,City Center,24.52,521.36,Credit Card,Cancelled
R01364,C0212,D0016,2026-03-25 23:59:04.186405,2026-03-26 00:38:04.186405,University,Metro Station,28.78,617.04,UPI,Completed
R01365,C0107,D0251,2025-10-09 21:04:04.186452,2025-10-09 22:25:04.186452,University,University,19.63,419.34,UPI,Completed
R01366,C0186,D0222,2025-08-24 13:40:04.186496,2025-08-24 14:31:04.186496,University,Bus Stand,20.99,416.82,Cash,Completed
R01367,C0004,D0410,2026-02-10 17:02:04.186535,2026-02-10 18:00:04.186535,IT Park,Bus Stand,13.38,317.84,UPI,Cancelled
R01368,C0437,D0477,2026-03-08 11:00:04.186583,2026-03-08 12:16:04.186583,Metro Station,Airport,15.42,318.56,Cash,Cancelled
R01369,C0464,D0474,2025-09-16 20:19:04.186629,2025-09-16 20:57:04.186629,IT Park,Mall,21.06,418.08,UPI,Completed
R01370,C0063,D0382,2025-11-13 05:18:04.186670,2025-11-13 05:33:04.186670,Residential Area,IT Park,5.02,138.36,Credit Card,Cancelled
R01371,C0054,D0222,2025-12-28 20:51:04.186712,2025-12-28 21:45:04.186712,Hospital,Hospital,8.46,227.28,Cash,Completed
R01372,C0423,D0327,2025-11-15 04:49:04.186753,2025-11-15 06:03:04.186753,Residential Area,University,8.8,224.4,Debit Card,Cancelled
R01373,C0010,D0400,2026-06-05 00:31:04.186794,2026-06-05 01:41:04.186794,IT Park,City Center,20.28,439.04,Cash,Completed
R01374,C0762,D0419,2026-01-31 16:49:04.186835,2026-01-31 17:28:04.186835,IT Park,IT Park,13.85,328.3,Cash,Completed
R01375,C0121,D0348,2025-09-08 21:49:04.186877,2025-09-08 22:00:04.186877,University,Railway Station,16.16,337.88,Credit Card,Completed
R01376,C0350,D0326,2026-03-01 18:40:04.186928,2026-03-01 19:53:04.186928,Hospital,Metro Station,8.08,170.44,Cash,Completed
R01377,C0482,D0045,2026-01-23 03:36:04.186970,2026-01-23 03:59:04.186970,Residential Area,Metro Station,27.68,550.24,UPI,Cancelled
R01378,C0951,D0372,2026-07-23 04:04:04.187016,2026-07-23 05:24:04.187016,Mall,Residential Area,5.39,134.02,Credit Card,Cancelled
R01379,C0035,D0472,2025-12-10 18:46:04.187057,2025-12-10 19:09:04.187057,Hospital,Mall,12.38,265.84,Debit Card,Cancelled
R01380,C0794,D0481,2026-01-18 16:25:04.187107,2026-01-18 17:32:04.187107,Metro Station,Bus Stand,8.94,184.92,Credit Card,Completed
R01381,C0473,D0499,2025-09-30 01:37:04.187149,2025-09-30 02:44:04.187149,Bus Stand,Railway Station,4.14,94.52,Debit Card,Completed
R01382,C0936,D0459,2026-04-05 14:10:04.187190,2026-04-05 15:00:04.187190,Mall,Hospital,28.54,544.72,Credit Card,Completed
R01383,C0201,D0406,2026-02-16 19:58:04.187247,2026-02-16 20:14:04.187247,Railway Station,Metro Station,2.61,81.98,Debit Card,Cancelled
R01384,C0623,D0197,2026-06-20 10:33:04.187291,2026-06-20 12:00:04.187291,Residential Area,Bus Stand,3.49,123.82,UPI,Cancelled
R01385,C0756,D0253,2026-06-30 01:21:04.187333,2026-06-30 02:21:04.187333,IT Park,IT Park,26.06,514.08,Cash,Cancelled
R01386,C0656,D0108,2026-02-01 08:30:04.187374,2026-02-01 08:42:04.187374,Mall,Residential Area,10.03,279.54,Debit Card,Cancelled
R01387,C0384,D0383,2026-02-22 01:00:04.187415,2026-02-22 02:28:04.187415,Airport,City Center,27.07,526.26,Debit Card,Cancelled
R01388,C0240,D0167,2026-02-26 23:58:04.187459,2026-02-27 01:24:04.187459,Residential Area,Railway Station,14.64,300.52,Credit Card,Completed
R01389,C0080,D0233,2025-12-17 18:33:04.187502,2025-12-17 19:18:04.187502,Airport,Railway Station,17.41,351.38,UPI,Cancelled
R01390,C0066,D0499,2025-12-05 22:02:04.187543,2025-12-05 23:17:04.187543,Airport,IT Park,17.22,388.96,Credit Card,Cancelled
R01391,C0971,D0286,2026-07-20 10:02:04.187583,2026-07-20 11:02:04.187583,Mall,Metro Station,15.6,366.8,Credit Card,Cancelled
R01392,C0927,D0218,2026-02-10 14:10:04.187627,2026-02-10 15:04:04.187627,Residential Area,Bus Stand,13.66,278.88,Debit Card,Cancelled
R01393,C0207,D0245,2026-05-11 14:39:04.187661,2026-05-11 15:10:04.187661,Bus Stand,Residential Area,28.93,613.74,UPI,Completed
R01394,C0141,D0264,2026-04-22 08:36:04.187702,2026-04-22 09:30:04.187702,University,Airport,15.8,315.4,UPI,Cancelled
R01395,C0625,D0450,2026-06-12 12:19:04.187740,2026-06-12 12:39:04.187740,Railway Station,Railway Station,9.52,265.36,Credit Card,Cancelled
R01396,C0393,D0487,2026-05-06 01:03:04.187778,2026-05-06 01:57:04.187778,Residential Area,City Center,24.06,529.08,Debit Card,Completed
R01397,C0621,D0383,2025-12-12 04:03:04.187814,2025-12-12 04:42:04.187814,University,Mall,17.01,404.18,Debit Card,Completed
R01398,C0828,D0324,2025-10-30 18:14:04.187858,2025-10-30 18:27:04.187858,University,Hospital,15.63,378.34,Credit Card,Completed
R01399,C0837,D0265,2025-11-06 04:40:04.187900,2025-11-06 05:01:04.187900,City Center,Hospital,22.7,470.6,Cash,Cancelled
R01400,C0550,D0051,2025-10-16 12:23:04.187938,2025-10-16 12:42:04.187938,Bus Stand,IT Park,12.73,292.14,Credit Card,Cancelled
R01401,C0200,D0222,2025-09-03 12:49:04.187977,2025-09-03 13:50:04.187977,Airport,Railway Station,29.96,602.28,Cash,Cancelled
R01402,C0822,D0004,2026-05-29 00:01:04.188017,2026-05-29 00:29:04.188017,Metro Station,Hospital,19.37,389.66,Credit Card,Cancelled
R01403,C0389,D0269,2026-03-02 20:52:04.188059,2026-03-02 21:49:04.188059,Bus Stand,Airport,22.58,481.44,UPI,Completed
R01404,C0262,D0440,2026-04-05 16:13:04.188112,2026-04-05 16:52:04.188112,Mall,IT Park,20.68,466.24,UPI,Completed
R01405,C0333,D0274,2025-08-05 19:30:04.188153,2025-08-05 20:15:04.188153,Mall,IT Park,26.51,514.18,Cash,Cancelled
R01406,C0803,D0396,2025-09-01 13:46:04.188196,2025-09-01 14:17:04.188196,Metro Station,Metro Station,2.54,144.72,Cash,Cancelled
R01407,C0685,D0383,2025-08-10 12:43:04.193308,2025-08-10 13:44:04.193308,Residential Area,Airport,26.98,534.64,Cash,Completed
R01408,C0632,D0332,2026-07-28 05:46:04.193374,2026-07-28 06:50:04.193374,City Center,Railway Station,18.23,389.14,UPI,Cancelled
R01409,C0130,D0238,2026-07-05 03:05:04.193420,2026-07-05 03:31:04.193420,Hospital,Bus Stand,20.92,445.56,Credit Card,Completed
R01410,C0780,D0434,2026-02-10 04:29:04.193467,2026-02-10 05:25:04.193467,University,Railway Station,4.34,164.12,Cash,Completed
R01411,C0559,D0171,2025-10-19 04:18:04.193509,2025-10-19 04:29:04.193509,Airport,Residential Area,21.45,431.1,UPI,Cancelled
R01412,C0765,D0279,2025-08-09 11:26:04.193550,2025-08-09 12:39:04.193550,Mall,Railway Station,17.29,388.22,Credit Card,Cancelled
R01413,C0479,D0445,2026-02-25 04:33:04.193590,2026-02-25 05:22:04.193590,City Center,University,25.9,564.2,Credit Card,Completed
R01414,C0547,D0358,2026-07-05 09:50:04.193628,2026-07-05 10:59:04.193628,City Center,Metro Station,22.02,478.36,Cash,Completed
R01415,C0322,D0495,2025-12-28 07:47:04.193669,2025-12-28 08:23:04.193669,City Center,Mall,29.56,625.08,UPI,Cancelled
R01416,C0851,D0301,2025-08-22 02:38:04.193708,2025-08-22 02:55:04.193708,Bus Stand,IT Park,6.04,185.72,Cash,Completed
R01417,C0872,D0083,2026-04-27 20:06:04.193748,2026-04-27 21:16:04.193748,Metro Station,Residential Area,24.85,531.3,UPI,Completed
R01418,C0335,D0029,2025-09-06 03:53:04.193811,2025-09-06 04:54:04.193811,Bus Stand,Metro Station,11.79,236.22,Debit Card,Completed
R01419,C0650,D0453,2026-06-14 07:17:04.193855,2026-06-14 07:44:04.193855,IT Park,Metro Station,11.43,264.74,Credit Card,Cancelled
R01420,C0876,D0203,2026-02-01 13:45:04.193896,2026-02-01 14:49:04.193896,IT Park,IT Park,28.58,570.44,Debit Card,Cancelled
R01421,C0591,D0326,2026-07-25 02:09:04.193940,2026-07-25 03:06:04.193940,Bus Stand,Bus Stand,16.3,321.4,Cash,Completed
R01422,C0436,D0140,2025-12-07 14:50:04.193979,2025-12-07 16:16:04.193979,Railway Station,Residential Area,21.27,414.86,UPI,Completed
R01423,C0579,D0227,2026-08-01 16:45:04.194019,2026-08-01 18:13:04.194019,Railway Station,Metro Station,7.78,206.04,Debit Card,Cancelled
R01424,C0504,D0120,2026-02-08 08:44:04.194059,2026-02-08 09:05:04.194059,Metro Station,Airport,9.11,202.98,UPI,Cancelled
R01425,C0461,D0038,2026-01-16 09:58:04.194117,2026-01-16 10:45:04.194117,University,University,7.21,165.78,UPI,Completed
R01426,C0998,D0170,2025-11-24 01:21:04.194158,2025-11-24 01:54:04.194158,Residential Area,University,25.77,542.86,Credit Card,Cancelled
R01427,C0943,D0209,2026-07-19 07:10:04.194197,2026-07-19 07:20:04.194197,IT Park,University,14.85,361.3,UPI,Cancelled
R01428,C0692,D0169,2026-02-10 23:52:04.194255,2026-02-11 01:20:04.194255,IT Park,Hospital,12.2,290.6,Debit Card,Cancelled
R01429,C0953,D0048,2026-05-23 01:56:04.194295,2026-05-23 02:19:04.194295,IT Park,Bus Stand,9.75,224.5,Debit Card,Completed
R01430,C0427,D0313,2025-12-11 21:51:04.194332,2025-12-11 22:44:04.194332,Bus Stand,Airport,6.04,164.72,Credit Card,Completed
R01431,C0231,D0428,2025-10-22 18:17:04.194368,2025-10-22 19:32:04.194368,Airport,Mall,11.1,227.8,Credit Card,Completed
R01432,C0778,D0250,2025-11-03 07:46:04.194404,2025-11-03 09:00:04.194404,Metro Station,IT Park,28.12,556.16,Credit Card,Completed
R01433,C0282,D0331,2026-02-12 22:19:04.194444,2026-02-12 23:32:04.194444,Bus Stand,Mall,12.59,267.62,UPI,Cancelled
R01434,C0120,D0353,2025-08-27 08:22:04.194480,2025-08-27 09:21:04.194480,City Center,Railway Station,3.4,148.2,Cash,Cancelled
R01435,C0092,D0289,2025-10-10 16:23:04.194516,2025-10-10 16:49:04.194516,City Center,Metro Station,4.4,148.2,UPI,Cancelled
R01436,C0656,D0494,2026-07-22 09:54:04.194551,2026-07-22 10:50:04.194551,Bus Stand,IT Park,16.51,368.18,Debit Card,Completed
R01437,C0646,D0100,2025-09-23 17:25:04.194585,2025-09-23 17:47:04.194585,City Center,Bus Stand,26.17,556.06,Cash,Cancelled
R01438,C0530,D0173,2025-12-03 10:30:04.194664,2025-12-03 11:28:04.194664,Bus Stand,Hospital,16.96,383.28,UPI,Completed
R01439,C0416,D0448,2025-08-20 13:27:04.194707,2025-08-20 13:57:04.194707,IT Park,University,5.98,147.64,UPI,Completed
R01440,C0776,D0416,2026-03-19 20:47:04.194747,2026-03-19 22:03:04.194747,Bus Stand,Airport,23.88,456.84,Debit Card,Cancelled
R01441,C0186,D0399,2026-02-20 17:40:04.194786,2026-02-20 19:09:04.194786,Mall,City Center,22.43,449.74,Cash,Cancelled
R01442,C0049,D0439,2025-11-23 01:18:04.194823,2025-11-23 02:14:04.194823,Hospital,Bus Stand,20.23,413.14,Cash,Completed
R01443,C0719,D0190,2025-10-29 00:41:04.194864,2025-10-29 01:41:04.194864,Metro Station,Metro Station,5.12,146.16,UPI,Completed
R01444,C0446,D0483,2026-07-31 06:55:04.194903,2026-07-31 07:31:04.194903,Railway Station,University,16.27,338.86,Cash,Cancelled
R01445,C0120,D0403,2025-11-12 10:30:04.194939,2025-11-12 10:49:04.194939,Residential Area,Hospital,7.84,225.12,UPI,Completed
R01446,C0235,D0407,2026-01-17 20:09:04.194976,2026-01-17 20:47:04.194976,IT Park,Railway Station,3.58,128.44,Cash,Completed
R01447,C0698,D0050,2025-09-26 06:17:04.195016,2025-09-26 06:30:04.195016,Airport,Bus Stand,5.3,130.4,Cash,Completed
R01448,C0271,D0489,2025-09-12 03:55:04.195062,2025-09-12 05:08:04.195062,Hospital,Hospital,2.41,89.38,Cash,Completed
R01449,C0891,D0231,2025-11-09 06:20:04.195120,2025-11-09 07:28:04.195120,Residential Area,Railway Station,18.11,345.98,Credit Card,Completed
R01450,C0751,D0196,2026-06-27 19:57:04.195162,2026-06-27 20:23:04.195162,Railway Station,IT Park,11.98,304.64,Credit Card,Completed
R01451,C0357,D0338,2026-02-11 10:36:04.195202,2026-02-11 11:19:04.195202,Hospital,Residential Area,27.23,539.14,Debit Card,Completed
R01452,C0621,D0223,2026-03-07 08:55:04.197316,2026-03-07 09:13:04.197316,Mall,Residential Area,14.23,320.14,Credit Card,Completed
R01453,C0145,D0477,2026-05-15 12:07:04.197370,2026-05-15 13:37:04.197370,City Center,Residential Area,23.88,472.84,Cash,Cancelled
R01454,C0660,D0099,2025-10-14 01:56:04.197417,2025-10-14 03:17:04.197417,Hospital,Railway Station,10.02,245.36,Credit Card,Cancelled
R01455,C0242,D0432,2026-06-11 08:21:04.197462,2026-06-11 09:15:04.197462,IT Park,Mall,28.42,545.56,Cash,Cancelled
R01456,C0272,D0222,2026-03-14 01:05:04.197505,2026-03-14 01:22:04.197505,Airport,Metro Station,12.15,257.7,Credit Card,Cancelled
R01457,C0260,D0259,2026-01-26 20:35:04.197546,2026-01-26 21:50:04.197546,Residential Area,Railway Station,21.02,416.36,Cash,Completed
R01458,C0809,D0309,2026-03-12 12:11:04.197595,2026-03-12 13:08:04.197595,Residential Area,Bus Stand,8.61,251.98,Credit Card,Cancelled
R01459,C0693,D0252,2026-03-11 23:03:04.197637,2026-03-11 23:29:04.197637,Residential Area,Airport,25.36,529.48,Debit Card,Cancelled
R01460,C0721,D0332,2026-07-09 04:40:04.197675,2026-07-09 05:24:04.197675,Residential Area,IT Park,10.95,219.1,Debit Card,Cancelled
R01461,C0426,D0021,2026-07-20 06:44:04.197711,2026-07-20 07:27:04.197711,Residential Area,Bus Stand,5.01,181.18,Cash,Cancelled
R01462,C0641,D0105,2026-08-02 13:46:04.197746,2026-08-02 14:40:04.197746,Metro Station,Mall,15.04,294.72,Credit Card,Cancelled
R01463,C0330,D0398,2025-11-17 01:41:04.197782,2025-11-17 02:01:04.197782,Bus Stand,Hospital,3.29,128.22,UPI,Cancelled
R01464,C0925,D0121,2026-07-09 21:38:04.197819,2026-07-09 22:49:04.197819,Railway Station,Bus Stand,9.17,228.06,Credit Card,Completed
R01465,C0167,D0436,2025-10-25 22:21:04.197856,2025-10-25 22:35:04.197856,Bus Stand,Bus Stand,10.4,273.2,Debit Card,Cancelled
R01466,C0838,D0178,2026-05-12 21:41:04.197894,2026-05-12 22:54:04.197894,Bus Stand,IT Park,19.85,436.3,Credit Card,Completed
R01467,C0927,D0484,2025-12-07 14:25:04.197931,2025-12-07 15:09:04.197931,IT Park,Hospital,27.03,550.54,UPI,Cancelled
R01468,C0919,D0060,2026-06-01 01:08:04.197974,2026-06-01 01:43:04.197974,Airport,Hospital,18.0,416.0,UPI,Completed
R01469,C0083,D0138,2025-10-31 10:07:04.198017,2025-10-31 11:01:04.198017,Residential Area,City Center,19.95,395.1,Cash,Completed
R01470,C0220,D0499,2026-01-01 21:45:04.198053,2026-01-01 22:55:04.198053,Hospital,Railway Station,10.1,266.8,Credit Card,Completed
R01471,C0847,D0457,2025-11-15 09:41:04.198100,2025-11-15 10:49:04.198100,Bus Stand,Mall,14.1,331.8,Cash,Completed
R01472,C0491,D0498,2026-01-12 01:50:04.198139,2026-01-12 02:51:04.198139,Hospital,University,11.45,247.1,Cash,Completed
R01473,C0021,D0274,2025-08-08 13:54:04.198175,2025-08-08 14:56:04.198175,Hospital,Hospital,27.5,537.0,Cash,Cancelled
R01474,C0663,D0062,2025-10-30 10:42:04.198227,2025-10-30 11:31:04.198227,Mall,Residential Area,28.21,607.78,Debit Card,Cancelled
R01475,C0743,D0107,2026-07-31 16:12:04.198267,2026-07-31 16:51:04.198267,Metro Station,City Center,29.92,619.56,UPI,Completed
R01476,C0302,D0450,2025-08-13 06:44:04.198304,2025-08-13 07:38:04.198304,Railway Station,University,4.3,121.4,Debit Card,Cancelled
R01477,C0972,D0005,2026-05-20 14:47:04.198345,2026-05-20 15:14:04.198345,Mall,University,7.23,221.14,Cash,Completed
R01478,C0641,D0270,2026-07-22 09:25:04.198395,2026-07-22 09:50:04.198395,Residential Area,IT Park,20.19,435.42,UPI,Completed
R01479,C0625,D0150,2025-08-31 13:57:04.198433,2025-08-31 15:07:04.198433,Airport,Mall,25.73,533.14,UPI,Cancelled
R01480,C0447,D0110,2025-11-24 19:01:04.198471,2025-11-24 19:20:04.198471,IT Park,Mall,18.75,421.5,UPI,Completed
R01481,C0001,D0471,2026-04-03 15:20:04.198510,2026-04-03 15:35:04.198510,Metro Station,Metro Station,4.31,147.58,Cash,Cancelled
R01482,C0756,D0416,2026-04-04 10:45:04.198547,2026-04-04 11:53:04.198547,Airport,City Center,17.71,351.78,Cash,Completed
R01483,C0990,D0040,2026-07-07 21:11:04.198586,2026-07-07 21:27:04.198586,Mall,City Center,9.99,234.82,Debit Card,Cancelled
R01484,C0279,D0130,2025-10-08 17:33:04.198623,2025-10-08 17:48:04.198623,IT Park,Metro Station,10.97,294.46,Cash,Completed
R01485,C0170,D0078,2025-09-17 18:09:04.198660,2025-09-17 19:30:04.198660,Residential Area,City Center,29.55,570.9,Credit Card,Cancelled
R01486,C0056,D0324,2026-03-20 11:52:04.198696,2026-03-20 12:32:04.198696,Metro Station,Railway Station,29.19,608.42,Debit Card,Cancelled
R01487,C0112,D0465,2026-04-14 20:03:04.198733,2026-04-14 20:27:04.198733,IT Park,Residential Area,7.6,225.8,Cash,Completed
R01488,C0375,D0338,2025-09-21 18:51:04.198777,2025-09-21 19:19:04.198777,Mall,IT Park,11.89,237.02,Cash,Cancelled
R01489,C0062,D0426,2026-03-30 23:58:04.198819,2026-03-31 00:57:04.198819,Metro Station,Airport,15.75,343.5,Credit Card,Completed
R01490,C0479,D0183,2025-09-10 19:21:04.198857,2025-09-10 20:31:04.198857,Airport,Hospital,27.47,594.46,Cash,Completed
R01491,C0083,D0069,2025-09-23 08:40:04.198896,2025-09-23 09:19:04.198896,Railway Station,City Center,12.7,295.6,Credit Card,Cancelled
R01492,C0577,D0328,2026-02-26 05:53:04.198935,2026-02-26 06:35:04.198935,IT Park,Metro Station,18.09,353.62,UPI,Completed
R01493,C0768,D0214,2025-09-01 08:14:04.198970,2025-09-01 09:32:04.198970,University,Railway Station,20.89,452.02,Credit Card,Completed
R01494,C0889,D0250,2026-01-11 03:00:04.199005,2026-01-11 03:41:04.199005,Metro Station,Bus Stand,27.16,537.88,Credit Card,Cancelled
R01495,C0049,D0284,2026-06-07 12:29:04.199041,2026-06-07 13:03:04.199041,Bus Stand,IT Park,22.88,450.84,Credit Card,Completed
R01496,C0419,D0455,2026-05-02 13:49:04.199093,2026-05-02 14:47:04.199093,IT Park,Mall,10.23,229.14,UPI,Cancelled
R01497,C0398,D0191,2025-09-24 09:55:04.199138,2025-09-24 11:01:04.199138,Airport,Airport,5.47,174.46,Debit Card,Cancelled
R01498,C0536,D0203,2026-07-01 23:55:04.199180,2026-07-02 00:29:04.199180,Hospital,IT Park,13.75,337.5,Debit Card,Completed
R01499,C0530,D0047,2026-05-15 09:24:04.201275,2026-05-15 09:44:04.201275,Mall,Residential Area,21.82,481.76,UPI,Cancelled
R01500,C0313,D0301,2026-01-13 03:06:04.201350,2026-01-13 03:25:04.201350,City Center,Metro Station,17.98,382.64,UPI,Completed
R01501,C0448,D0046,2026-02-09 05:46:04.201402,2026-02-09 05:57:04.201402,IT Park,Hospital,4.13,136.34,UPI,Completed
R01502,C0264,D0155,2026-02-24 02:09:04.201448,2026-02-24 02:52:04.201448,Mall,Bus Stand,21.41,445.38,Cash,Cancelled
R01503,C0730,D0115,2026-04-29 16:12:04.201491,2026-04-29 17:05:04.201491,City Center,Airport,9.93,239.74,Debit Card,Cancelled
R01504,C0547,D0261,2025-12-25 11:44:04.201533,2025-12-25 13:07:04.201533,Hospital,City Center,21.94,444.92,Cash,Cancelled
R01505,C0724,D0370,2026-05-01 11:01:04.201575,2026-05-01 11:11:04.201575,City Center,City Center,25.15,511.7,UPI,Completed
R01506,C0662,D0134,2025-11-15 05:26:04.201624,2025-11-15 06:21:04.201624,City Center,Railway Station,28.41,577.38,Cash,Cancelled
R01507,C0984,D0091,2025-12-22 03:53:04.201666,2025-12-22 04:40:04.201666,IT Park,City Center,21.96,466.28,Credit Card,Completed
R01508,C0923,D0356,2025-08-14 04:26:04.201711,2025-08-14 05:23:04.201711,Mall,City Center,10.74,284.32,Credit Card,Completed
R01509,C0865,D0383,2025-10-27 10:23:04.201755,2025-10-27 11:10:04.201755,University,Metro Station,22.66,436.88,Debit Card,Completed
R01510,C0513,D0309,2026-01-15 01:56:04.201796,2026-01-15 02:48:04.201796,Hospital,University,4.42,121.56,Credit Card,Cancelled
R01511,C0206,D0416,2025-08-20 04:48:04.201838,2025-08-20 05:11:04.201838,Airport,Metro Station,8.49,241.82,Credit Card,Cancelled
R01512,C0133,D0058,2025-08-22 23:32:04.201879,2025-08-22 23:51:04.201879,Bus Stand,Hospital,8.73,254.14,Cash,Completed
R01513,C0702,D0175,2025-09-02 10:55:04.201922,2025-09-02 11:31:04.201922,Railway Station,Mall,27.32,590.76,Cash,Cancelled
R01514,C0973,D0322,2025-12-18 23:12:04.201963,2025-12-18 23:57:04.201963,Hospital,Railway Station,24.96,476.28,Cash,Cancelled
R01515,C0625,D0083,2026-01-07 11:54:04.202003,2026-01-07 12:06:04.202003,IT Park,Metro Station,7.49,198.82,Credit Card,Completed
R01516,C0721,D0068,2026-07-24 16:33:04.202042,2026-07-24 17:49:04.202042,Residential Area,City Center,18.01,355.18,Credit Card,Completed
R01517,C0323,D0250,2025-11-23 06:52:04.202093,2025-11-23 07:13:04.202093,Mall,Hospital,4.21,157.78,Debit Card,Cancelled
R01518,C0574,D0289,2026-07-17 09:03:04.202142,2026-07-17 10:23:04.202142,Airport,IT Park,17.11,380.98,Cash,Completed
R01519,C0798,D0416,2026-02-15 07:12:04.202182,2026-02-15 07:45:04.202182,University,Residential Area,3.93,91.74,Credit Card,Completed
R01520,C0748,D0059,2025-10-01 19:29:04.202242,2025-10-01 20:33:04.202242,University,Residential Area,4.02,172.36,UPI,Cancelled
R01521,C0627,D0087,2026-07-30 20:02:04.202289,2026-07-30 20:30:04.202289,Residential Area,Railway Station,26.72,551.96,Debit Card,Cancelled
R01522,C0599,D0339,2025-10-28 04:37:04.202327,2025-10-28 06:01:04.202327,University,Mall,27.35,548.3,Credit Card,Cancelled
R01523,C0081,D0306,2025-10-05 07:58:04.202366,2025-10-05 08:15:04.202366,City Center,Railway Station,5.5,177.0,UPI,Cancelled
R01524,C0414,D0013,2025-11-30 13:19:04.202401,2025-11-30 13:42:04.202401,University,Bus Stand,11.39,292.02,UPI,Completed
R01525,C0814,D0013,2026-07-01 22:14:04.202439,2026-07-01 23:18:04.202439,Railway Station,Residential Area,29.28,605.04,Cash,Completed
R01526,C0585,D0232,2025-08-02 23:04:04.202472,2025-08-02 23:20:04.202472,City Center,IT Park,20.46,440.28,UPI,Cancelled
R01527,C0789,D0050,2026-04-13 19:48:04.202510,2026-04-13 20:23:04.202510,Bus Stand,Hospital,26.31,547.58,Debit Card,Cancelled
R01528,C0261,D0024,2026-06-10 05:31:04.202553,2026-06-10 05:59:04.202553,Railway Station,City Center,13.13,284.34,Cash,Completed
R01529,C0499,D0209,2026-03-26 21:37:04.202590,2026-03-26 22:04:04.202590,Metro Station,Residential Area,24.68,526.24,Credit Card,Cancelled
R01530,C0165,D0101,2026-06-17 01:14:04.202626,2026-06-17 02:25:04.202626,Hospital,Mall,7.83,167.94,UPI,Cancelled
R01531,C0940,D0120,2025-12-16 03:02:04.202663,2025-12-16 04:03:04.202663,City Center,Airport,10.77,230.86,Debit Card,Cancelled
R01532,C0717,D0052,2025-09-14 09:08:04.202690,2025-09-14 10:35:04.202690,Residential Area,City Center,5.84,162.12,Debit Card,Cancelled
R01533,C0987,D0013,2025-12-29 10:24:04.202712,2025-12-29 11:00:04.202712,Residential Area,Mall,27.74,562.32,UPI,Completed
R01534,C0653,D0168,2025-11-26 06:04:04.202738,2025-11-26 06:25:04.202738,Mall,University,13.62,270.16,Debit Card,Completed
R01535,C0024,D0250,2026-01-11 05:22:04.202759,2026-01-11 06:09:04.202759,Bus Stand,Railway Station,16.64,340.52,Cash,Completed
R01536,C0287,D0093,2026-05-01 09:29:04.202780,2026-05-01 09:49:04.202780,Railway Station,Mall,4.53,143.54,Cash,Completed
R01537,C0561,D0347,2025-10-29 03:49:04.202802,2025-10-29 05:00:04.202802,Railway Station,Residential Area,19.72,385.96,Debit Card,Completed
R01538,C0365,D0022,2026-05-23 07:16:04.202826,2026-05-23 07:29:04.202826,IT Park,Railway Station,2.8,103.4,Cash,Completed
R01539,C0354,D0125,2025-10-23 14:09:04.202851,2025-10-23 14:53:04.202851,Metro Station,IT Park,25.85,541.3,Credit Card,Completed
R01540,C0323,D0446,2026-03-22 07:57:04.202873,2026-03-22 08:09:04.202873,Residential Area,City Center,12.69,262.42,UPI,Completed
R01541,C0604,D0497,2025-08-02 18:53:04.202894,2025-08-02 20:21:04.202894,IT Park,Airport,21.38,462.84,Debit Card,Cancelled
R01542,C0756,D0475,2026-01-03 03:27:04.202915,2026-01-03 04:12:04.202915,IT Park,IT Park,29.37,600.66,Debit Card,Cancelled
R01543,C0532,D0248,2025-10-04 04:55:04.202935,2025-10-04 05:08:04.202935,Railway Station,Hospital,25.55,550.9,Credit Card,Cancelled
R01544,C0608,D0114,2026-03-24 01:53:04.202957,2026-03-24 03:19:04.202957,Bus Stand,Residential Area,19.55,436.9,Cash,Completed
R01545,C0623,D0250,2025-09-16 15:18:04.202979,2025-09-16 16:16:04.202979,Bus Stand,Railway Station,13.43,272.74,Debit Card,Completed
R01546,C0267,D0454,2026-05-30 03:27:04.203000,2026-05-30 04:38:04.203000,Metro Station,Hospital,27.03,554.54,UPI,Cancelled
R01547,C0289,D0073,2026-05-28 09:47:04.203022,2026-05-28 10:27:04.203022,Mall,IT Park,26.33,538.94,UPI,Cancelled
R01548,C0191,D0159,2025-09-20 13:12:04.203046,2025-09-20 14:28:04.203046,Metro Station,City Center,2.3,95.4,Credit Card,Cancelled
R01549,C0201,D0364,2025-09-29 21:15:04.203068,2025-09-29 21:42:04.203068,Hospital,City Center,9.22,211.96,UPI,Completed
R01550,C0774,D0110,2026-04-08 13:32:04.203098,2026-04-08 14:37:04.203098,IT Park,IT Park,28.64,568.52,Debit Card,Completed
R01551,C0435,D0363,2026-02-05 07:07:04.203120,2026-02-05 07:44:04.203120,Mall,Railway Station,9.36,198.48,Cash,Cancelled
R01552,C0816,D0090,2025-10-27 23:47:04.203141,2025-10-28 00:46:04.203141,Airport,Mall,9.52,223.36,Debit Card,Cancelled
R01553,C0152,D0113,2026-03-18 23:11:04.203162,2026-03-19 00:09:04.203162,Railway Station,Residential Area,11.54,277.72,Debit Card,Cancelled
R01554,C0900,D0205,2026-07-28 21:59:04.203184,2026-07-28 23:13:04.203184,University,Railway Station,26.93,514.74,UPI,Cancelled
R01555,C0186,D0440,2025-09-05 21:11:04.203206,2025-09-05 21:28:04.203206,Mall,IT Park,15.76,358.68,UPI,Completed
R01556,C0713,D0403,2025-10-01 15:00:04.203514,2025-10-01 16:29:04.203514,Metro Station,Metro Station,18.15,414.7,Credit Card,Completed
R01557,C0187,D0028,2026-01-14 05:07:04.203551,2026-01-14 05:18:04.203551,Railway Station,IT Park,9.53,203.54,Credit Card,Completed
R01558,C0764,D0275,2025-11-20 00:53:04.203594,2025-11-20 01:41:04.203594,Metro Station,University,15.6,366.8,Cash,Completed
R01559,C0549,D0182,2026-02-13 09:25:04.203631,2026-02-13 10:10:04.203631,Hospital,Airport,28.13,555.34,Credit Card,Completed
R01560,C0530,D0378,2025-08-22 22:00:04.203667,2025-08-22 22:43:04.203667,Bus Stand,City Center,2.64,97.52,Credit Card,Cancelled
R01561,C0589,D0106,2025-11-30 10:02:04.203708,2025-11-30 11:01:04.203708,Airport,IT Park,21.69,437.42,Credit Card,Cancelled
R01562,C0101,D0369,2025-12-20 04:07:04.203749,2025-12-20 05:05:04.203749,Bus Stand,IT Park,9.27,193.86,Credit Card,Completed
R01563,C0033,D0259,2026-04-05 19:59:04.203785,2026-04-05 20:24:04.203785,Hospital,City Center,11.85,238.3,Cash,Cancelled
R01564,C0463,D0290,2026-03-18 19:50:04.203818,2026-03-18 20:45:04.203818,Railway Station,IT Park,4.92,174.56,Debit Card,Completed
R01565,C0493,D0230,2025-11-06 01:19:04.203853,2025-11-06 02:22:04.203853,Bus Stand,Railway Station,17.12,356.16,Debit Card,Completed
R01566,C0704,D0214,2026-01-30 23:19:04.203888,2026-01-31 00:40:04.203888,Bus Stand,Airport,11.65,292.7,UPI,Cancelled
R01567,C0349,D0438,2025-09-03 04:08:04.203924,2025-09-03 04:20:04.203924,University,University,26.14,514.52,UPI,Cancelled
R01568,C0883,D0370,2025-09-06 00:13:04.203962,2025-09-06 00:28:04.203962,Hospital,Railway Station,19.21,373.78,Debit Card,Cancelled
R01569,C0445,D0426,2026-07-14 03:09:04.203998,2026-07-14 04:08:04.203998,City Center,Hospital,12.28,306.04,Cash,Completed
R01570,C0114,D0483,2026-03-16 11:29:04.204035,2026-03-16 12:46:04.204035,Hospital,University,23.61,505.98,Credit Card,Completed
R01571,C0996,D0398,2025-08-09 08:42:04.204072,2025-08-09 09:20:04.204072,IT Park,Mall,22.35,497.3,Cash,Cancelled
R01572,C0436,D0425,2026-01-03 01:07:04.204118,2026-01-03 02:32:04.204118,City Center,Airport,21.3,462.4,Cash,Completed
R01573,C0923,D0229,2026-05-16 22:13:04.204154,2026-05-16 23:22:04.204154,Railway Station,Residential Area,26.55,537.9,Credit Card,Cancelled
R01574,C0348,D0019,2026-05-14 04:38:04.204191,2026-05-14 04:54:04.204191,Bus Stand,Railway Station,23.16,500.88,Credit Card,Cancelled
R01575,C0443,D0103,2025-10-04 23:08:04.204242,2025-10-04 23:58:04.204242,Bus Stand,Metro Station,7.2,180.6,Cash,Cancelled
R01576,C0586,D0099,2026-02-23 12:28:04.204282,2026-02-23 13:04:04.204282,University,IT Park,13.64,338.52,Debit Card,Completed
R01577,C0977,D0414,2025-08-14 01:46:04.204319,2025-08-14 02:09:04.204319,City Center,IT Park,10.18,241.24,Credit Card,Cancelled
R01578,C0826,D0389,2025-10-24 02:15:04.204362,2025-10-24 03:39:04.204362,Hospital,University,19.37,404.66,UPI,Completed
R01579,C0235,D0490,2026-02-15 06:25:04.204398,2026-02-15 07:38:04.204398,University,Mall,6.96,168.28,UPI,Completed
R01580,C0486,D0125,2026-05-29 18:11:04.204435,2026-05-29 19:36:04.204435,Railway Station,Railway Station,20.74,447.32,Debit Card,Completed
R01581,C0118,D0133,2025-12-15 21:06:04.204471,2025-12-15 22:18:04.204471,Residential Area,Airport,19.8,381.4,UPI,Completed
R01582,C0103,D0377,2025-09-29 23:24:04.204508,2025-09-29 23:55:04.204508,Mall,Railway Station,15.22,305.96,Credit Card,Cancelled
R01583,C0683,D0148,2025-11-02 16:57:04.204545,2025-11-02 17:52:04.204545,IT Park,Mall,8.55,242.9,Cash,Completed
R01584,C0920,D0426,2025-11-09 18:07:04.204582,2025-11-09 18:49:04.204582,Residential Area,IT Park,10.58,235.44,Cash,Completed
R01585,C0882,D0213,2026-06-20 11:23:04.204625,2026-06-20 12:14:04.204625,Airport,Metro Station,17.65,392.7,UPI,Cancelled
R01586,C0618,D0353,2026-02-09 07:14:04.204663,2026-02-09 07:25:04.204663,Hospital,Railway Station,3.59,95.62,Credit Card,Cancelled
R01587,C0687,D0058,2025-12-12 05:45:04.204701,2025-12-12 06:10:04.204701,City Center,Mall,13.71,316.78,UPI,Cancelled
R01588,C0017,D0257,2026-03-02 15:51:04.204744,2026-03-02 16:26:04.204744,Airport,City Center,29.42,579.56,Credit Card,Completed
R01589,C0626,D0113,2025-10-04 10:31:04.204780,2025-10-04 11:08:04.204780,University,Bus Stand,27.41,559.38,Credit Card,Cancelled
R01590,C0460,D0141,2025-12-28 07:38:04.204816,2025-12-28 07:51:04.204816,Airport,Metro Station,10.45,233.1,UPI,Completed
R01591,C0027,D0185,2025-10-15 08:13:04.204856,2025-10-15 09:43:04.204856,University,University,4.48,157.64,UPI,Cancelled
R01592,C0259,D0060,2026-03-28 22:26:04.204893,2026-03-28 22:58:04.204893,City Center,IT Park,19.87,452.66,UPI,Cancelled
R01593,C0454,D0456,2026-05-22 14:52:04.204929,2026-05-22 15:13:04.204929,IT Park,IT Park,8.5,187.0,Cash,Cancelled
R01594,C0096,D0342,2026-07-03 06:57:04.204967,2026-07-03 08:27:04.204967,IT Park,Hospital,11.84,291.12,Cash,Completed
R01595,C0554,D0320,2026-02-02 17:41:04.205004,2026-02-02 17:55:04.205004,Airport,City Center,15.05,309.9,Cash,Completed
R01596,C0667,D0035,2026-03-21 13:53:04.205042,2026-03-21 14:50:04.205042,Bus Stand,University,29.23,609.14,Cash,Completed
R01597,C0619,D0164,2025-10-22 16:50:04.205077,2025-10-22 17:36:04.205077,Railway Station,City Center,14.75,312.5,Cash,Cancelled
R01598,C0564,D0372,2026-05-21 03:55:04.205129,2026-05-21 04:53:04.205129,Airport,University,19.42,430.56,Debit Card,Cancelled
R01599,C0652,D0381,2026-05-23 19:17:04.205165,2026-05-23 19:37:04.205165,Airport,Metro Station,22.5,504.0,UPI,Cancelled
R01600,C0167,D0473,2026-06-06 02:35:04.205199,2026-06-06 03:31:04.205199,City Center,Metro Station,25.45,555.1,Cash,Cancelled
R01601,C0599,D0401,2026-06-28 05:49:04.209203,2026-06-28 07:04:04.209203,IT Park,City Center,3.03,96.54,Cash,Completed
R01602,C0501,D0383,2025-08-13 22:37:04.209310,2025-08-13 23:59:04.209310,Bus Stand,University,25.76,488.68,UPI,Completed
R01603,C0688,D0242,2025-11-03 18:41:04.209361,2025-11-03 19:43:04.209361,Airport,Bus Stand,8.49,211.82,Debit Card,Completed
R01604,C0797,D0255,2026-07-11 06:23:04.209408,2026-07-11 06:47:04.209408,University,City Center,10.72,220.96,UPI,Cancelled
R01605,C0488,D0160,2026-04-18 17:31:04.209451,2026-04-18 18:21:04.209451,Mall,Mall,20.62,467.16,Cash,Completed
R01606,C0083,D0297,2026-06-08 00:25:04.209495,2026-06-08 01:40:04.209495,Residential Area,Hospital,7.65,192.7,Cash,Completed
R01607,C0822,D0302,2026-05-05 20:15:04.209537,2026-05-05 21:35:04.209537,IT Park,Mall,9.97,276.46,Credit Card,Cancelled
R01608,C0004,D0270,2025-10-29 17:59:04.209586,2025-10-29 19:26:04.209586,Residential Area,Mall,16.98,325.64,UPI,Cancelled
R01609,C0027,D0347,2026-04-13 07:14:04.209629,2026-04-13 08:03:04.209629,Bus Stand,University,23.52,493.36,Cash,Cancelled
R01610,C0056,D0218,2026-02-11 11:15:04.209670,2026-02-11 12:00:04.209670,Hospital,Mall,28.08,602.44,Credit Card,Completed
R01611,C0247,D0019,2025-10-13 10:05:04.209710,2025-10-13 11:33:04.209710,IT Park,Railway Station,8.0,221.0,Cash,Cancelled
R01612,C0443,D0108,2025-10-16 21:32:04.209750,2025-10-16 22:52:04.209750,City Center,Metro Station,14.74,326.32,UPI,Completed
R01613,C0142,D0110,2025-10-08 23:00:04.209789,2025-10-08 23:25:04.209789,Railway Station,Airport,13.5,302.0,Debit Card,Cancelled
R01614,C0897,D0206,2025-08-10 23:05:04.209831,2025-08-11 00:17:04.209831,Hospital,Mall,6.5,181.0,UPI,Cancelled
R01615,C0196,D0224,2025-11-04 04:56:04.209871,2025-11-04 05:16:04.209871,Hospital,Hospital,23.53,468.54,Credit Card,Cancelled
R01616,C0453,D0451,2025-10-28 18:27:04.209909,2025-10-28 19:39:04.209909,Hospital,Hospital,19.55,412.9,Cash,Completed
R01617,C0529,D0411,2026-06-23 20:15:04.209942,2026-06-23 20:28:04.209942,Bus Stand,University,13.98,347.64,Credit Card,Completed
R01618,C0442,D0059,2026-03-15 07:10:04.209980,2026-03-15 07:27:04.209980,Residential Area,Hospital,23.35,501.3,Credit Card,Cancelled
R01619,C0398,D0218,2026-05-16 07:09:04.210025,2026-05-16 08:26:04.210025,Residential Area,Airport,16.03,347.54,Debit Card,Completed
R01620,C0854,D0138,2025-10-16 03:46:04.210065,2025-10-16 05:06:04.210065,Bus Stand,Bus Stand,9.19,198.42,Cash,Cancelled
R01621,C0266,D0225,2025-12-08 10:47:04.210118,2025-12-08 12:08:04.210118,Bus Stand,Residential Area,22.44,495.92,Credit Card,Cancelled
R01622,C0118,D0339,2025-09-20 13:26:04.210161,2025-09-20 14:27:04.210161,Mall,Residential Area,24.75,531.5,Debit Card,Cancelled
R01623,C0413,D0288,2025-08-30 07:54:04.210198,2025-08-30 08:58:04.210198,Bus Stand,IT Park,22.56,474.08,Cash,Completed
R01624,C0666,D0283,2026-05-14 05:40:04.210259,2026-05-14 06:15:04.210259,Airport,Airport,21.51,487.18,UPI,Completed
R01625,C0506,D0014,2026-01-14 21:14:04.210294,2026-01-14 21:39:04.210294,City Center,Metro Station,16.85,347.3,Cash,Completed
R01626,C0991,D0417,2026-03-16 17:32:04.210331,2026-03-16 18:55:04.210331,Residential Area,Metro Station,5.52,163.36,Credit Card,Cancelled
R01627,C0113,D0031,2026-04-14 22:18:04.210367,2026-04-14 23:04:04.210367,IT Park,IT Park,9.47,196.46,UPI,Cancelled
R01628,C0850,D0484,2025-09-12 13:00:04.210410,2025-09-12 13:16:04.210410,IT Park,City Center,6.09,170.62,Cash,Completed
R01629,C0040,D0335,2025-10-20 15:50:04.210449,2025-10-20 16:44:04.210449,Metro Station,University,28.85,597.3,Debit Card,Completed
R01630,C0619,D0098,2026-04-07 14:17:04.210487,2026-04-07 15:31:04.210487,Bus Stand,Airport,17.04,384.72,Debit Card,Completed
R01631,C0832,D0122,2025-10-12 03:07:04.210525,2025-10-12 04:33:04.210525,Mall,Metro Station,9.59,234.62,Cash,Completed
R01632,C0450,D0306,2026-03-27 02:12:04.210564,2026-03-27 03:13:04.210564,Bus Stand,Residential Area,2.21,96.78,Credit Card,Cancelled
R01633,C0219,D0262,2026-03-01 00:04:04.210603,2026-03-01 00:38:04.210603,Hospital,University,2.61,106.98,Debit Card,Cancelled
R01634,C0561,D0424,2025-09-17 23:33:04.210643,2025-09-18 00:55:04.210643,Residential Area,City Center,3.96,123.28,Debit Card,Cancelled
R01635,C0720,D0290,2026-05-25 13:43:04.210681,2026-05-25 14:02:04.210681,Residential Area,Metro Station,25.14,499.52,Credit Card,Cancelled
R01636,C0129,D0053,2026-06-24 02:32:04.210721,2026-06-24 03:08:04.210721,IT Park,IT Park,13.64,280.52,Cash,Cancelled
R01637,C0768,D0466,2025-10-01 10:49:04.210760,2025-10-01 11:22:04.210760,University,Bus Stand,29.69,603.42,Debit Card,Cancelled
R01638,C0656,D0036,2026-01-16 14:30:04.210812,2026-01-16 15:44:04.210812,IT Park,Bus Stand,2.85,79.3,Credit Card,Completed
R01639,C0157,D0275,2025-11-03 08:00:04.210852,2025-11-03 08:47:04.210852,Railway Station,Hospital,23.75,448.5,UPI,Cancelled
R01640,C0237,D0154,2025-10-26 21:57:04.210892,2025-10-26 22:46:04.210892,University,Metro Station,23.03,494.54,Debit Card,Completed
R01641,C0954,D0109,2026-01-10 13:26:04.210930,2026-01-10 13:55:04.210930,Railway Station,IT Park,16.31,336.58,Debit Card,Completed
R01642,C0671,D0463,2026-06-18 05:55:04.210970,2026-06-18 06:37:04.210970,Hospital,IT Park,13.79,291.22,Debit Card,Cancelled
R01643,C0433,D0147,2025-11-30 03:09:04.211009,2025-11-30 04:12:04.211009,Railway Station,Hospital,3.16,85.88,Cash,Cancelled
R01644,C0630,D0418,2025-11-09 20:29:04.211049,2025-11-09 21:12:04.211049,Railway Station,City Center,27.9,569.2,Cash,Cancelled
R01645,C0349,D0326,2026-05-22 21:48:04.211095,2026-05-22 22:08:04.211095,City Center,Bus Stand,23.15,490.7,Debit Card,Completed
R01646,C0317,D0109,2025-11-01 05:17:04.211129,2025-11-01 05:48:04.211129,Residential Area,IT Park,18.05,411.9,Cash,Cancelled
R01647,C0139,D0236,2025-11-26 11:32:04.211173,2025-11-26 12:20:04.211173,Metro Station,Bus Stand,22.71,460.78,Debit Card,Completed
R01648,C0088,D0143,2025-09-03 11:47:04.213297,2025-09-03 12:12:04.213297,University,Residential Area,5.08,163.44,Credit Card,Completed
R01649,C0345,D0263,2026-06-14 16:40:04.213400,2026-06-14 17:17:04.213400,Mall,Railway Station,11.58,261.44,Credit Card,Cancelled
R01650,C0740,D0035,2026-06-25 17:45:04.213453,2026-06-25 18:50:04.213453,Railway Station,University,13.69,323.42,Credit Card,Completed
R01651,C0606,D0214,2025-08-22 09:01:04.213497,2025-08-22 09:58:04.213497,City Center,Mall,29.53,606.54,UPI,Cancelled
R01652,C0252,D0311,2026-01-12 09:39:04.213539,2026-01-12 11:07:04.213539,Airport,University,29.84,628.12,Debit Card,Cancelled
R01653,C0981,D0321,2025-12-12 06:01:04.213580,2025-12-12 06:22:04.213580,City Center,Metro Station,25.01,492.18,Cash,Cancelled
R01654,C0773,D0256,2025-08-17 02:42:04.213620,2025-08-17 03:55:04.213620,Hospital,Railway Station,23.28,457.04,Cash,Cancelled
R01655,C0603,D0345,2025-12-30 23:07:04.213661,2025-12-31 00:29:04.213661,Metro Station,University,12.06,259.08,Debit Card,Cancelled
R01656,C0053,D0178,2026-05-24 03:43:04.213699,2026-05-24 04:03:04.213699,IT Park,Residential Area,21.34,461.12,Debit Card,Completed
R01657,C0481,D0351,2025-10-11 22:53:04.213737,2025-10-12 00:02:04.213737,Mall,Mall,17.18,384.24,Debit Card,Completed
R01658,C0686,D0351,2025-08-23 02:34:04.213781,2025-08-23 03:29:04.213781,IT Park,Mall,27.94,601.92,UPI,Cancelled
R01659,C0331,D0387,2026-04-17 22:52:04.213820,2026-04-17 23:50:04.213820,City Center,Airport,11.01,257.18,UPI,Cancelled
R01660,C0579,D0384,2026-07-20 23:32:04.213856,2026-07-20 23:46:04.213856,Hospital,Railway Station,11.7,305.6,Debit Card,Cancelled
R01661,C0164,D0286,2026-08-01 19:24:04.213890,2026-08-01 20:47:04.213890,IT Park,Hospital,22.71,472.78,Debit Card,Completed
R01662,C0791,D0404,2025-10-18 19:54:04.213926,2025-10-18 21:09:04.213926,Airport,City Center,21.22,434.96,Cash,Completed
R01663,C0022,D0057,2025-11-23 16:50:04.213965,2025-11-23 17:53:04.213965,Mall,University,6.61,199.98,Debit Card,Completed
R01664,C0289,D0356,2025-10-15 18:33:04.214006,2025-10-15 19:42:04.214006,IT Park,Residential Area,9.91,240.38,Cash,Cancelled
R01665,C0753,D0408,2025-10-07 13:00:04.214046,2025-10-07 14:21:04.214046,City Center,Hospital,7.85,228.3,Credit Card,Completed
R01666,C0631,D0005,2025-08-15 23:29:04.214094,2025-08-16 00:45:04.214094,City Center,Bus Stand,22.29,471.22,Cash,Cancelled
R01667,C0604,D0345,2026-06-28 06:26:04.214145,2026-06-28 07:22:04.214145,University,Mall,28.71,590.78,UPI,Cancelled
R01668,C0403,D0432,2025-12-29 10:03:04.214193,2025-12-29 11:32:04.214193,Airport,City Center,20.45,454.1,Debit Card,Completed
R01669,C0779,D0216,2025-09-06 05:21:04.214256,2025-09-06 06:27:04.214256,IT Park,Mall,2.78,99.04,UPI,Cancelled
R01670,C0730,D0241,2025-10-28 03:26:04.214298,2025-10-28 04:13:04.214298,Airport,Railway Station,8.37,235.66,Cash,Completed
R01671,C0759,D0188,2025-08-29 21:15:04.214338,2025-08-29 21:47:04.214338,University,Bus Stand,5.19,190.42,Debit Card,Completed
R01672,C0854,D0402,2026-04-07 18:54:04.214378,2026-04-07 19:26:04.214378,Mall,Hospital,17.73,383.14,Credit Card,Completed
R01673,C0647,D0052,2026-06-18 02:10:04.214417,2026-06-18 02:33:04.214417,Mall,University,20.82,447.76,Cash,Completed
R01674,C0745,D0414,2026-01-03 01:26:04.214454,2026-01-03 01:50:04.214454,Residential Area,Metro Station,19.04,442.72,Debit Card,Cancelled
R01675,C0227,D0059,2026-05-13 20:04:04.214493,2026-05-13 21:23:04.214493,City Center,Bus Stand,6.34,187.12,Cash,Completed
R01676,C0678,D0177,2025-08-14 22:26:04.214539,2025-08-14 23:47:04.214539,Metro Station,Mall,18.0,386.0,Cash,Cancelled
R01677,C0466,D0183,2025-09-26 12:23:04.214579,2025-09-26 12:37:04.214579,Railway Station,Airport,11.28,281.04,UPI,Cancelled
R01678,C0647,D0274,2026-05-20 04:39:04.214622,2026-05-20 05:45:04.214622,Airport,Bus Stand,17.35,362.3,UPI,Cancelled
R01679,C0374,D0475,2025-09-29 07:08:04.214659,2025-09-29 08:33:04.214659,IT Park,Metro Station,2.59,93.62,UPI,Cancelled
R01680,C0376,D0333,2026-02-09 13:45:04.214698,2026-02-09 14:30:04.214698,Mall,Hospital,23.21,509.78,Cash,Cancelled
R01681,C0395,D0269,2026-05-10 19:36:04.214736,2026-05-10 20:31:04.214736,Hospital,Bus Stand,13.38,306.84,Debit Card,Completed
R01682,C0368,D0014,2025-09-13 18:35:04.214774,2025-09-13 19:43:04.214774,Metro Station,City Center,6.69,158.42,Credit Card,Cancelled
R01683,C0203,D0280,2025-12-14 05:05:04.214814,2025-12-14 05:48:04.214814,Airport,Railway Station,11.21,286.78,Debit Card,Completed
R01684,C0799,D0298,2025-09-24 11:57:04.214853,2025-09-24 12:28:04.214853,IT Park,IT Park,29.88,624.84,UPI,Cancelled
R01685,C0053,D0057,2026-06-27 20:40:04.214893,2026-06-27 20:56:04.214893,Railway Station,Metro Station,6.58,141.44,Cash,Completed
R01686,C0155,D0177,2026-02-14 17:22:04.214929,2026-02-14 17:40:04.214929,Residential Area,Mall,8.44,225.92,Credit Card,Completed
R01687,C0072,D0284,2026-05-12 22:02:04.214963,2026-05-12 22:36:04.214963,Residential Area,Bus Stand,7.35,193.3,Credit Card,Cancelled
R01688,C0941,D0001,2026-07-25 08:02:04.215009,2026-07-25 09:11:04.215009,City Center,Airport,15.41,373.38,Cash,Cancelled
R01689,C0941,D0097,2026-05-25 23:38:04.215048,2026-05-26 01:04:04.215048,Metro Station,Residential Area,21.24,464.32,Debit Card,Cancelled
R01690,C0629,D0476,2026-02-22 01:21:04.215096,2026-02-22 02:23:04.215096,Railway Station,Airport,4.77,145.86,Debit Card,Cancelled
R01691,C0461,D0246,2025-08-23 19:07:04.215134,2025-08-23 19:45:04.215134,IT Park,Mall,20.49,396.82,Credit Card,Completed
R01692,C0329,D0430,2026-02-20 05:04:04.215172,2026-02-20 06:07:04.215172,Residential Area,Mall,28.16,536.88,Debit Card,Completed
R01693,C0267,D0095,2026-02-25 02:37:04.215207,2026-02-25 03:06:04.215207,IT Park,Metro Station,10.23,280.14,UPI,Cancelled
R01694,C0172,D0233,2026-05-20 12:45:04.215262,2026-05-20 13:05:04.215262,Mall,Bus Stand,13.62,339.16,Credit Card,Cancelled
R01695,C0110,D0452,2026-06-20 14:20:04.215300,2026-06-20 14:43:04.215300,IT Park,Bus Stand,3.27,101.86,Cash,Completed
R01696,C0964,D0303,2025-10-01 14:44:04.215340,2025-10-01 16:04:04.215340,Bus Stand,IT Park,15.35,349.3,UPI,Completed
R01697,C0231,D0058,2026-06-07 14:55:04.215381,2026-06-07 15:31:04.215381,Railway Station,IT Park,27.59,519.62,Cash,Cancelled
R01698,C0984,D0216,2026-04-11 21:54:04.215428,2026-04-11 22:23:04.215428,IT Park,Residential Area,4.92,115.56,Credit Card,Completed
R01699,C0230,D0396,2026-04-10 07:31:04.215470,2026-04-10 08:51:04.215470,Metro Station,City Center,22.33,462.94,UPI,Completed
R01700,C0533,D0203,2026-05-19 12:01:04.215511,2026-05-19 12:27:04.215511,Railway Station,Metro Station,22.74,445.32,Cash,Completed
R01701,C0340,D0035,2025-09-26 07:45:04.215548,2025-09-26 08:11:04.215548,Railway Station,Railway Station,7.68,228.24,Debit Card,Cancelled
R01702,C0745,D0242,2026-07-18 14:32:04.215586,2026-07-18 15:40:04.215586,Railway Station,University,22.79,469.22,Credit Card,Cancelled
R01703,C0515,D0257,2026-07-09 12:02:04.215624,2026-07-09 12:20:04.215624,Hospital,University,26.62,503.16,Cash,Cancelled
R01704,C0190,D0404,2026-01-04 19:31:04.215672,2026-01-04 19:42:04.215672,Bus Stand,Residential Area,4.28,160.04,Debit Card,Completed
R01705,C0773,D0462,2026-03-03 08:38:04.215712,2026-03-03 09:21:04.215712,Metro Station,City Center,4.27,157.86,Debit Card,Cancelled
R01706,C0391,D0365,2026-03-28 02:35:04.215749,2026-03-28 03:07:04.215749,Residential Area,City Center,18.05,381.9,Cash,Completed
R01707,C0940,D0014,2025-10-18 07:31:04.215787,2025-10-18 08:35:04.215787,Railway Station,Mall,9.13,228.34,UPI,Completed
R01708,C0694,D0382,2025-09-23 11:12:04.215837,2025-09-23 12:37:04.215837,City Center,Hospital,10.72,264.96,Cash,Cancelled
R01709,C0083,D0106,2026-07-27 14:45:04.215879,2026-07-27 16:05:04.215879,Railway Station,Residential Area,19.16,380.88,Credit Card,Completed
R01710,C0169,D0072,2026-04-04 01:18:04.215919,2026-04-04 02:07:04.215919,Metro Station,Mall,3.5,139.0,Debit Card,Cancelled
R01711,C0023,D0228,2025-09-08 13:41:04.215958,2025-09-08 15:03:04.215958,IT Park,City Center,13.2,296.6,Credit Card,Completed
R01712,C0017,D0299,2025-08-27 02:23:04.215998,2025-08-27 03:01:04.215998,City Center,Mall,16.96,356.28,Cash,Cancelled
R01713,C0634,D0099,2025-12-20 09:46:04.216046,2025-12-20 10:53:04.216046,Metro Station,Bus Stand,5.72,160.96,UPI,Completed
R01714,C0936,D0097,2025-10-08 02:55:04.216096,2025-10-08 03:11:04.216096,IT Park,Metro Station,18.8,425.4,Cash,Cancelled
R01715,C0248,D0500,2025-11-08 21:00:04.216137,2025-11-08 21:51:04.216137,City Center,Airport,14.89,318.02,UPI,Cancelled
R01716,C0335,D0405,2026-07-05 11:35:04.216176,2026-07-05 12:00:04.216176,Railway Station,Metro Station,18.56,406.08,Credit Card,Completed
R01717,C0989,D0407,2025-09-30 15:57:04.216231,2025-09-30 17:07:04.216231,Railway Station,Hospital,22.15,475.7,UPI,Cancelled
R01718,C0498,D0169,2026-03-01 01:40:04.216275,2026-03-01 02:44:04.216275,Bus Stand,City Center,28.29,560.22,Cash,Completed
R01719,C0232,D0332,2026-03-22 09:48:04.216310,2026-03-22 10:03:04.216310,Hospital,Railway Station,25.92,527.56,Credit Card,Completed
R01720,C0862,D0472,2026-03-19 13:40:04.216347,2026-03-19 14:05:04.216347,Residential Area,IT Park,7.6,216.8,UPI,Cancelled
R01721,C0471,D0475,2025-11-27 19:17:04.216384,2025-11-27 19:28:04.216384,University,Residential Area,6.15,137.7,Credit Card,Completed
R01722,C0790,D0100,2026-06-24 16:24:04.216420,2026-06-24 17:35:04.216420,Metro Station,University,7.54,192.72,Cash,Completed
R01723,C0095,D0316,2026-05-04 04:32:04.216452,2026-05-04 05:49:04.216452,Hospital,City Center,12.89,312.02,Cash,Completed
R01724,C0834,D0179,2026-07-05 17:41:04.216485,2026-07-05 18:32:04.216485,Airport,IT Park,28.82,591.76,Debit Card,Cancelled
R01725,C0279,D0325,2026-04-27 07:04:04.216519,2026-04-27 08:08:04.216519,Residential Area,Mall,19.15,421.7,Cash,Cancelled
R01726,C0225,D0422,2026-06-10 13:27:04.216552,2026-06-10 13:38:04.216552,Mall,IT Park,7.4,206.2,Debit Card,Cancelled
R01727,C0942,D0378,2025-12-16 08:05:04.216587,2025-12-16 08:56:04.216587,Metro Station,IT Park,3.8,162.4,Debit Card,Cancelled
R01728,C0365,D0207,2025-08-25 09:37:04.216627,2025-08-25 10:11:04.216627,Hospital,University,29.97,594.46,Debit Card,Cancelled
R01729,C0250,D0478,2026-08-01 23:02:04.216666,2026-08-01 23:28:04.216666,Mall,IT Park,7.37,216.66,Cash,Completed
R01730,C0886,D0487,2026-02-24 10:53:04.216704,2026-02-24 11:50:04.216704,Mall,Hospital,24.79,515.22,UPI,Cancelled
R01731,C0129,D0443,2025-10-10 19:34:04.216740,2025-10-10 20:05:04.216740,Hospital,IT Park,16.32,384.76,Cash,Completed
R01732,C0897,D0043,2025-12-18 21:10:04.216786,2025-12-18 22:15:04.216786,Metro Station,Residential Area,27.15,549.7,Cash,Cancelled
R01733,C0629,D0343,2025-08-03 07:39:04.216822,2025-08-03 08:27:04.216822,Residential Area,Bus Stand,25.99,562.82,Credit Card,Completed
R01734,C0319,D0004,2025-12-19 01:14:04.216859,2025-12-19 02:10:04.216859,Hospital,University,26.69,534.42,Credit Card,Completed
R01735,C0614,D0085,2026-07-13 08:03:04.216893,2026-07-13 09:22:04.216893,Metro Station,Bus Stand,8.08,179.44,Cash,Completed
R01736,C0020,D0171,2026-05-29 00:05:04.216935,2026-05-29 00:51:04.216935,City Center,Hospital,20.86,475.48,Credit Card,Completed
R01737,C0538,D0485,2025-11-22 08:47:04.216970,2025-11-22 09:33:04.216970,Residential Area,Bus Stand,22.4,466.2,Cash,Completed
R01738,C0406,D0488,2026-05-16 14:40:04.217009,2026-05-16 15:31:04.217009,Metro Station,Bus Stand,15.02,324.36,Debit Card,Cancelled
R01739,C0486,D0313,2026-05-11 17:23:04.217044,2026-05-11 18:28:04.217044,University,City Center,24.84,533.12,Debit Card,Cancelled
R01740,C0311,D0314,2025-10-08 19:12:04.217076,2025-10-08 19:40:04.217076,Metro Station,Metro Station,15.45,341.1,Credit Card,Cancelled
R01741,C0240,D0187,2026-06-25 13:16:04.217148,2026-06-25 13:53:04.217148,Metro Station,IT Park,17.92,353.56,Credit Card,Completed
R01742,C0910,D0216,2025-08-23 01:19:04.217203,2025-08-23 01:56:04.217203,City Center,Bus Stand,21.56,415.08,Credit Card,Completed
R01743,C0018,D0422,2026-07-29 08:09:04.217254,2026-07-29 09:39:04.217254,Airport,Bus Stand,9.3,204.4,Credit Card,Completed
R01744,C0831,D0010,2025-12-02 18:35:04.217312,2025-12-02 19:08:04.217312,City Center,Mall,6.39,195.02,Debit Card,Completed
R01745,C0471,D0212,2026-07-09 21:07:04.217367,2026-07-09 22:24:04.217367,Bus Stand,City Center,11.57,288.26,UPI,Cancelled
R01746,C0489,D0216,2026-03-31 13:19:04.217401,2026-03-31 13:59:04.217401,IT Park,Railway Station,27.39,537.02,Cash,Cancelled
R01747,C0505,D0337,2025-12-14 09:23:04.217434,2025-12-14 10:15:04.217434,University,Residential Area,4.03,114.54,Credit Card,Completed
R01748,C0913,D0481,2026-03-13 03:33:04.217473,2026-03-13 04:36:04.217473,Bus Stand,Bus Stand,17.25,363.5,UPI,Cancelled
R01749,C0189,D0183,2026-06-22 08:35:04.217506,2026-06-22 09:52:04.217506,City Center,Residential Area,10.44,222.92,Debit Card,Completed
R01750,C0184,D0381,2025-10-12 06:13:04.217540,2025-10-12 07:28:04.217540,Railway Station,Metro Station,22.58,449.44,Cash,Completed
R01751,C0962,D0485,2026-04-08 02:58:04.217575,2026-04-08 03:51:04.217575,Mall,Metro Station,28.01,570.18,Cash,Cancelled
R01752,C0280,D0248,2026-01-31 21:34:04.217615,2026-01-31 22:07:04.217615,Railway Station,City Center,5.59,151.62,Credit Card,Completed
R01753,C0126,D0015,2026-06-02 05:42:04.217650,2026-06-02 06:09:04.217650,Hospital,Airport,27.75,569.5,Cash,Completed
R01754,C0204,D0325,2026-03-07 05:33:04.217685,2026-03-07 06:39:04.217685,Bus Stand,IT Park,3.35,95.3,UPI,Completed
R01755,C0541,D0457,2026-01-06 07:53:04.217721,2026-01-06 08:19:04.217721,University,Railway Station,29.57,618.26,Cash,Cancelled
R01756,C0464,D0240,2026-05-04 02:14:04.217755,2026-05-04 02:42:04.217755,Metro Station,Hospital,22.34,423.12,Debit Card,Completed
R01757,C0760,D0477,2025-09-11 03:22:04.217791,2025-09-11 04:00:04.217791,Railway Station,Airport,25.0,522.0,Credit Card,Completed
R01758,C0585,D0241,2025-12-16 09:46:04.217833,2025-12-16 10:18:04.217833,City Center,Airport,27.13,513.34,Credit Card,Cancelled
R01759,C0454,D0377,2026-04-02 21:08:04.217870,2026-04-02 21:40:04.217870,Metro Station,IT Park,15.17,319.06,Credit Card,Cancelled
R01760,C0390,D0144,2025-09-21 13:40:04.217908,2025-09-21 14:36:04.217908,Residential Area,Hospital,11.55,280.9,Cash,Completed
R01761,C0232,D0401,2026-05-01 21:33:04.217949,2026-05-01 23:02:04.217949,IT Park,Metro Station,13.53,264.54,Debit Card,Cancelled
R01762,C0107,D0093,2026-02-02 20:13:04.217986,2026-02-02 21:43:04.217986,Bus Stand,Hospital,19.1,421.8,Cash,Cancelled
R01763,C0704,D0072,2025-11-13 03:10:04.218021,2025-11-13 04:38:04.218021,Airport,Metro Station,22.1,450.8,Cash,Completed
R01764,C0308,D0345,2026-07-22 05:33:04.218057,2026-07-22 06:23:04.218057,City Center,University,7.82,179.76,Debit Card,Completed
R01765,C0629,D0332,2025-10-26 01:49:04.218104,2025-10-26 02:20:04.218104,Residential Area,Bus Stand,6.81,146.58,UPI,Cancelled
R01766,C0133,D0479,2025-11-17 20:39:04.218141,2025-11-17 22:09:04.218141,Bus Stand,Metro Station,7.27,156.86,Debit Card,Completed
R01767,C0456,D0038,2026-01-16 22:30:04.218175,2026-01-16 23:07:04.218175,Railway Station,Bus Stand,29.64,624.52,Cash,Cancelled
R01768,C0287,D0397,2025-11-05 13:53:04.218229,2025-11-05 14:10:04.218229,Bus Stand,Metro Station,3.3,125.4,UPI,Completed
R01769,C0407,D0195,2025-09-23 17:30:04.218271,2025-09-23 18:07:04.218271,Mall,Railway Station,17.37,380.66,UPI,Cancelled
R01770,C0839,D0214,2026-07-09 06:18:04.218307,2026-07-09 07:43:04.218307,Metro Station,Mall,24.42,535.56,Cash,Cancelled
R01771,C0047,D0422,2026-03-02 18:33:04.218342,2026-03-02 19:03:04.218342,Mall,IT Park,29.16,550.88,Debit Card,Cancelled
R01772,C0232,D0431,2026-05-23 02:30:04.218380,2026-05-23 03:02:04.218380,IT Park,Mall,3.04,149.72,Cash,Cancelled
R01773,C0196,D0362,2025-10-19 18:11:04.218416,2025-10-19 19:17:04.218416,University,Hospital,24.14,477.52,UPI,Cancelled
R01774,C0866,D0398,2026-02-13 04:47:04.218451,2026-02-13 05:41:04.218451,Airport,Bus Stand,15.36,376.48,UPI,Completed
R01775,C0335,D0054,2026-04-10 21:22:04.218487,2026-04-10 21:34:04.218487,Residential Area,City Center,3.15,150.7,Credit Card,Cancelled
R01776,C0925,D0312,2026-07-29 14:11:04.218530,2026-07-29 15:38:04.218530,University,IT Park,2.79,108.22,UPI,Completed
R01777,C0100,D0176,2026-03-14 04:23:04.218568,2026-03-14 04:59:04.218568,Airport,Bus Stand,23.77,492.86,Cash,Cancelled
R01778,C0344,D0205,2026-03-14 13:01:04.218610,2026-03-14 13:43:04.218610,Railway Station,Mall,26.17,552.06,Debit Card,Completed
R01779,C0321,D0215,2025-12-14 07:23:04.218648,2025-12-14 07:48:04.218648,IT Park,Airport,13.47,322.46,Credit Card,Completed
R01780,C0120,D0186,2026-07-11 23:22:04.218686,2026-07-11 23:52:04.218686,Airport,University,22.49,429.82,Cash,Cancelled
R01781,C0955,D0273,2026-01-31 05:39:04.218723,2026-01-31 07:07:04.218723,Bus Stand,Hospital,17.11,372.98,Debit Card,Cancelled
R01782,C0490,D0331,2025-11-17 03:17:04.218761,2025-11-17 04:34:04.218761,Airport,Residential Area,25.48,522.64,Cash,Cancelled
R01783,C0568,D0035,2026-03-21 07:33:04.218798,2026-03-21 07:54:04.218798,Bus Stand,Airport,6.16,185.88,UPI,Cancelled
R01784,C0118,D0088,2026-01-27 16:02:04.218833,2026-01-27 16:32:04.218833,University,IT Park,12.52,304.36,Credit Card,Cancelled
R01785,C0531,D0309,2025-11-16 05:05:04.218865,2025-11-16 06:17:04.218865,City Center,University,7.34,230.12,Cash,Completed
R01786,C0176,D0104,2026-01-13 22:41:04.218899,2026-01-13 23:11:04.218899,University,University,12.29,303.22,Credit Card,Cancelled
R01787,C0841,D0027,2025-08-11 23:37:04.218931,2025-08-12 00:32:04.218931,Mall,Mall,20.36,421.48,Cash,Cancelled
R01788,C0402,D0365,2026-06-02 19:30:04.218974,2026-06-02 20:54:04.218974,Railway Station,Residential Area,18.85,406.3,Credit Card,Completed
R01789,C0222,D0284,2025-12-26 10:13:04.219013,2025-12-26 11:32:04.219013,Railway Station,Mall,16.52,363.36,Credit Card,Cancelled
R01790,C0229,D0060,2025-11-12 04:16:04.219196,2025-11-12 05:39:04.219196,Railway Station,Residential Area,23.93,525.74,Cash,Cancelled
R01791,C0783,D0189,2026-07-15 22:34:04.219257,2026-07-15 23:52:04.219257,Airport,Airport,22.46,438.28,Cash,Cancelled
R01792,C0045,D0331,2025-12-12 14:04:04.219296,2025-12-12 14:42:04.219296,City Center,City Center,10.17,211.06,Credit Card,Cancelled
R01793,C0885,D0483,2026-03-04 15:30:04.219336,2026-03-04 16:12:04.219336,Metro Station,University,23.4,453.2,Cash,Cancelled
R01794,C0217,D0384,2025-08-26 17:23:04.219374,2025-08-26 17:36:04.219374,Bus Stand,Railway Station,27.51,553.18,Credit Card,Cancelled
R01795,C0555,D0174,2025-09-16 15:02:04.219412,2025-09-16 15:40:04.219412,Mall,Residential Area,12.9,264.2,Cash,Completed
R01796,C0344,D0144,2026-02-27 06:02:04.219450,2026-02-27 06:42:04.219450,Residential Area,University,25.54,486.72,Credit Card,Completed
R01797,C0848,D0378,2025-11-15 19:35:04.219487,2025-11-15 20:27:04.219487,Mall,City Center,10.43,213.74,Debit Card,Completed
R01798,C0411,D0107,2026-06-03 11:03:04.219531,2026-06-03 12:25:04.219531,Metro Station,Hospital,18.48,427.64,UPI,Cancelled
R01799,C0428,D0262,2025-10-27 09:36:04.219569,2025-10-27 10:44:04.219569,Mall,Airport,17.41,387.38,UPI,Cancelled
R01800,C0012,D0409,2026-06-22 12:28:04.219608,2026-06-22 13:26:04.219608,Hospital,IT Park,21.83,486.94,Debit Card,Completed
R01801,C0330,D0127,2026-07-04 17:50:04.219646,2026-07-04 18:58:04.219646,University,IT Park,18.71,433.78,Credit Card,Cancelled
R01802,C0535,D0318,2026-04-15 10:46:04.219686,2026-04-15 11:53:04.219686,City Center,IT Park,8.14,219.52,UPI,Completed
R01803,C0070,D0050,2026-02-22 17:47:04.219725,2026-02-22 17:57:04.219725,Airport,University,29.42,596.56,Cash,Completed
R01804,C0896,D0336,2026-01-27 12:33:04.219764,2026-01-27 13:37:04.219764,Mall,University,3.62,85.16,Cash,Completed
R01805,C0257,D0330,2025-08-08 11:07:04.219804,2025-08-08 12:02:04.219804,University,Railway Station,12.93,318.74,UPI,Completed
R01806,C0413,D0052,2025-11-28 09:38:04.219845,2025-11-28 10:25:04.219845,Metro Station,Bus Stand,2.23,126.14,Credit Card,Completed
R01807,C0445,D0277,2026-05-02 18:23:04.219882,2026-05-02 19:51:04.219882,Airport,Metro Station,28.13,531.34,Cash,Completed
R01808,C0602,D0313,2026-07-01 00:56:04.219928,2026-07-01 02:01:04.219928,City Center,Residential Area,10.66,246.88,Cash,Cancelled
R01809,C0275,D0487,2026-03-17 05:54:04.219966,2026-03-17 06:45:04.219966,University,University,11.49,268.82,Debit Card,Cancelled
R01810,C0643,D0369,2026-01-04 16:59:04.220003,2026-01-04 17:35:04.220003,City Center,Metro Station,29.91,583.38,Credit Card,Completed
R01811,C0354,D0310,2026-03-23 04:50:04.220042,2026-03-23 05:39:04.220042,Metro Station,Mall,8.26,207.68,Debit Card,Cancelled
R01812,C0456,D0296,2025-11-27 13:06:04.220077,2025-11-27 14:06:04.220077,Metro Station,University,2.8,80.4,Debit Card,Cancelled
R01813,C0844,D0195,2026-05-29 17:52:04.220127,2026-05-29 18:08:04.220127,IT Park,City Center,22.24,450.32,Debit Card,Cancelled
R01814,C0388,D0124,2026-03-27 14:21:04.220166,2026-03-27 14:31:04.220166,Railway Station,University,26.29,561.22,Debit Card,Cancelled
R01815,C0197,D0273,2025-10-22 10:30:04.220207,2025-10-22 11:53:04.220207,Mall,Hospital,6.35,202.3,Cash,Completed
R01816,C0576,D0091,2025-08-23 00:51:04.220282,2025-08-23 01:40:04.220282,Airport,Bus Stand,6.68,202.24,Credit Card,Completed
R01817,C0468,D0392,2026-07-22 15:17:04.220324,2026-07-22 16:20:04.220324,Airport,Railway Station,3.27,124.86,Cash,Cancelled
R01818,C0056,D0312,2026-07-13 15:34:04.220374,2026-07-13 16:58:04.220374,IT Park,IT Park,12.07,269.26,Credit Card,Completed
R01819,C0867,D0438,2026-03-13 08:23:04.220415,2026-03-13 08:40:04.220415,City Center,Bus Stand,27.05,577.9,Debit Card,Completed
R01820,C0106,D0395,2026-07-06 05:39:04.220453,2026-07-06 06:40:04.220453,Railway Station,Residential Area,8.19,198.42,Debit Card,Cancelled
R01821,C0797,D0326,2026-05-31 01:10:04.220493,2026-05-31 01:27:04.220493,Hospital,City Center,16.47,333.46,Cash,Cancelled
R01822,C0408,D0268,2025-09-21 11:10:04.220531,2025-09-21 11:21:04.220531,University,Metro Station,15.67,306.06,Credit Card,Completed
R01823,C0160,D0373,2026-07-09 10:49:04.220570,2026-07-09 11:48:04.220570,Residential Area,Hospital,17.51,408.18,Credit Card,Cancelled
R01824,C0457,D0227,2026-02-18 07:02:04.220611,2026-02-18 07:48:04.220611,University,Residential Area,15.05,350.9,Credit Card,Completed
R01825,C0238,D0149,2026-04-19 11:19:04.220649,2026-04-19 12:40:04.220649,City Center,IT Park,15.29,302.22,Credit Card,Cancelled
R01826,C0199,D0400,2026-01-11 00:47:04.220687,2026-01-11 01:29:04.220687,Residential Area,Airport,23.01,467.18,Debit Card,Cancelled
R01827,C0746,D0167,2025-09-01 13:59:04.220728,2025-09-01 15:05:04.220728,Airport,Hospital,29.9,583.2,Cash,Cancelled
R01828,C0635,D0132,2026-07-02 14:16:04.220777,2026-07-02 14:40:04.220777,Airport,Metro Station,17.24,339.32,UPI,Completed
R01829,C0761,D0240,2026-04-10 02:37:04.220819,2026-04-10 03:07:04.220819,IT Park,Bus Stand,26.53,512.54,Credit Card,Cancelled
R01830,C0364,D0177,2026-06-26 15:04:04.220858,2026-06-26 16:22:04.220858,Bus Stand,Bus Stand,22.85,482.3,UPI,Completed
R01831,C0385,D0051,2026-07-16 17:37:04.220899,2026-07-16 18:36:04.220899,Metro Station,Airport,8.65,254.7,Credit Card,Cancelled
R01832,C0503,D0089,2026-06-22 07:58:04.220937,2026-06-22 08:35:04.220937,Hospital,Residential Area,24.77,468.86,Cash,Completed
R01833,C0698,D0377,2025-12-21 07:17:04.220975,2025-12-21 07:46:04.220975,Railway Station,IT Park,29.83,579.94,Debit Card,Completed
R01834,C0109,D0356,2026-03-31 15:35:04.221012,2026-03-31 16:41:04.221012,Residential Area,Hospital,22.34,479.12,Credit Card,Completed
R01835,C0569,D0377,2025-09-06 18:08:04.221048,2025-09-06 18:24:04.221048,Bus Stand,University,11.87,271.66,UPI,Completed
R01836,C0002,D0096,2026-04-25 13:17:04.221097,2026-04-25 13:53:04.221097,Mall,Metro Station,3.85,159.3,Credit Card,Completed
R01837,C0931,D0118,2025-09-15 04:15:04.221136,2025-09-15 05:27:04.221136,Hospital,Metro Station,7.83,185.94,Cash,Completed
R01838,C0492,D0135,2025-08-04 09:10:04.221182,2025-08-04 09:23:04.221182,Railway Station,Metro Station,4.46,134.28,Cash,Cancelled
R01839,C0957,D0285,2025-12-13 14:50:04.221238,2025-12-13 15:15:04.221238,Airport,University,27.75,572.5,UPI,Completed
R01840,C0989,D0181,2025-10-23 21:44:04.221282,2025-10-23 22:44:04.221282,Railway Station,Mall,2.09,134.62,Debit Card,Cancelled
R01841,C0693,D0100,2025-09-02 03:55:04.221318,2025-09-02 04:50:04.221318,University,Bus Stand,11.44,229.92,Debit Card,Cancelled
R01842,C0484,D0305,2026-07-12 02:56:04.221357,2026-07-12 03:33:04.221357,Railway Station,Bus Stand,22.95,506.1,Credit Card,Completed
R01843,C0001,D0279,2025-09-12 06:55:04.221393,2025-09-12 07:09:04.221393,Airport,University,7.88,204.84,Debit Card,Cancelled
R01844,C0193,D0345,2025-11-13 16:52:04.221432,2025-11-13 17:58:04.221432,Railway Station,Airport,21.78,471.04,Cash,Completed
R01845,C0539,D0139,2025-08-13 04:40:04.221468,2025-08-13 05:09:04.221468,Metro Station,Mall,19.59,445.62,UPI,Cancelled
R01846,C0101,D0478,2026-03-08 16:35:04.221513,2026-03-08 17:11:04.221513,IT Park,City Center,29.41,565.38,Credit Card,Cancelled
R01847,C0673,D0391,2026-03-27 13:57:04.221552,2026-03-27 14:10:04.221552,City Center,Metro Station,15.49,352.82,UPI,Completed
R01848,C0209,D0137,2025-12-05 07:29:04.221596,2025-12-05 08:57:04.221596,Residential Area,Hospital,7.88,204.84,Credit Card,Completed
R01849,C0118,D0418,2026-03-28 19:31:04.221635,2026-03-28 19:43:04.221635,Metro Station,Metro Station,29.06,595.08,Cash,Completed
R01850,C0617,D0204,2025-11-18 08:44:04.221672,2025-11-18 09:22:04.221672,Hospital,IT Park,10.88,239.84,Debit Card,Cancelled
R01851,C0799,D0247,2026-05-10 13:50:04.221709,2026-05-10 14:44:04.221709,Railway Station,Hospital,11.92,270.56,UPI,Completed
R01852,C0464,D0191,2026-06-11 13:41:04.221744,2026-06-11 15:08:04.221744,University,IT Park,20.21,455.78,Debit Card,Completed
R01853,C0965,D0036,2026-02-19 07:47:04.221779,2026-02-19 08:53:04.221779,Mall,Railway Station,24.09,506.62,Cash,Cancelled
R01854,C0125,D0391,2026-07-15 06:37:04.221814,2026-07-15 07:03:04.221814,Bus Stand,Airport,9.83,232.94,Cash,Cancelled
R01855,C0065,D0160,2026-06-08 13:59:04.222068,2026-06-08 14:49:04.222068,Railway Station,Airport,2.63,91.34,UPI,Cancelled
R01856,C0385,D0219,2026-03-19 00:36:04.222123,2026-03-19 01:22:04.222123,Hospital,IT Park,18.03,368.54,Cash,Completed
R01857,C0686,D0424,2026-01-16 02:50:04.222160,2026-01-16 03:25:04.222160,Hospital,Residential Area,17.69,342.42,Credit Card,Cancelled
R01858,C0017,D0354,2025-08-20 07:17:04.222205,2025-08-20 08:13:04.222205,Metro Station,Railway Station,13.75,309.5,Cash,Completed
R01859,C0971,D0411,2026-02-17 12:57:04.222264,2026-02-17 14:19:04.222264,Residential Area,City Center,29.01,612.18,Cash,Completed
R01860,C0372,D0124,2026-03-27 14:17:04.222309,2026-03-27 15:37:04.222309,Hospital,IT Park,19.61,398.98,Credit Card,Cancelled
R01861,C0146,D0153,2026-03-21 21:07:04.222353,2026-03-21 22:00:04.222353,Mall,Airport,14.78,345.04,Credit Card,Completed
R01862,C0055,D0316,2026-01-08 19:43:04.222390,2026-01-08 20:22:04.222390,Metro Station,Railway Station,23.68,492.24,Credit Card,Completed
R01863,C0839,D0438,2026-07-03 11:07:04.222424,2026-07-03 11:19:04.222424,Mall,University,25.09,481.62,Cash,Cancelled
R01864,C0096,D0185,2026-03-09 02:49:04.222709,2026-03-09 03:06:04.222709,University,City Center,2.08,107.44,Debit Card,Completed
R01865,C0795,D0089,2026-01-10 07:30:04.222749,2026-01-10 07:49:04.222749,Metro Station,Bus Stand,23.13,466.34,Debit Card,Cancelled
R01866,C0719,D0006,2025-10-24 16:15:04.222786,2025-10-24 17:24:04.222786,Residential Area,Residential Area,29.71,561.78,Credit Card,Cancelled
R01867,C0077,D0077,2025-09-25 15:47:04.222826,2025-09-25 16:22:04.222826,Metro Station,City Center,16.77,391.86,UPI,Completed
R01868,C0228,D0255,2025-08-26 20:25:04.222869,2025-08-26 21:45:04.222869,Hospital,Hospital,24.2,460.6,Credit Card,Completed
R01869,C0649,D0118,2026-03-02 08:17:04.222906,2026-03-02 08:34:04.222906,Railway Station,Railway Station,6.81,151.58,UPI,Cancelled
R01870,C0028,D0311,2025-09-20 16:32:04.222940,2025-09-20 16:43:04.222940,Mall,Bus Stand,25.49,553.82,Cash,Cancelled
R01871,C0832,D0064,2025-10-17 11:14:04.222978,2025-10-17 11:25:04.222978,IT Park,Bus Stand,24.23,502.14,Debit Card,Cancelled
R01872,C0685,D0291,2025-12-27 00:16:04.223015,2025-12-27 01:28:04.223015,Residential Area,Airport,22.93,458.74,Debit Card,Completed
R01873,C0423,D0158,2025-11-28 05:38:04.223053,2025-11-28 06:50:04.223053,City Center,University,9.96,270.28,Credit Card,Completed
R01874,C0163,D0247,2026-03-20 02:17:04.223107,2026-03-20 03:31:04.223107,University,Metro Station,2.55,116.9,UPI,Cancelled
R01875,C0521,D0445,2025-12-08 04:33:04.223144,2025-12-08 05:52:04.223144,Airport,Railway Station,15.23,325.14,UPI,Cancelled
R01876,C0175,D0436,2026-07-26 01:52:04.223179,2026-07-26 02:04:04.223179,IT Park,Bus Stand,18.95,373.1,Credit Card,Cancelled
R01877,C0158,D0318,2025-09-30 06:21:04.223237,2025-09-30 07:11:04.223237,City Center,Railway Station,11.24,259.32,Debit Card,Completed
R01878,C0529,D0390,2026-02-15 10:42:04.223282,2026-02-15 12:00:04.223282,Metro Station,Airport,20.37,425.66,UPI,Completed
R01879,C0744,D0305,2025-12-25 18:45:04.223323,2025-12-25 19:54:04.223323,Bus Stand,Bus Stand,14.81,333.58,Credit Card,Cancelled
R01880,C0929,D0494,2026-05-05 12:30:04.223358,2026-05-05 13:02:04.223358,IT Park,Bus Stand,22.71,465.78,Credit Card,Completed
R01881,C0218,D0251,2025-11-22 03:11:04.223393,2025-11-22 04:23:04.223393,Residential Area,Residential Area,17.65,359.7,Debit Card,Cancelled
R01882,C0127,D0014,2025-10-19 00:05:04.223443,2025-10-19 01:13:04.223443,Airport,Railway Station,13.27,335.86,UPI,Completed
R01883,C0921,D0160,2025-12-08 01:23:04.223481,2025-12-08 02:01:04.223481,Metro Station,Bus Stand,28.55,538.9,Cash,Completed
R01884,C0648,D0106,2026-06-02 21:09:04.223518,2026-06-02 22:13:04.223518,Railway Station,Residential Area,11.75,233.5,UPI,Cancelled
R01885,C0254,D0266,2025-10-15 18:12:04.223555,2025-10-15 19:37:04.223555,Railway Station,Mall,7.19,155.42,Debit Card,Completed
R01886,C0155,D0419,2025-10-07 03:56:04.223590,2025-10-07 05:26:04.223590,Hospital,Residential Area,8.63,255.34,UPI,Cancelled
R01887,C0358,D0304,2025-08-03 00:06:04.223626,2025-08-03 00:25:04.223626,Bus Stand,Metro Station,3.66,122.88,UPI,Cancelled
R01888,C0178,D0322,2026-04-30 16:46:04.223666,2026-04-30 18:14:04.223666,University,University,9.66,244.88,Credit Card,Completed
R01889,C0701,D0163,2025-11-08 00:36:04.223701,2025-11-08 01:04:04.223701,University,Residential Area,26.89,518.02,Debit Card,Cancelled
R01890,C0791,D0136,2026-02-12 21:27:04.223759,2026-02-12 21:42:04.223759,Metro Station,Railway Station,7.9,238.2,UPI,Completed
R01891,C0915,D0112,2026-07-07 11:55:04.223823,2026-07-07 12:32:04.223823,Railway Station,Airport,28.42,599.56,Cash,Cancelled
R01892,C0722,D0271,2026-03-21 09:59:04.223879,2026-03-21 10:23:04.223879,Airport,Airport,12.93,290.74,Debit Card,Cancelled
R01893,C0904,D0173,2026-06-22 12:31:04.223935,2026-06-22 13:18:04.223935,University,Metro Station,17.89,384.02,Cash,Cancelled
R01894,C0503,D0376,2026-05-25 17:48:04.223999,2026-05-25 18:04:04.223999,Metro Station,University,16.19,388.42,Cash,Completed
R01895,C0456,D0045,2025-10-14 12:57:04.224034,2025-10-14 13:23:04.224034,Airport,Residential Area,11.22,296.96,Debit Card,Completed
R01896,C0057,D0045,2025-09-09 13:01:04.224068,2025-09-09 14:14:04.224068,Hospital,Metro Station,26.28,537.04,Cash,Cancelled
R01897,C0530,D0106,2025-10-10 19:56:04.224111,2025-10-10 20:22:04.224111,Mall,Residential Area,8.25,198.5,Debit Card,Completed
R01898,C0413,D0037,2025-12-12 12:57:04.224152,2025-12-12 13:57:04.224152,Hospital,Railway Station,11.23,290.14,Cash,Cancelled
R01899,C0691,D0476,2026-03-06 21:58:04.224191,2026-03-06 23:22:04.224191,IT Park,Railway Station,29.33,605.94,Cash,Cancelled
R01900,C0645,D0290,2025-08-24 06:09:04.224249,2025-08-24 07:12:04.224249,Residential Area,University,24.52,507.36,Credit Card,Completed
R01901,C0493,D0108,2025-08-30 06:09:04.224291,2025-08-30 07:35:04.224291,Railway Station,City Center,19.82,449.76,Credit Card,Completed
R01902,C0867,D0450,2026-07-20 13:07:04.224335,2026-07-20 13:55:04.224335,City Center,Residential Area,5.3,131.4,Cash,Completed
R01903,C0340,D0452,2026-07-14 14:16:04.224370,2026-07-14 14:53:04.224370,Metro Station,City Center,13.94,345.92,UPI,Completed
R01904,C0638,D0379,2025-10-23 04:37:04.224409,2025-10-23 05:08:04.224409,Residential Area,Metro Station,16.18,375.24,Credit Card,Completed
R01905,C0066,D0148,2026-04-08 10:30:04.224444,2026-04-08 11:51:04.224444,IT Park,Metro Station,9.55,238.9,UPI,Cancelled
R01906,C0279,D0302,2025-10-26 02:20:04.224480,2025-10-26 02:57:04.224480,Airport,City Center,4.67,183.06,Credit Card,Completed
R01907,C0747,D0292,2026-03-28 22:13:04.224515,2026-03-28 22:59:04.224515,University,Hospital,2.35,76.3,Debit Card,Completed
R01908,C0094,D0283,2026-05-09 17:26:04.224557,2026-05-09 18:25:04.224557,Metro Station,Airport,25.37,486.66,Cash,Cancelled
R01909,C0676,D0336,2025-10-20 13:12:04.224595,2025-10-20 14:17:04.224595,Hospital,University,25.68,508.24,Debit Card,Completed
R01910,C0304,D0073,2025-12-11 20:44:04.224631,2025-12-11 22:12:04.224631,Mall,Bus Stand,3.25,145.5,Cash,Completed
R01911,C0585,D0174,2025-10-02 08:39:04.224669,2025-10-02 08:56:04.224669,Residential Area,Hospital,6.32,135.76,Credit Card,Cancelled
R01912,C0870,D0360,2026-07-27 21:47:04.224705,2026-07-27 22:13:04.224705,University,Railway Station,5.56,125.08,UPI,Cancelled
R01913,C0058,D0204,2025-12-05 20:14:04.224741,2025-12-05 20:56:04.224741,IT Park,Residential Area,5.29,158.22,UPI,Completed
R01914,C0845,D0455,2026-02-17 02:41:04.224777,2026-02-17 03:22:04.224777,Mall,Railway Station,18.59,362.62,Debit Card,Completed
R01915,C0648,D0496,2026-03-20 12:25:04.224813,2026-03-20 12:57:04.224813,Residential Area,Railway Station,21.45,433.1,Cash,Cancelled
R01916,C0032,D0007,2025-11-21 03:27:04.224849,2025-11-21 04:45:04.224849,Railway Station,Airport,11.65,282.7,UPI,Cancelled
R01917,C0270,D0114,2026-04-05 15:18:04.224885,2026-04-05 15:28:04.224885,University,Mall,5.69,144.42,UPI,Completed
R01918,C0736,D0457,2026-03-17 17:31:04.224926,2026-03-17 18:53:04.224926,Mall,University,16.15,316.7,Cash,Completed
R01919,C0037,D0422,2026-01-20 18:49:04.224961,2026-01-20 19:23:04.224961,Residential Area,Mall,9.74,237.32,Debit Card,Cancelled
R01920,C0125,D0103,2026-01-25 06:10:04.224995,2026-01-25 07:04:04.224995,Bus Stand,Railway Station,13.19,259.42,Debit Card,Completed
R01921,C0529,D0309,2025-11-11 12:31:04.225031,2025-11-11 13:36:04.225031,Residential Area,Hospital,12.61,280.98,Debit Card,Completed
R01922,C0456,D0390,2026-05-19 13:10:04.225069,2026-05-19 14:00:04.225069,Mall,City Center,18.65,382.7,Credit Card,Cancelled
R01923,C0099,D0418,2026-02-19 10:54:04.225127,2026-02-19 11:34:04.225127,Railway Station,Metro Station,22.39,483.02,Cash,Cancelled
R01924,C0057,D0172,2025-10-22 03:11:04.225164,2025-10-22 04:38:04.225164,Bus Stand,Hospital,15.41,302.38,Debit Card,Cancelled
R01925,C0827,D0263,2026-03-04 02:33:04.225201,2026-03-04 03:44:04.225201,City Center,Residential Area,20.59,432.62,UPI,Cancelled
R01926,C0806,D0155,2025-11-11 16:46:04.225259,2025-11-11 17:46:04.225259,Metro Station,Metro Station,4.18,146.24,Debit Card,Cancelled
R01927,C0745,D0154,2026-02-09 18:50:04.225295,2026-02-09 20:00:04.225295,Mall,City Center,28.2,546.6,Debit Card,Completed
R01928,C0810,D0410,2026-02-21 22:47:04.225335,2026-02-21 23:11:04.225335,IT Park,Hospital,27.24,546.32,UPI,Cancelled
R01929,C0993,D0264,2026-01-17 19:38:04.225371,2026-01-17 20:18:04.225371,Bus Stand,Airport,24.91,493.38,Cash,Completed
R01930,C0305,D0175,2026-02-05 02:26:04.225405,2026-02-05 03:21:04.225405,Bus Stand,IT Park,29.32,623.76,Debit Card,Cancelled
R01931,C0844,D0043,2026-05-06 22:41:04.225448,2026-05-06 23:35:04.225448,City Center,Railway Station,3.83,100.94,Credit Card,Cancelled
R01932,C0586,D0155,2025-12-03 18:17:04.225482,2025-12-03 18:46:04.225482,IT Park,Bus Stand,11.57,286.26,Debit Card,Completed
R01933,C0552,D0184,2026-06-02 17:08:04.225515,2026-06-02 17:44:04.225515,Hospital,Airport,25.26,550.68,Credit Card,Cancelled
R01934,C0153,D0040,2026-05-29 10:58:04.225550,2026-05-29 11:38:04.225550,IT Park,Railway Station,12.34,282.12,UPI,Cancelled
R01935,C0221,D0299,2026-05-24 23:16:04.225585,2026-05-24 23:48:04.225585,IT Park,University,10.02,253.36,Debit Card,Completed
R01936,C0382,D0105,2025-08-13 01:00:04.225620,2025-08-13 01:59:04.225620,IT Park,Railway Station,17.91,350.38,Debit Card,Cancelled
R01937,C0557,D0435,2026-06-18 18:29:04.225654,2026-06-18 19:39:04.225654,University,Bus Stand,13.23,294.14,Cash,Cancelled
R01938,C0070,D0167,2025-10-14 00:50:04.225697,2025-10-14 01:41:04.225697,IT Park,Airport,12.76,303.68,Cash,Cancelled
R01939,C0155,D0112,2025-09-05 14:02:04.225737,2025-09-05 14:58:04.225737,Airport,Hospital,14.44,281.92,Credit Card,Completed
R01940,C0087,D0288,2026-02-18 13:25:04.225774,2026-02-18 14:10:04.225774,IT Park,Bus Stand,18.4,394.2,UPI,Cancelled
R01941,C0428,D0030,2025-09-24 14:09:04.225808,2025-09-24 14:50:04.225808,Bus Stand,Mall,7.18,156.24,Cash,Cancelled
R01942,C0567,D0497,2026-05-19 04:07:04.225843,2026-05-19 04:47:04.225843,Mall,Mall,28.4,577.2,Debit Card,Cancelled
R01943,C0928,D0116,2025-12-25 03:42:04.225906,2025-12-25 05:07:04.225906,Bus Stand,IT Park,26.0,490.0,Debit Card,Cancelled
R01944,C0586,D0321,2026-06-29 18:27:04.225947,2026-06-29 19:55:04.225947,University,Residential Area,10.71,273.78,Cash,Cancelled
R01945,C0452,D0180,2026-03-03 23:32:04.225984,2026-03-04 00:32:04.225984,Metro Station,Residential Area,22.74,430.32,Cash,Completed
R01946,C0261,D0313,2026-01-13 09:37:04.226019,2026-01-13 10:39:04.226019,Metro Station,University,25.16,524.88,UPI,Completed
R01947,C0579,D0494,2026-04-18 23:48:04.226055,2026-04-19 01:11:04.226055,Residential Area,Railway Station,21.93,442.74,Credit Card,Completed
R01948,C0389,D0169,2025-10-12 23:15:04.226108,2025-10-12 23:52:04.226108,Bus Stand,University,11.24,293.32,UPI,Completed
R01949,C0474,D0262,2025-10-05 08:52:04.226147,2025-10-05 09:52:04.226147,City Center,University,17.02,390.36,UPI,Cancelled
R01950,C0471,D0008,2025-12-02 23:47:04.226185,2025-12-03 01:14:04.226185,City Center,Hospital,28.91,618.38,Cash,Completed
R01951,C0654,D0338,2026-02-16 04:29:04.226240,2026-02-16 05:06:04.226240,Residential Area,Airport,26.49,551.82,UPI,Completed
R01952,C0115,D0220,2025-12-10 15:24:04.226277,2025-12-10 16:27:04.226277,Railway Station,City Center,8.49,180.82,UPI,Cancelled
R01953,C0282,D0417,2025-08-04 12:08:04.226311,2025-08-04 13:29:04.226311,University,IT Park,23.03,484.54,Debit Card,Cancelled
R01954,C0794,D0057,2026-05-08 00:09:04.226347,2026-05-08 01:23:04.226347,City Center,Mall,26.95,544.1,Cash,Cancelled
R01955,C0467,D0343,2025-09-27 09:12:04.226381,2025-09-27 10:27:04.226381,Mall,University,17.29,334.22,Debit Card,Cancelled
R01956,C0576,D0202,2026-08-02 08:01:04.226416,2026-08-02 08:56:04.226416,Residential Area,Airport,20.98,469.64,UPI,Completed
R01957,C0494,D0257,2026-04-11 00:41:04.226452,2026-04-11 01:59:04.226452,IT Park,Bus Stand,19.66,438.88,Credit Card,Completed
R01958,C0473,D0219,2026-05-28 09:25:04.226494,2026-05-28 10:39:04.226494,Mall,City Center,18.06,381.08,UPI,Completed
R01959,C0294,D0245,2026-03-25 03:58:04.226540,2026-03-25 04:44:04.226540,Bus Stand,Residential Area,16.61,331.98,Credit Card,Cancelled
R01960,C0007,D0200,2026-01-11 05:49:04.226580,2026-01-11 06:13:04.226580,Metro Station,Bus Stand,5.92,177.56,UPI,Completed
R01961,C0375,D0056,2025-11-26 08:16:04.226618,2025-11-26 09:17:04.226618,Bus Stand,Residential Area,23.73,505.14,Debit Card,Completed
R01962,C0724,D0322,2026-04-18 19:04:04.226654,2026-04-18 20:07:04.226654,Residential Area,Hospital,17.44,392.92,UPI,Cancelled
R01963,C0049,D0182,2025-11-16 07:55:04.226689,2025-11-16 08:37:04.226689,Hospital,Railway Station,9.01,249.18,Cash,Cancelled
R01964,C0043,D0386,2026-05-25 20:30:04.226727,2026-05-25 21:40:04.226727,City Center,IT Park,13.13,266.34,Debit Card,Cancelled
R01965,C0970,D0165,2026-01-05 08:03:04.226763,2026-01-05 08:38:04.226763,City Center,Mall,4.68,117.24,UPI,Completed
R01966,C0083,D0237,2026-02-07 23:37:04.226805,2026-02-08 00:47:04.226805,University,Mall,7.87,241.66,Credit Card,Cancelled
R01967,C0146,D0310,2026-01-28 09:29:04.226844,2026-01-28 10:15:04.226844,Mall,City Center,27.3,579.4,UPI,Cancelled
R01968,C0987,D0202,2026-03-19 23:01:04.226896,2026-03-20 00:27:04.226896,University,IT Park,18.51,413.18,Debit Card,Cancelled
R01969,C0735,D0303,2026-04-09 13:21:04.226953,2026-04-09 13:38:04.226953,Airport,Residential Area,11.22,288.96,Debit Card,Completed
R01970,C0245,D0382,2025-09-05 10:41:04.226993,2025-09-05 11:58:04.226993,Railway Station,Residential Area,22.6,426.8,Debit Card,Completed
R01971,C0955,D0063,2026-02-01 11:28:04.227030,2026-02-01 11:54:04.227030,Metro Station,City Center,14.5,348.0,Credit Card,Completed
R01972,C0096,D0192,2025-11-23 19:58:04.227067,2025-11-23 20:08:04.227067,Airport,IT Park,20.97,405.46,Credit Card,Cancelled
R01973,C0984,D0100,2026-07-15 17:26:04.227116,2026-07-15 18:38:04.227116,Mall,Mall,17.91,402.38,Cash,Completed
R01974,C0373,D0262,2025-08-05 12:31:04.227154,2025-08-05 14:00:04.227154,City Center,IT Park,6.32,189.76,Credit Card,Cancelled
R01975,C0529,D0147,2025-12-29 09:35:04.227190,2025-12-29 10:39:04.227190,IT Park,Airport,28.72,570.96,Credit Card,Cancelled
R01976,C0578,D0055,2025-10-14 16:33:04.227259,2025-10-14 17:02:04.227259,Mall,Airport,10.11,231.98,Debit Card,Completed
R01977,C0035,D0430,2025-09-03 17:28:04.227298,2025-09-03 17:49:04.227298,Railway Station,Residential Area,11.83,277.94,Cash,Completed
R01978,C0679,D0220,2025-11-21 19:32:04.227347,2025-11-21 20:33:04.227347,Hospital,Airport,13.45,263.1,Debit Card,Cancelled
R01979,C0675,D0298,2025-12-15 20:54:04.227385,2025-12-15 21:40:04.227385,Bus Stand,IT Park,8.97,185.46,UPI,Completed
R01980,C0866,D0308,2025-11-18 23:51:04.227420,2025-11-19 01:21:04.227420,Mall,Hospital,17.06,385.08,UPI,Completed
R01981,C0741,D0117,2025-11-23 16:06:04.227456,2025-11-23 16:32:04.227456,City Center,Airport,22.59,468.62,Credit Card,Cancelled
R01982,C0319,D0464,2025-08-20 20:55:04.227493,2025-08-20 21:53:04.227493,Railway Station,Mall,29.19,588.42,Cash,Completed
R01983,C0975,D0384,2025-11-03 09:05:04.227530,2025-11-03 09:46:04.227530,IT Park,Metro Station,10.92,250.56,Debit Card,Cancelled
R01984,C0765,D0490,2026-02-02 21:00:04.227569,2026-02-02 21:59:04.227569,Airport,IT Park,9.36,211.48,Debit Card,Cancelled
R01985,C0098,D0204,2026-05-29 04:43:04.227604,2026-05-29 05:02:04.227604,Residential Area,Bus Stand,11.39,241.02,Credit Card,Completed
R01986,C0164,D0265,2025-08-17 22:19:04.227640,2025-08-17 23:06:04.227640,Bus Stand,Bus Stand,15.37,350.66,UPI,Cancelled
R01987,C0346,D0346,2025-10-29 18:36:04.227688,2025-10-29 18:56:04.227688,Mall,University,29.84,621.12,Debit Card,Cancelled
R01988,C0740,D0447,2025-09-15 22:29:04.227726,2025-09-15 22:55:04.227726,Railway Station,Bus Stand,27.33,583.94,Debit Card,Completed
R01989,C0482,D0326,2026-02-12 21:02:04.227761,2026-02-12 21:38:04.227761,Mall,Bus Stand,27.03,584.54,Cash,Completed
R01990,C0642,D0082,2026-06-22 13:56:04.227793,2026-06-22 15:00:04.227793,IT Park,IT Park,10.41,226.38,Credit Card,Completed
R01991,C0148,D0344,2026-03-07 06:43:04.227826,2026-03-07 08:02:04.227826,IT Park,IT Park,13.39,279.02,Debit Card,Cancelled
R01992,C0312,D0321,2026-03-06 14:02:04.227859,2026-03-06 15:06:04.227859,City Center,University,5.7,201.6,UPI,Cancelled
R01993,C0954,D0323,2025-12-14 05:46:04.227895,2025-12-14 07:07:04.227895,University,University,13.26,272.68,Cash,Completed
R01994,C0588,D0171,2026-03-12 13:12:04.227930,2026-03-12 14:28:04.227930,Airport,Metro Station,12.06,299.08,Debit Card,Completed
R01995,C0615,D0423,2025-11-06 19:20:04.227967,2025-11-06 20:01:04.227967,Metro Station,Railway Station,11.58,266.44,UPI,Cancelled
R01996,C0784,D0280,2026-01-18 13:19:04.228003,2026-01-18 14:06:04.228003,Metro Station,Railway Station,26.66,570.88,UPI,Cancelled
R01997,C0434,D0215,2025-11-26 17:56:04.228039,2025-11-26 18:11:04.228039,Airport,Mall,17.34,332.12,UPI,Cancelled
R01998,C0395,D0113,2025-08-26 11:53:04.228094,2025-08-26 13:07:04.228094,Residential Area,Airport,27.18,566.24,Cash,Completed
R01999,C0877,D0372,2025-08-18 10:12:04.228137,2025-08-18 11:22:04.228137,IT Park,IT Park,29.43,604.74,Debit Card,Completed
R02000,C0082,D0196,2026-06-25 03:15:04.228173,2026-06-25 04:36:04.228173,Railway Station,Residential Area,18.52,379.36,Credit Card,Completed
R02001,C0585,D0347,2026-07-16 02:46:04.228223,2026-07-16 04:15:04.228223,Hospital,Metro Station,13.76,312.68,Cash,Completed
R02002,C0306,D0069,2025-10-26 20:38:04.228262,2025-10-26 21:52:04.228262,Bus Stand,Mall,20.64,459.52,Debit Card,Completed
R02003,C0410,D0053,2026-04-10 12:07:04.228299,2026-04-10 13:28:04.228299,Railway Station,Residential Area,15.06,332.08,Debit Card,Completed
R02004,C0477,D0106,2025-08-20 13:59:04.228334,2025-08-20 14:33:04.228334,City Center,Metro Station,22.56,428.08,Cash,Completed
R02005,C0851,D0444,2026-07-23 11:46:04.228369,2026-07-23 12:33:04.228369,Airport,Mall,29.31,558.58,Cash,Completed
R02006,C0564,D0136,2025-12-18 08:18:04.228406,2025-12-18 09:07:04.228406,Railway Station,IT Park,20.03,430.54,Debit Card,Completed
R02007,C0406,D0215,2026-06-24 02:15:04.228450,2026-06-24 02:38:04.228450,City Center,City Center,15.36,326.48,Cash,Completed
R02008,C0447,D0387,2026-06-11 21:22:04.228492,2026-06-11 21:55:04.228492,Mall,University,5.59,177.62,Cash,Completed
R02009,C0371,D0156,2026-02-14 07:46:04.228530,2026-02-14 07:56:04.228530,Railway Station,Hospital,5.43,135.74,Debit Card,Cancelled
R02010,C0699,D0329,2026-01-13 12:25:04.228566,2026-01-13 13:09:04.228566,Airport,Mall,12.55,307.9,Credit Card,Cancelled
R02011,C0745,D0434,2026-02-23 03:58:04.228602,2026-02-23 04:27:04.228602,Metro Station,Railway Station,4.9,118.2,UPI,Cancelled
R02012,C0781,D0287,2026-06-24 02:20:04.228637,2026-06-24 02:32:04.228637,Mall,Bus Stand,20.66,456.88,Debit Card,Completed
R02013,C0595,D0282,2026-01-18 19:41:04.228674,2026-01-18 20:31:04.228674,Hospital,Residential Area,19.12,391.16,Cash,Completed
R02014,C0031,D0110,2025-08-31 11:35:04.228713,2025-08-31 11:52:04.228713,University,University,9.14,223.52,Cash,Cancelled
R02015,C0840,D0334,2026-05-15 10:19:04.228753,2026-05-15 10:59:04.228753,Hospital,University,18.35,356.3,Credit Card,Cancelled
R02016,C0237,D0335,2026-03-02 01:42:04.228800,2026-03-02 03:05:04.228800,Mall,Mall,12.98,320.64,UPI,Cancelled
R02017,C0425,D0471,2025-08-11 21:22:04.228841,2025-08-11 22:41:04.228841,Metro Station,Bus Stand,29.19,599.42,Cash,Cancelled
R02018,C0645,D0177,2026-02-05 22:46:04.228885,2026-02-05 23:04:04.228885,Airport,Railway Station,7.51,235.18,Credit Card,Completed
R02019,C0801,D0286,2026-04-22 04:46:04.228929,2026-04-22 05:39:04.228929,Residential Area,University,18.36,410.48,Credit Card,Cancelled
R02020,C0766,D0451,2026-04-24 21:53:04.228971,2026-04-24 22:04:04.228971,Airport,Residential Area,2.57,73.26,Credit Card,Completed
R02021,C0733,D0101,2026-05-22 10:21:04.229012,2026-05-22 11:17:04.229012,Airport,IT Park,5.64,173.52,UPI,Completed
R02022,C0082,D0350,2025-09-10 02:28:04.229053,2025-09-10 03:38:04.229053,University,Metro Station,22.8,439.4,Cash,Cancelled
R02023,C0742,D0372,2025-09-24 02:20:04.229107,2025-09-24 03:01:04.229107,Airport,Railway Station,9.13,190.34,UPI,Cancelled
R02024,C0486,D0186,2026-07-20 09:12:04.229149,2026-07-20 10:00:04.229149,Hospital,University,20.18,438.24,Debit Card,Completed
R02025,C0680,D0329,2025-09-26 05:39:04.229190,2025-09-26 05:54:04.229190,University,University,6.77,142.86,UPI,Completed
R02026,C0065,D0374,2025-12-09 16:19:04.229256,2025-12-09 17:30:04.229256,Residential Area,City Center,23.17,502.06,UPI,Cancelled
R02027,C0140,D0375,2026-06-16 17:38:04.229296,2026-06-16 17:59:04.229296,Mall,University,16.5,357.0,Debit Card,Cancelled
R02028,C0403,D0450,2026-04-20 05:09:04.229341,2026-04-20 06:04:04.229341,Railway Station,Bus Stand,29.21,603.78,Debit Card,Cancelled
R02029,C0583,D0448,2026-03-26 12:45:04.229381,2026-03-26 13:38:04.229381,City Center,Metro Station,7.78,171.04,UPI,Cancelled
R02030,C0775,D0108,2025-09-02 20:35:04.229417,2025-09-02 20:56:04.229417,Metro Station,Residential Area,22.11,488.98,Debit Card,Completed
R02031,C0926,D0387,2025-11-07 13:07:04.229460,2025-11-07 13:49:04.229460,Railway Station,Airport,6.87,178.66,Debit Card,Cancelled
R02032,C0352,D0063,2025-08-07 19:28:04.229499,2025-08-07 20:09:04.229499,Mall,Hospital,14.3,344.4,Cash,Completed
R02033,C0595,D0066,2026-07-17 13:09:04.229536,2026-07-17 14:19:04.229536,Metro Station,Hospital,3.18,154.24,UPI,Cancelled
R02034,C0057,D0291,2025-09-07 18:20:04.229574,2025-09-07 19:13:04.229574,Mall,Hospital,19.24,387.32,UPI,Cancelled
R02035,C0205,D0493,2025-10-16 17:12:04.229610,2025-10-16 17:35:04.229610,City Center,Residential Area,28.3,584.4,Debit Card,Cancelled
R02036,C0972,D0026,2025-08-28 10:26:04.229648,2025-08-28 11:11:04.229648,City Center,Railway Station,17.57,401.26,Cash,Completed
R02037,C0753,D0265,2025-11-09 03:23:04.229686,2025-11-09 04:17:04.229686,Residential Area,Airport,27.9,557.2,Credit Card,Completed
R02038,C0861,D0434,2026-01-29 20:46:04.229735,2026-01-29 21:37:04.229735,Metro Station,Mall,4.32,120.76,Credit Card,Completed
R02039,C0693,D0044,2026-07-19 22:48:04.229775,2026-07-19 23:47:04.229775,Bus Stand,Railway Station,25.95,497.1,UPI,Completed
R02040,C0851,D0190,2026-06-28 15:15:04.229813,2026-06-28 16:10:04.229813,Bus Stand,Residential Area,8.68,188.24,Debit Card,Cancelled
R02041,C0590,D0314,2026-01-15 11:31:04.229850,2026-01-15 12:44:04.229850,University,City Center,26.97,521.46,Debit Card,Completed
R02042,C0476,D0348,2026-05-04 20:40:04.229888,2026-05-04 21:25:04.229888,IT Park,IT Park,7.07,203.26,Credit Card,Cancelled
R02043,C0992,D0333,2026-04-18 01:29:04.229924,2026-04-18 02:40:04.229924,Railway Station,Railway Station,4.59,179.62,Debit Card,Completed
R02044,C0429,D0081,2026-05-01 06:27:04.229969,2026-05-01 07:40:04.229969,IT Park,Bus Stand,20.82,438.76,Credit Card,Completed
R02045,C0047,D0039,2025-08-09 22:37:04.230007,2025-08-10 00:03:04.230007,Airport,Metro Station,29.2,625.6,Cash,Cancelled
R02046,C0620,D0220,2026-07-10 05:41:04.230045,2026-07-10 06:48:04.230045,IT Park,Railway Station,8.73,187.14,Debit Card,Cancelled
R02047,C0618,D0133,2025-11-12 20:03:04.230094,2025-11-12 21:07:04.230094,Mall,City Center,10.97,294.46,Cash,Cancelled
R02048,C0431,D0156,2026-07-27 08:16:04.230141,2026-07-27 08:38:04.230141,Airport,Hospital,7.25,191.5,Cash,Cancelled
R02049,C0463,D0234,2025-10-12 03:44:04.230180,2025-10-12 04:21:04.230180,City Center,Hospital,9.61,248.98,Credit Card,Cancelled
R02050,C0125,D0210,2026-05-05 15:03:04.230237,2026-05-05 15:37:04.230237,City Center,Metro Station,14.69,347.42,Cash,Completed
R02051,C0432,D0036,2025-10-10 06:15:04.230275,2025-10-10 07:26:04.230275,Airport,IT Park,5.73,202.14,Debit Card,Completed
R02052,C0626,D0487,2026-03-21 05:41:04.230309,2026-03-21 06:36:04.230309,Mall,Railway Station,13.46,286.28,Debit Card,Cancelled
R02053,C0323,D0009,2025-11-28 17:04:04.230341,2025-11-28 18:19:04.230341,Railway Station,Railway Station,5.26,166.68,Cash,Completed
R02054,C0875,D0481,2026-07-18 11:14:04.230375,2026-07-18 12:16:04.230375,Airport,Mall,22.04,426.72,UPI,Completed
R02055,C0217,D0116,2026-03-14 05:16:04.230408,2026-03-14 06:12:04.230408,IT Park,Bus Stand,13.7,327.6,UPI,Cancelled
R02056,C0239,D0193,2025-10-14 00:56:04.230442,2025-10-14 02:25:04.230442,IT Park,Residential Area,24.14,491.52,Cash,Cancelled
R02057,C0619,D0205,2026-06-19 18:50:04.230499,2026-06-19 19:00:04.230499,Airport,Mall,17.29,371.22,Debit Card,Completed
R02058,C0812,D0225,2026-05-31 04:45:04.230572,2026-05-31 05:52:04.230572,Railway Station,Airport,28.14,564.52,Cash,Cancelled
R02059,C0478,D0158,2025-09-02 01:07:04.230615,2025-09-02 01:58:04.230615,City Center,IT Park,4.97,186.46,Debit Card,Completed
R02060,C0590,D0468,2025-09-26 06:30:04.230686,2025-09-26 07:29:04.230686,Metro Station,University,18.4,386.2,UPI,Completed
R02061,C0042,D0382,2025-09-10 08:38:04.230742,2025-09-10 08:50:04.230742,Bus Stand,Residential Area,25.1,535.8,Debit Card,Completed
R02062,C0044,D0160,2026-06-15 04:14:04.230779,2026-06-15 04:47:04.230779,Mall,IT Park,27.2,523.6,Cash,Completed
R02063,C0493,D0466,2026-06-07 09:26:04.230812,2026-06-07 10:41:04.230812,University,Mall,16.64,389.52,Credit Card,Cancelled
R02064,C0243,D0014,2025-10-17 14:22:04.230847,2025-10-17 15:01:04.230847,IT Park,Railway Station,25.56,520.08,Debit Card,Completed
R02065,C0676,D0488,2025-09-01 22:51:04.230881,2025-09-01 23:21:04.230881,Railway Station,Mall,21.89,436.02,Debit Card,Completed
R02066,C0104,D0054,2026-02-09 15:06:04.230917,2026-02-09 16:15:04.230917,Bus Stand,Bus Stand,11.66,287.88,Cash,Cancelled
R02067,C0499,D0395,2025-10-23 16:05:04.230955,2025-10-23 17:21:04.230955,University,Railway Station,24.72,505.96,Debit Card,Cancelled
R02068,C0929,D0473,2026-07-02 06:49:04.230995,2026-07-02 08:03:04.230995,Bus Stand,Residential Area,11.66,264.88,Debit Card,Completed
R02069,C0226,D0083,2025-09-18 23:45:04.231029,2025-09-18 23:59:04.231029,Metro Station,Mall,4.34,113.12,Cash,Cancelled
R02070,C0311,D0162,2026-04-28 01:31:04.231062,2026-04-28 03:01:04.231062,University,Airport,2.49,124.82,Cash,Cancelled
R02071,C0377,D0201,2026-05-19 12:59:04.231114,2026-05-19 14:09:04.231114,Mall,Metro Station,29.69,566.42,Debit Card,Completed
R02072,C0588,D0441,2026-04-27 18:26:04.231154,2026-04-27 19:25:04.231154,Mall,Hospital,24.02,525.36,Debit Card,Cancelled
R02073,C0590,D0339,2025-09-07 14:30:04.231190,2025-09-07 15:10:04.231190,Metro Station,IT Park,6.66,213.88,Credit Card,Completed
R02074,C0036,D0202,2025-08-27 06:10:04.231247,2025-08-27 06:28:04.231247,Bus Stand,Residential Area,23.74,470.32,Credit Card,Cancelled
R02075,C0646,D0434,2026-03-27 18:03:04.231286,2026-03-27 18:58:04.231286,City Center,IT Park,26.48,542.64,Debit Card,Cancelled
R02076,C0670,D0201,2026-04-03 20:31:04.231322,2026-04-03 21:01:04.231322,Hospital,University,29.61,584.98,Credit Card,Cancelled
R02077,C0480,D0476,2026-01-15 21:10:04.231356,2026-01-15 22:38:04.231356,Residential Area,Metro Station,8.6,242.8,UPI,Cancelled
R02078,C0464,D0466,2025-12-01 12:22:04.231397,2025-12-01 12:47:04.231397,Hospital,Railway Station,14.26,340.68,Cash,Completed
R02079,C0723,D0249,2026-01-05 04:04:04.231433,2026-01-05 05:02:04.231433,City Center,IT Park,21.32,414.76,UPI,Cancelled
R02080,C0538,D0297,2026-05-04 00:31:04.231469,2026-05-04 00:48:04.231469,University,Bus Stand,20.35,453.3,Debit Card,Cancelled
R02081,C0183,D0336,2025-10-14 04:24:04.231505,2025-10-14 05:43:04.231505,Railway Station,Railway Station,24.79,482.22,Cash,Cancelled
R02082,C0568,D0079,2026-04-01 17:52:04.231542,2026-04-01 18:51:04.231542,IT Park,Hospital,8.63,179.34,UPI,Completed
R02083,C0241,D0210,2026-03-19 06:42:04.231579,2026-03-19 06:56:04.231579,Metro Station,University,2.61,140.98,Credit Card,Completed
R02084,C0379,D0455,2025-11-18 22:23:04.231616,2025-11-18 23:35:04.231616,Residential Area,Bus Stand,13.91,276.38,Debit Card,Cancelled
R02085,C0493,D0033,2025-10-09 03:30:04.231652,2025-10-09 03:47:04.231652,Residential Area,Railway Station,24.93,540.74,Cash,Cancelled
R02086,C0113,D0328,2026-01-15 13:59:04.231687,2026-01-15 14:29:04.231687,Hospital,IT Park,16.04,323.72,Debit Card,Completed
R02087,C0370,D0269,2025-08-13 21:34:04.231729,2025-08-13 22:27:04.231729,Railway Station,University,12.48,312.64,Debit Card,Completed
R02088,C0309,D0287,2025-09-22 04:03:04.231773,2025-09-22 04:35:04.231773,Mall,City Center,19.0,400.0,Debit Card,Completed
R02089,C0728,D0261,2026-02-14 01:33:04.231810,2026-02-14 01:44:04.231810,University,Railway Station,29.49,567.82,UPI,Cancelled
R02090,C0734,D0428,2026-07-01 23:18:04.231845,2026-07-01 23:36:04.231845,City Center,IT Park,7.04,185.72,Debit Card,Completed
R02091,C0698,D0355,2026-06-06 04:58:04.231880,2026-06-06 05:56:04.231880,IT Park,Hospital,21.11,400.98,Cash,Cancelled
R02092,C0254,D0376,2026-05-14 10:39:04.231912,2026-05-14 10:49:04.231912,City Center,Bus Stand,17.9,381.2,Cash,Completed
R02093,C0970,D0208,2026-01-07 22:18:04.231957,2026-01-07 23:28:04.231957,Mall,Airport,7.54,211.72,Credit Card,Cancelled
R02094,C0396,D0280,2026-05-12 11:12:04.231993,2026-05-12 12:01:04.231993,IT Park,Hospital,9.5,198.0,Debit Card,Completed
R02095,C0104,D0103,2025-11-19 00:38:04.232035,2025-11-19 01:33:04.232035,Bus Stand,Metro Station,17.77,382.86,Debit Card,Cancelled
R02096,C0272,D0099,2026-07-28 03:15:04.232069,2026-07-28 03:32:04.232069,Hospital,Mall,13.06,293.08,Cash,Cancelled
R02097,C0149,D0341,2025-12-18 22:41:04.232115,2025-12-18 23:06:04.232115,City Center,City Center,5.06,111.08,Cash,Cancelled
R02098,C0669,D0046,2025-09-28 17:42:04.232156,2025-09-28 18:41:04.232156,Airport,IT Park,11.4,237.2,Credit Card,Cancelled
R02099,C0103,D0177,2025-12-18 10:21:04.232197,2025-12-18 11:16:04.232197,Metro Station,City Center,29.2,578.6,Debit Card,Cancelled
R02100,C0879,D0320,2026-05-10 15:45:04.232252,2026-05-10 16:15:04.232252,Railway Station,University,8.06,235.08,Credit Card,Cancelled
R02101,C0216,D0179,2026-06-07 02:12:04.232295,2026-06-07 03:09:04.232295,Railway Station,Airport,23.65,484.7,Credit Card,Completed
R02102,C0516,D0049,2026-06-10 11:30:04.232330,2026-06-10 12:50:04.232330,Railway Station,IT Park,20.09,451.62,Debit Card,Completed
R02103,C0815,D0329,2025-09-29 19:55:04.232365,2025-09-29 20:16:04.232365,Airport,Metro Station,27.98,530.64,Credit Card,Completed
R02104,C0982,D0057,2025-11-05 10:26:04.232399,2025-11-05 11:22:04.232399,Hospital,IT Park,9.17,246.06,Debit Card,Completed
R02105,C0274,D0300,2026-04-17 16:51:04.233181,2026-04-17 18:09:04.233181,IT Park,IT Park,18.16,418.88,Cash,Cancelled
R02106,C0350,D0372,2025-12-12 17:45:04.233269,2025-12-12 18:38:04.233269,Railway Station,Railway Station,4.09,105.62,Cash,Cancelled
R02107,C0156,D0048,2026-03-21 04:52:04.233312,2026-03-21 05:11:04.233312,University,Bus Stand,24.9,518.2,UPI,Cancelled
R02108,C0931,D0315,2025-09-05 00:13:04.233359,2025-09-05 01:04:04.233359,Bus Stand,Railway Station,24.69,517.42,UPI,Completed
R02109,C0693,D0262,2026-05-09 19:00:04.233401,2026-05-09 20:11:04.233401,Airport,University,20.51,431.18,Cash,Cancelled
R02110,C0261,D0277,2025-10-12 13:19:04.233439,2025-10-12 14:38:04.233439,Mall,University,22.09,431.62,Credit Card,Cancelled
R02111,C0479,D0037,2026-06-02 14:59:04.233475,2026-06-02 16:26:04.233475,Bus Stand,Railway Station,7.99,243.82,Debit Card,Completed
R02112,C0160,D0294,2026-05-15 01:15:04.233512,2026-05-15 02:45:04.233512,Airport,Bus Stand,13.79,331.22,Credit Card,Completed
R02113,C0293,D0101,2026-06-10 01:36:04.233547,2026-06-10 01:48:04.233547,Bus Stand,Mall,29.05,604.9,Credit Card,Completed
R02114,C0185,D0187,2026-03-26 19:46:04.233584,2026-03-26 20:47:04.233584,University,Bus Stand,19.76,388.68,UPI,Completed
R02115,C0220,D0479,2026-07-26 03:13:04.233622,2026-07-26 04:01:04.233622,IT Park,City Center,16.56,350.08,Cash,Cancelled
R02116,C0135,D0256,2025-12-21 22:20:04.233660,2025-12-21 23:11:04.233660,Metro Station,City Center,9.11,251.98,UPI,Cancelled
R02117,C0182,D0021,2026-01-13 02:06:04.233698,2026-01-13 03:11:04.233698,City Center,University,17.35,383.3,Cash,Completed
R02118,C0704,D0299,2026-02-16 01:08:04.233740,2026-02-16 02:06:04.233740,University,City Center,28.65,610.7,Credit Card,Completed
R02119,C0314,D0285,2026-01-27 03:57:04.233787,2026-01-27 04:38:04.233787,City Center,University,6.28,176.04,UPI,Completed
R02120,C0571,D0046,2025-08-31 16:04:04.233823,2025-08-31 16:53:04.233823,Residential Area,Hospital,3.89,154.02,Debit Card,Cancelled
R02121,C0397,D0275,2026-05-03 20:48:04.233857,2026-05-03 22:16:04.233857,Metro Station,Metro Station,6.53,140.54,Debit Card,Cancelled
R02122,C0174,D0459,2025-09-07 07:17:04.233892,2025-09-07 08:00:04.233892,Airport,City Center,28.83,597.94,UPI,Completed
R02123,C0026,D0075,2026-03-29 11:26:04.233929,2026-03-29 12:27:04.233929,Residential Area,Bus Stand,17.26,364.68,Credit Card,Cancelled
R02124,C0071,D0185,2025-11-07 22:39:04.233965,2025-11-07 23:31:04.233965,City Center,Bus Stand,11.08,267.44,Credit Card,Cancelled
R02125,C0236,D0185,2025-12-24 13:28:04.234006,2025-12-24 13:56:04.234006,Mall,Airport,14.08,294.44,Cash,Cancelled
R02126,C0578,D0186,2026-07-09 00:29:04.234046,2026-07-09 00:53:04.234046,Mall,Bus Stand,6.62,147.16,UPI,Completed
R02127,C0960,D0179,2026-05-18 03:10:04.234099,2026-05-18 03:21:04.234099,City Center,Metro Station,7.79,240.22,Credit Card,Completed
R02128,C0077,D0460,2026-04-12 02:14:04.234148,2026-04-12 03:37:04.234148,Railway Station,Mall,28.25,534.5,Cash,Cancelled
R02129,C0254,D0118,2025-10-08 09:21:04.234190,2025-10-08 10:40:04.234190,University,Mall,15.82,316.76,Credit Card,Completed
R02130,C0524,D0210,2026-01-16 12:56:04.234246,2026-01-16 14:18:04.234246,Airport,Residential Area,12.29,310.22,Credit Card,Cancelled
R02131,C0614,D0482,2025-09-06 10:37:04.234283,2025-09-06 11:47:04.234283,University,Mall,18.15,381.7,Credit Card,Completed
R02132,C0094,D0081,2025-08-29 17:53:04.234319,2025-08-29 18:23:04.234319,IT Park,Hospital,13.6,343.8,Credit Card,Completed
R02133,C0264,D0315,2025-10-20 19:46:04.234356,2025-10-20 20:04:04.234356,Bus Stand,City Center,3.12,90.16,Cash,Completed
R02134,C0324,D0299,2026-04-12 09:54:04.234400,2026-04-12 11:02:04.234400,Residential Area,Residential Area,20.65,413.7,Cash,Completed
R02135,C0431,D0297,2025-11-26 06:47:04.234438,2025-11-26 07:53:04.234438,Railway Station,Airport,18.39,425.02,Credit Card,Cancelled
R02136,C0430,D0288,2025-11-24 05:16:04.234474,2025-11-24 06:45:04.234474,Metro Station,City Center,17.46,335.28,Credit Card,Cancelled
R02137,C0011,D0004,2026-04-12 22:54:04.234510,2026-04-12 23:14:04.234510,Metro Station,Residential Area,11.1,259.8,Credit Card,Completed
R02138,C0739,D0160,2025-11-12 09:51:04.234552,2025-11-12 10:50:04.234552,Railway Station,Mall,18.9,406.2,UPI,Completed
R02139,C0827,D0157,2026-02-05 13:34:04.234591,2026-02-05 13:46:04.234591,Hospital,Airport,18.75,369.5,Cash,Completed
R02140,C0924,D0125,2026-01-31 05:21:04.234633,2026-01-31 05:36:04.234633,University,Railway Station,26.92,511.56,UPI,Completed
R02141,C0964,D0019,2025-11-30 15:30:04.234671,2025-11-30 15:42:04.234671,Metro Station,IT Park,14.91,359.38,Cash,Completed
R02142,C0196,D0171,2025-09-30 21:12:04.234709,2025-09-30 22:00:04.234709,Residential Area,University,26.04,493.72,Cash,Cancelled
R02143,C0489,D0346,2026-03-06 23:51:04.234745,2026-03-07 00:05:04.234745,Residential Area,Hospital,16.39,376.02,Cash,Completed
R02144,C0826,D0330,2026-04-28 17:27:04.234782,2026-04-28 18:38:04.234782,University,Airport,12.36,252.48,Credit Card,Completed
R02145,C0812,D0235,2026-01-12 13:18:04.234818,2026-01-12 13:33:04.234818,Bus Stand,Hospital,26.98,555.64,Debit Card,Cancelled
R02146,C0840,D0376,2026-07-06 21:20:04.234856,2026-07-06 22:15:04.234856,Metro Station,Railway Station,8.86,221.48,Debit Card,Cancelled
R02147,C0087,D0318,2026-02-21 01:31:04.234893,2026-02-21 02:45:04.234893,City Center,Mall,23.34,468.12,Debit Card,Cancelled
R02148,C0324,D0428,2025-08-11 06:11:04.234938,2025-08-11 06:46:04.234938,Metro Station,IT Park,6.38,197.84,Credit Card,Cancelled
R02149,C0733,D0164,2026-01-17 13:44:04.234978,2026-01-17 14:43:04.234978,City Center,Hospital,8.34,216.12,Debit Card,Cancelled
R02150,C0869,D0160,2025-10-30 01:08:04.235018,2025-10-30 01:30:04.235018,Residential Area,IT Park,9.1,262.8,UPI,Completed
R02151,C0786,D0116,2026-01-09 19:42:04.235060,2026-01-09 21:10:04.235060,Mall,Railway Station,15.6,321.8,Credit Card,Cancelled
R02152,C0483,D0109,2026-05-13 13:18:04.235111,2026-05-13 13:47:04.235111,Metro Station,Railway Station,23.55,470.9,Cash,Completed
R02153,C0237,D0172,2025-09-10 12:58:04.235150,2025-09-10 13:47:04.235150,Metro Station,City Center,18.53,394.54,Debit Card,Completed
R02154,C0621,D0042,2026-02-01 22:59:04.235189,2026-02-01 23:32:04.235189,Hospital,City Center,19.87,408.66,Cash,Cancelled
R02155,C0290,D0419,2025-12-02 08:33:04.235300,2025-12-02 09:14:04.235300,Residential Area,Mall,8.76,255.68,Debit Card,Completed
R02156,C0113,D0399,2025-09-02 14:20:04.235369,2025-09-02 14:57:04.235369,City Center,Bus Stand,21.49,476.82,Credit Card,Cancelled
R02157,C0336,D0262,2026-05-14 06:07:04.235409,2026-05-14 07:13:04.235409,IT Park,University,2.52,126.36,Credit Card,Completed
R02158,C0485,D0074,2025-08-22 22:57:04.235457,2025-08-22 23:48:04.235457,Railway Station,Mall,2.08,122.44,Debit Card,Completed
R02159,C0015,D0361,2026-05-22 03:05:04.235497,2026-05-22 04:16:04.235497,Residential Area,University,12.18,296.24,UPI,Completed
R02160,C0725,D0041,2026-02-11 15:51:04.235532,2026-02-11 17:10:04.235532,Bus Stand,Residential Area,11.21,245.78,Credit Card,Completed
R02161,C0298,D0339,2025-09-28 05:41:04.235570,2025-09-28 06:27:04.235570,City Center,Airport,21.77,456.86,UPI,Completed
R02162,C0461,D0307,2026-01-15 16:25:04.235607,2026-01-15 17:18:04.235607,Metro Station,IT Park,3.68,92.24,Credit Card,Completed
R02163,C0586,D0381,2025-09-12 02:28:04.235642,2025-09-12 03:14:04.235642,Mall,City Center,15.63,364.34,Credit Card,Completed
R02164,C0434,D0422,2026-03-03 08:44:04.235676,2026-03-03 10:02:04.235676,City Center,Airport,14.2,291.6,Cash,Completed
R02165,C0155,D0050,2025-09-24 01:45:04.235713,2025-09-24 01:57:04.235713,University,City Center,27.91,564.38,Debit Card,Completed
R02166,C0424,D0405,2026-07-23 22:09:04.235751,2026-07-23 22:47:04.235751,Railway Station,IT Park,24.28,506.04,Debit Card,Cancelled
R02167,C0415,D0193,2025-09-21 04:38:04.235787,2025-09-21 05:02:04.235787,Railway Station,Bus Stand,23.64,496.52,UPI,Cancelled
R02168,C0961,D0229,2026-05-15 18:59:04.235831,2026-05-15 20:20:04.235831,Airport,Metro Station,3.24,111.32,Debit Card,Completed
R02169,C0297,D0171,2025-10-27 06:30:04.235871,2025-10-27 06:48:04.235871,Hospital,Mall,2.59,91.62,Credit Card,Completed
R02170,C0359,D0103,2026-03-02 23:53:04.235908,2026-03-03 00:31:04.235908,Residential Area,Mall,13.35,315.3,Debit Card,Cancelled
R02171,C0690,D0125,2026-06-03 08:18:04.235964,2026-06-03 09:15:04.235964,IT Park,Metro Station,2.01,131.18,UPI,Completed
R02172,C0207,D0034,2025-11-04 20:17:04.236002,2025-11-04 20:28:04.236002,University,City Center,13.88,330.84,Credit Card,Completed
R02173,C0675,D0250,2026-03-05 13:43:04.236038,2026-03-05 15:07:04.236038,Airport,University,7.09,224.62,Debit Card,Completed
R02174,C0377,D0052,2026-03-29 23:34:04.236076,2026-03-30 00:20:04.236076,Hospital,Mall,15.45,338.1,Cash,Completed
R02175,C0832,D0017,2026-05-16 21:13:04.236125,2026-05-16 21:35:04.236125,Railway Station,IT Park,7.44,227.92,Cash,Completed
R02176,C0805,D0066,2026-02-09 23:20:04.236163,2026-02-09 23:50:04.236163,Airport,Bus Stand,10.73,277.14,Credit Card,Cancelled
R02177,C0492,D0089,2025-08-20 15:17:04.236200,2025-08-20 15:59:04.236200,Bus Stand,IT Park,28.27,546.86,Debit Card,Completed
R02178,C0356,D0347,2026-04-22 19:03:04.236279,2026-04-22 20:27:04.236279,Mall,Residential Area,3.0,91.0,Credit Card,Completed
R02179,C0825,D0414,2025-09-11 14:53:04.236318,2025-09-11 16:17:04.236318,Residential Area,University,6.49,183.82,Credit Card,Cancelled
R02180,C0482,D0322,2025-08-06 17:35:04.236356,2025-08-06 19:05:04.236356,Airport,City Center,9.77,209.86,Debit Card,Cancelled
R02181,C0996,D0010,2025-09-24 02:29:04.236392,2025-09-24 03:29:04.236392,Airport,Mall,25.33,548.94,Debit Card,Cancelled
R02182,C0873,D0032,2025-11-16 17:08:04.236430,2025-11-16 17:25:04.236430,Residential Area,Bus Stand,13.22,337.96,Cash,Cancelled
R02183,C0576,D0022,2025-08-18 14:41:04.236465,2025-08-18 15:58:04.236465,City Center,Residential Area,15.4,324.2,Cash,Cancelled
R02184,C0061,D0424,2026-07-10 05:11:04.236503,2026-07-10 06:23:04.236503,Metro Station,Mall,19.69,431.42,Credit Card,Completed
R02185,C0575,D0245,2026-05-31 14:46:04.236536,2026-05-31 15:40:04.236536,University,IT Park,22.61,442.98,Credit Card,Cancelled
R02186,C0733,D0185,2025-08-11 13:24:04.236578,2025-08-11 13:36:04.236578,Airport,Bus Stand,14.35,291.3,Cash,Cancelled
R02187,C0780,D0099,2026-05-21 23:22:04.236615,2026-05-22 00:26:04.236615,Airport,Bus Stand,7.64,174.52,Debit Card,Completed
R02188,C0672,D0115,2025-08-07 04:34:04.236658,2025-08-07 05:17:04.236658,Residential Area,Mall,13.78,302.04,Cash,Cancelled
R02189,C0219,D0131,2025-10-14 08:58:04.236695,2025-10-14 09:34:04.236695,Metro Station,City Center,13.94,285.92,UPI,Cancelled
R02190,C0025,D0493,2025-08-21 01:16:04.236729,2025-08-21 02:28:04.236729,Residential Area,Hospital,14.6,303.8,Debit Card,Cancelled
R02191,C0253,D0485,2026-02-17 07:25:04.236764,2026-02-17 08:39:04.236764,Hospital,Mall,16.56,333.08,Cash,Cancelled
R02192,C0103,D0059,2026-06-10 11:29:04.236798,2026-06-10 11:55:04.236798,Mall,Bus Stand,29.06,597.08,Cash,Completed
R02193,C0255,D0162,2026-05-30 19:57:04.236838,2026-05-30 21:03:04.236838,Bus Stand,Bus Stand,15.52,336.36,Debit Card,Completed
R02194,C0116,D0192,2025-09-11 23:10:04.236874,2025-09-12 00:08:04.236874,Residential Area,Mall,24.11,465.98,Credit Card,Cancelled
R02195,C0759,D0393,2025-10-14 13:46:04.236910,2025-10-14 14:28:04.236910,Hospital,IT Park,21.16,429.88,Debit Card,Cancelled
R02196,C0588,D0079,2026-02-23 18:54:04.236955,2026-02-23 19:57:04.236955,Airport,Bus Stand,23.9,514.2,UPI,Cancelled
R02197,C0014,D0063,2026-04-05 05:19:04.236993,2026-04-05 06:49:04.236993,Airport,City Center,25.22,532.96,Debit Card,Cancelled
R02198,C0800,D0006,2025-12-14 22:01:04.237047,2025-12-14 22:33:04.237047,Mall,Bus Stand,3.76,162.68,Debit Card,Completed
R02199,C0647,D0148,2025-08-14 05:02:04.237096,2025-08-14 06:05:04.237096,Hospital,Hospital,12.39,268.02,Debit Card,Cancelled
R02200,C0518,D0344,2026-07-08 20:35:04.237140,2026-07-08 21:17:04.237140,Bus Stand,IT Park,4.88,180.84,Credit Card,Cancelled
R02201,C0245,D0499,2026-03-26 06:25:04.237177,2026-03-26 07:05:04.237177,City Center,Bus Stand,15.23,371.14,Debit Card,Completed
R02202,C0836,D0209,2025-09-17 03:04:04.237229,2025-09-17 04:06:04.237229,IT Park,Metro Station,12.0,299.0,Credit Card,Completed
R02203,C0473,D0218,2026-07-03 13:14:04.237265,2026-07-03 13:39:04.237265,Residential Area,Airport,9.45,247.1,Cash,Completed
R02204,C0013,D0290,2025-10-23 08:32:04.237302,2025-10-23 09:56:04.237302,Hospital,Metro Station,8.56,198.08,Credit Card,Completed
R02205,C0585,D0470,2026-07-31 21:43:04.237338,2026-07-31 22:51:04.237338,Metro Station,IT Park,6.9,205.2,Debit Card,Cancelled
R02206,C0958,D0269,2026-03-30 20:52:04.237373,2026-03-30 22:15:04.237373,Bus Stand,Hospital,21.4,477.2,Debit Card,Completed
R02207,C0382,D0370,2026-07-26 22:02:04.237409,2026-07-26 22:19:04.237409,City Center,IT Park,22.53,440.54,Credit Card,Completed
R02208,C0221,D0366,2026-06-26 03:44:04.237449,2026-06-26 05:01:04.237449,University,Railway Station,5.61,140.98,Debit Card,Completed
R02209,C0129,D0420,2026-01-20 18:44:04.237488,2026-01-20 18:59:04.237488,City Center,Airport,4.0,92.0,Cash,Cancelled
R02210,C0958,D0137,2026-06-23 06:29:04.237527,2026-06-23 07:48:04.237527,Airport,City Center,26.74,541.32,Cash,Completed
R02211,C0674,D0245,2025-12-01 11:01:04.237562,2025-12-01 11:18:04.237562,Airport,Residential Area,7.43,163.74,Credit Card,Cancelled
R02212,C0729,D0097,2025-10-12 19:59:04.237596,2025-10-12 20:45:04.237596,Metro Station,Railway Station,3.92,167.56,Debit Card,Cancelled
R02213,C0920,D0380,2025-10-28 15:33:04.237631,2025-10-28 16:57:04.237631,City Center,City Center,18.23,394.14,Debit Card,Cancelled
R02214,C0290,D0362,2025-10-29 10:51:04.237671,2025-10-29 11:58:04.237671,Airport,University,20.75,397.5,UPI,Completed
R02215,C0707,D0344,2026-07-22 13:28:04.237707,2026-07-22 14:18:04.237707,Residential Area,Hospital,7.85,179.3,UPI,Completed
R02216,C0810,D0465,2025-11-06 17:56:04.237742,2025-11-06 19:08:04.237742,Airport,Airport,11.47,264.46,Debit Card,Completed
R02217,C0151,D0130,2026-02-10 06:50:04.237776,2026-02-10 07:36:04.237776,City Center,City Center,5.85,146.3,Credit Card,Completed
R02218,C0507,D0433,2026-06-14 11:52:04.237818,2026-06-14 12:29:04.237818,Airport,Metro Station,5.19,179.42,Debit Card,Cancelled
R02219,C0971,D0499,2026-07-27 13:57:04.237853,2026-07-27 14:40:04.237853,IT Park,IT Park,16.31,337.58,Credit Card,Cancelled
R02220,C0390,D0187,2026-03-24 01:37:04.237887,2026-03-24 03:01:04.237887,IT Park,Railway Station,27.3,540.4,Credit Card,Cancelled
R02221,C0934,D0498,2025-11-22 12:10:04.237920,2025-11-22 12:57:04.237920,Metro Station,Railway Station,28.44,593.92,Cash,Cancelled
R02222,C0613,D0130,2025-12-11 08:21:04.237956,2025-12-11 09:15:04.237956,Railway Station,Hospital,27.47,515.46,Credit Card,Cancelled
R02223,C0906,D0320,2026-06-02 07:43:04.237999,2026-06-02 09:00:04.237999,University,Hospital,15.62,304.16,UPI,Completed
R02224,C0514,D0468,2026-04-12 01:32:04.238035,2026-04-12 02:08:04.238035,Bus Stand,Bus Stand,18.38,369.84,Credit Card,Cancelled
R02225,C0708,D0387,2025-10-31 07:10:04.238069,2025-10-31 07:31:04.238069,Hospital,IT Park,25.67,489.06,Debit Card,Cancelled
R02226,C0722,D0299,2026-06-11 17:00:04.238117,2026-06-11 17:21:04.238117,Residential Area,Metro Station,13.19,261.42,Credit Card,Completed
R02227,C0537,D0150,2026-04-26 10:27:04.238152,2026-04-26 11:20:04.238152,Hospital,University,13.33,316.94,Credit Card,Cancelled
R02228,C0849,D0301,2026-03-20 02:45:04.238195,2026-03-20 03:53:04.238195,Residential Area,Hospital,21.65,442.7,UPI,Cancelled
R02229,C0929,D0313,2026-02-12 00:06:04.238269,2026-02-12 01:26:04.238269,Metro Station,Railway Station,22.8,438.4,UPI,Cancelled
R02230,C0334,D0268,2026-04-04 15:40:04.238310,2026-04-04 17:07:04.238310,Bus Stand,Railway Station,7.51,168.18,UPI,Completed
R02231,C0497,D0263,2026-03-28 12:05:04.238348,2026-03-28 12:54:04.238348,Hospital,University,19.6,395.8,Cash,Cancelled
R02232,C0548,D0437,2026-03-09 06:23:04.238383,2026-03-09 06:36:04.238383,Bus Stand,Residential Area,2.53,126.54,Debit Card,Cancelled
R02233,C0560,D0497,2025-08-11 15:32:04.238418,2025-08-11 16:50:04.238418,IT Park,Railway Station,27.71,564.78,Credit Card,Completed
R02234,C0653,D0371,2025-09-12 19:19:04.238453,2025-09-12 20:02:04.238453,IT Park,IT Park,11.61,261.98,Debit Card,Cancelled
R02235,C0385,D0292,2026-01-26 14:46:04.238487,2026-01-26 16:11:04.238487,Mall,Bus Stand,19.73,390.14,UPI,Completed
R02236,C0231,D0309,2025-12-29 04:23:04.238522,2025-12-29 04:42:04.238522,Residential Area,City Center,21.36,469.48,UPI,Cancelled
R02237,C0239,D0261,2026-07-12 08:39:04.238557,2026-07-12 09:31:04.238557,IT Park,Railway Station,3.12,126.16,Credit Card,Cancelled
R02238,C0303,D0436,2025-09-08 08:33:04.238597,2025-09-08 09:48:04.238597,IT Park,Residential Area,15.04,317.72,Cash,Cancelled
R02239,C0345,D0317,2026-08-02 01:32:04.238639,2026-08-02 02:19:04.238639,IT Park,Hospital,6.71,144.78,UPI,Cancelled
R02240,C0854,D0097,2026-07-06 12:21:04.238673,2026-07-06 13:00:04.238673,Residential Area,Airport,8.86,184.48,Debit Card,Cancelled
R02241,C0300,D0389,2026-02-14 23:27:04.238708,2026-02-14 23:59:04.238708,IT Park,Metro Station,7.79,215.22,Cash,Completed
R02242,C0715,D0140,2025-09-22 19:02:04.238753,2025-09-22 20:32:04.238753,Metro Station,Metro Station,26.62,515.16,Debit Card,Cancelled
R02243,C0995,D0083,2026-04-30 13:21:04.238790,2026-04-30 14:14:04.238790,Metro Station,Metro Station,10.98,266.64,Debit Card,Cancelled
R02244,C0810,D0147,2026-07-25 08:25:04.238828,2026-07-25 09:30:04.238828,University,University,24.61,532.98,Cash,Cancelled
R02245,C0052,D0007,2026-06-03 19:18:04.238863,2026-06-03 20:34:04.238863,University,Residential Area,15.53,343.54,Debit Card,Completed
R02246,C0321,D0343,2026-04-26 16:12:04.238899,2026-04-26 17:30:04.238899,Bus Stand,Mall,11.59,297.62,Credit Card,Completed
R02247,C0887,D0361,2026-05-31 04:12:04.238934,2026-05-31 05:28:04.238934,City Center,IT Park,8.68,195.24,Debit Card,Cancelled
R02248,C0798,D0336,2025-10-14 20:17:04.238976,2025-10-14 21:26:04.238976,City Center,Mall,5.23,189.14,Credit Card,Completed
R02249,C0364,D0171,2025-10-25 10:50:04.239013,2025-10-25 11:45:04.239013,University,Hospital,16.44,357.92,Credit Card,Cancelled
R02250,C0969,D0387,2026-06-08 11:39:04.239048,2026-06-08 12:00:04.239048,City Center,Mall,16.25,333.5,Debit Card,Completed
R02251,C0253,D0317,2026-06-11 08:37:04.239093,2026-06-11 09:06:04.239093,Metro Station,Metro Station,22.68,431.24,Credit Card,Completed
R02252,C0452,D0072,2026-06-04 22:42:04.239130,2026-06-04 23:26:04.239130,Mall,Bus Stand,22.38,433.84,Debit Card,Completed
R02253,C0170,D0261,2025-11-16 14:37:04.239166,2025-11-16 16:00:04.239166,Metro Station,Railway Station,11.82,297.76,UPI,Completed
R02254,C0378,D0237,2026-01-09 07:25:04.239206,2026-01-09 08:02:04.239206,University,Bus Stand,23.2,474.6,UPI,Cancelled
R02255,C0977,D0267,2026-01-04 13:07:04.239269,2026-01-04 13:52:04.239269,IT Park,Metro Station,27.11,587.98,Debit Card,Cancelled
R02256,C0964,D0373,2025-10-27 11:44:04.239305,2025-10-27 12:28:04.239305,Metro Station,Bus Stand,22.64,491.52,Cash,Cancelled
R02257,C0224,D0479,2026-05-21 19:00:04.239341,2026-05-21 19:10:04.239341,Airport,City Center,13.47,273.46,Credit Card,Cancelled
R02258,C0459,D0402,2025-10-13 23:06:04.239384,2025-10-13 23:28:04.239384,City Center,IT Park,28.94,556.92,Cash,Cancelled
R02259,C0187,D0217,2025-10-12 21:07:04.239429,2025-10-12 21:44:04.239429,Hospital,Hospital,25.23,512.14,UPI,Cancelled
R02260,C0019,D0065,2026-02-28 05:36:04.239466,2026-02-28 05:56:04.239466,Bus Stand,Railway Station,7.96,166.28,Cash,Completed
R02261,C0903,D0437,2026-06-16 23:19:04.239502,2026-06-16 23:40:04.239502,IT Park,IT Park,15.42,298.56,Cash,Cancelled
R02262,C0722,D0103,2026-02-22 18:53:04.239547,2026-02-22 20:06:04.239547,Hospital,Residential Area,24.37,481.66,UPI,Completed
R02263,C0313,D0077,2026-05-09 11:06:04.239584,2026-05-09 12:03:04.239584,University,University,10.62,278.16,Credit Card,Cancelled
R02264,C0182,D0083,2025-11-01 10:43:04.239619,2025-11-01 12:11:04.239619,Hospital,City Center,2.84,114.12,Cash,Cancelled
R02265,C0185,D0121,2025-09-24 02:34:04.239655,2025-09-24 03:40:04.239655,IT Park,Residential Area,17.21,380.78,Debit Card,Completed
R02266,C0359,D0190,2026-01-06 10:46:04.239693,2026-01-06 11:20:04.239693,Airport,Bus Stand,11.53,277.54,Cash,Completed
R02267,C0434,D0175,2025-09-26 18:16:04.239727,2025-09-26 18:58:04.239727,City Center,IT Park,22.81,453.58,Credit Card,Cancelled
R02268,C0649,D0311,2026-07-12 22:44:04.239771,2026-07-12 23:17:04.239771,University,Hospital,4.49,157.82,Debit Card,Cancelled
R02269,C0112,D0409,2026-05-26 21:35:04.239811,2026-05-26 22:56:04.239811,Railway Station,IT Park,5.5,126.0,Debit Card,Cancelled
R02270,C0315,D0146,2026-07-12 13:45:04.239850,2026-07-12 14:58:04.239850,University,Residential Area,12.34,276.12,Credit Card,Completed
R02271,C0914,D0139,2026-07-26 19:08:04.239897,2026-07-26 20:10:04.239897,University,Metro Station,28.19,562.42,Debit Card,Completed
R02272,C0705,D0034,2026-04-28 07:43:04.239933,2026-04-28 07:59:04.239933,City Center,City Center,7.03,183.54,UPI,Completed
R02273,C0234,D0125,2025-12-11 07:22:04.239968,2025-12-11 08:00:04.239968,Bus Stand,Residential Area,28.8,572.4,Credit Card,Cancelled
R02274,C0063,D0362,2026-06-15 15:03:04.240006,2026-06-15 15:40:04.240006,Railway Station,Bus Stand,2.0,58.0,UPI,Completed
R02275,C0611,D0263,2026-03-29 03:16:04.240047,2026-03-29 04:25:04.240047,Airport,City Center,7.81,234.58,UPI,Completed
R02276,C0103,D0072,2025-09-19 13:28:04.240106,2025-09-19 14:24:04.240106,University,City Center,20.13,446.34,UPI,Cancelled
R02277,C0671,D0390,2026-01-02 23:00:04.240144,2026-01-03 00:02:04.240144,City Center,Hospital,5.31,190.58,Credit Card,Cancelled
R02278,C0514,D0228,2025-10-20 13:08:04.240190,2025-10-20 13:51:04.240190,IT Park,Railway Station,8.28,221.04,Debit Card,Cancelled
R02279,C0619,D0217,2025-10-25 11:05:04.240254,2025-10-25 11:48:04.240254,City Center,University,28.38,609.84,Cash,Cancelled
R02280,C0428,D0362,2026-05-22 01:45:04.240293,2026-05-22 03:06:04.240293,Bus Stand,Airport,23.81,494.58,Credit Card,Cancelled
R02281,C0995,D0289,2026-04-19 02:13:04.240329,2026-04-19 02:52:04.240329,University,Residential Area,24.09,474.62,Credit Card,Completed
R02282,C0936,D0060,2026-01-15 02:38:04.240367,2026-01-15 03:39:04.240367,City Center,Residential Area,17.6,381.8,Debit Card,Completed
R02283,C0829,D0086,2025-11-29 08:58:04.240404,2025-11-29 10:14:04.240404,University,IT Park,26.91,541.38,UPI,Completed
R02284,C0348,D0472,2026-01-23 17:03:04.240441,2026-01-23 17:29:04.240441,Airport,Residential Area,23.88,515.84,Cash,Cancelled
R02285,C0962,D0309,2026-06-27 17:24:04.240476,2026-06-27 18:31:04.240476,Hospital,Residential Area,24.46,511.28,UPI,Cancelled
R02286,C0875,D0158,2026-03-15 23:37:04.240519,2026-03-16 00:36:04.240519,Hospital,Residential Area,5.8,171.4,Credit Card,Completed
R02287,C0318,D0274,2026-02-19 01:51:04.240555,2026-02-19 03:15:04.240555,City Center,Metro Station,9.54,258.72,Cash,Completed
R02288,C0090,D0133,2025-08-27 15:10:04.240594,2025-08-27 16:12:04.240594,Residential Area,Hospital,8.31,182.58,Debit Card,Completed
R02289,C0653,D0040,2026-05-04 19:06:04.240629,2026-05-04 20:09:04.240629,Residential Area,Railway Station,16.99,341.82,Debit Card,Completed
R02290,C0490,D0490,2026-05-08 01:27:04.240667,2026-05-08 02:05:04.240667,City Center,Residential Area,14.29,341.22,Credit Card,Cancelled
R02291,C0192,D0327,2025-09-09 12:49:04.240705,2025-09-09 14:17:04.240705,Airport,Metro Station,24.5,475.0,Cash,Completed
R02292,C0485,D0087,2026-02-02 02:18:04.240743,2026-02-02 03:08:04.240743,Mall,Residential Area,22.14,473.52,Cash,Cancelled
R02293,C0205,D0032,2026-05-25 06:26:04.240781,2026-05-25 06:52:04.240781,Metro Station,Metro Station,16.24,354.32,UPI,Cancelled
R02294,C0784,D0190,2026-02-12 23:22:04.240819,2026-02-12 23:44:04.240819,IT Park,Hospital,26.7,532.6,Cash,Completed
R02295,C0962,D0412,2025-09-06 04:17:04.240857,2025-09-06 04:50:04.240857,Mall,IT Park,8.96,236.28,UPI,Completed
R02296,C0962,D0212,2026-01-07 13:24:04.240893,2026-01-07 14:32:04.240893,University,Railway Station,5.23,179.14,Cash,Completed
R02297,C0890,D0058,2026-02-27 08:01:04.240930,2026-02-27 09:01:04.240930,Residential Area,Mall,13.83,310.94,Credit Card,Cancelled
R02298,C0359,D0493,2025-11-30 15:24:04.240975,2025-11-30 16:17:04.240975,Residential Area,Residential Area,4.91,176.38,Credit Card,Cancelled
R02299,C0211,D0010,2025-11-04 12:19:04.241018,2025-11-04 12:32:04.241018,Mall,Mall,15.41,346.38,Credit Card,Cancelled
R02300,C0360,D0049,2025-11-11 18:39:04.241056,2025-11-11 20:05:04.241056,University,Bus Stand,18.65,377.7,Debit Card,Cancelled
R02301,C0026,D0013,2026-04-15 05:23:04.241108,2026-04-15 06:13:04.241108,Metro Station,Bus Stand,16.03,310.54,Credit Card,Completed
R02302,C0269,D0351,2026-04-21 01:06:04.241145,2026-04-21 01:19:04.241145,Mall,University,27.63,520.34,Cash,Cancelled
R02303,C0060,D0456,2026-05-05 22:27:04.241181,2026-05-05 23:18:04.241181,Bus Stand,Railway Station,28.98,541.64,UPI,Cancelled
R02304,C0339,D0162,2025-11-01 09:41:04.241236,2025-11-01 10:14:04.241236,City Center,City Center,6.79,153.22,Cash,Completed
R02305,C0840,D0020,2026-06-18 05:10:04.241292,2026-06-18 06:28:04.241292,Bus Stand,IT Park,16.75,366.5,Debit Card,Completed
R02306,C0862,D0190,2026-01-14 04:45:04.241334,2026-01-14 05:16:04.241334,Hospital,City Center,29.06,546.08,Credit Card,Cancelled
R02307,C0105,D0301,2025-08-26 17:18:04.241392,2025-08-26 18:08:04.241392,Residential Area,University,3.47,126.46,Cash,Completed
R02308,C0972,D0324,2026-01-28 00:16:04.241435,2026-01-28 00:36:04.241435,Metro Station,Hospital,26.23,508.14,Credit Card,Completed
R02309,C0797,D0112,2025-08-28 19:39:04.241491,2025-08-28 19:59:04.241491,Airport,Bus Stand,21.63,473.34,UPI,Cancelled
R02310,C0015,D0239,2026-05-04 05:03:04.241545,2026-05-04 06:10:04.241545,Hospital,Mall,21.62,451.16,UPI,Cancelled
R02311,C0503,D0218,2025-08-03 15:49:04.241583,2025-08-03 16:11:04.241583,Residential Area,Hospital,20.5,392.0,UPI,Cancelled
R02312,C0606,D0161,2025-09-28 07:18:04.241640,2025-09-28 07:30:04.241640,Metro Station,Hospital,27.39,589.02,Cash,Cancelled
R02313,C0398,D0247,2026-06-18 15:18:04.241678,2026-06-18 16:17:04.241678,Residential Area,Bus Stand,27.87,526.66,Debit Card,Completed
R02314,C0236,D0397,2025-11-22 22:10:04.241736,2025-11-22 22:55:04.241736,IT Park,University,2.45,128.1,Credit Card,Completed
R02315,C0455,D0016,2026-03-26 18:38:04.241772,2026-03-26 19:20:04.241772,IT Park,Hospital,12.32,292.76,UPI,Completed
R02316,C0802,D0318,2026-03-17 23:53:04.241808,2026-03-18 00:08:04.241808,University,Hospital,22.24,420.32,UPI,Cancelled
R02317,C0797,D0417,2026-07-22 06:08:04.241843,2026-07-22 06:43:04.241843,University,University,16.06,369.08,Cash,Cancelled
R02318,C0699,D0312,2025-12-14 09:36:04.241889,2025-12-14 10:45:04.241889,Residential Area,Bus Stand,3.37,143.66,UPI,Cancelled
R02319,C0395,D0455,2026-04-08 18:51:04.241927,2026-04-08 19:01:04.241927,Hospital,IT Park,27.19,562.42,Debit Card,Cancelled
R02320,C0490,D0162,2026-05-22 14:00:04.241963,2026-05-22 14:26:04.241963,City Center,Bus Stand,20.1,456.8,UPI,Cancelled
R02321,C0143,D0048,2025-11-14 02:36:04.241999,2025-11-14 04:00:04.241999,Mall,Metro Station,6.99,190.82,Debit Card,Completed
R02322,C0930,D0083,2025-09-08 10:00:04.242032,2025-09-08 11:26:04.242032,IT Park,Hospital,7.4,219.2,Credit Card,Completed
R02323,C0981,D0233,2026-06-03 23:14:04.242069,2026-06-04 00:34:04.242069,Airport,Hospital,11.28,268.04,Debit Card,Cancelled
R02324,C0172,D0155,2026-02-05 18:26:04.242114,2026-02-05 19:10:04.242114,Mall,Bus Stand,27.9,598.2,Credit Card,Completed
R02325,C0663,D0130,2026-02-01 01:39:04.242150,2026-02-01 02:19:04.242150,Bus Stand,Residential Area,10.24,255.32,Cash,Cancelled
R02326,C0443,D0094,2026-02-16 04:13:04.242197,2026-02-16 05:15:04.242197,University,Hospital,22.09,470.62,Debit Card,Completed
R02327,C0572,D0264,2025-11-30 06:12:04.242262,2025-11-30 07:27:04.242262,IT Park,Residential Area,10.12,217.16,UPI,Cancelled
R02328,C0246,D0317,2026-02-11 12:13:04.242304,2026-02-11 12:47:04.242304,University,Mall,18.16,403.88,Cash,Completed
R02329,C0030,D0282,2026-05-29 05:48:04.242343,2026-05-29 06:05:04.242343,IT Park,Airport,28.12,541.16,Cash,Completed
R02330,C0142,D0377,2026-06-26 10:30:04.242378,2026-06-26 11:33:04.242378,Airport,Railway Station,29.35,627.3,Cash,Completed
R02331,C0116,D0103,2026-02-26 02:54:04.242413,2026-02-26 04:01:04.242413,Residential Area,University,7.9,163.2,Debit Card,Completed
R02332,C0570,D0467,2026-03-23 05:58:04.242449,2026-03-23 07:00:04.242449,Residential Area,IT Park,15.28,319.04,Credit Card,Completed
R02333,C0615,D0166,2026-07-26 13:17:04.242485,2026-07-26 14:20:04.242485,University,Residential Area,17.4,382.2,Cash,Cancelled
R02334,C0445,D0193,2026-07-24 08:08:04.242520,2026-07-24 08:30:04.242520,Residential Area,Railway Station,25.78,536.04,UPI,Completed
R02335,C0313,D0068,2026-06-25 12:10:04.242555,2026-06-25 13:09:04.242555,Hospital,Airport,12.76,324.68,Debit Card,Completed
R02336,C0705,D0385,2026-06-07 04:15:04.242594,2026-06-07 05:15:04.242594,Residential Area,City Center,6.91,198.38,UPI,Completed
R02337,C0351,D0255,2026-06-02 06:45:04.242630,2026-06-02 07:30:04.242630,Railway Station,Metro Station,11.69,245.42,Debit Card,Cancelled
R02338,C0727,D0109,2025-12-15 10:48:04.242673,2025-12-15 11:19:04.242673,City Center,University,8.74,226.32,Cash,Cancelled
R02339,C0428,D0292,2025-08-04 04:46:04.242714,2025-08-04 05:18:04.242714,IT Park,Metro Station,17.84,380.12,Credit Card,Cancelled
R02340,C0229,D0426,2025-08-13 01:08:04.242755,2025-08-13 01:52:04.242755,University,City Center,27.67,569.06,Debit Card,Completed
R02341,C0366,D0315,2025-09-07 02:37:04.242792,2025-09-07 03:04:04.242792,Airport,Hospital,25.75,536.5,Debit Card,Cancelled
R02342,C0871,D0268,2025-11-15 01:09:04.242829,2025-11-15 02:08:04.242829,Railway Station,IT Park,25.21,477.78,Credit Card,Cancelled
R02343,C0114,D0346,2025-09-06 23:49:04.242865,2025-09-07 00:25:04.242865,Mall,Airport,7.28,214.04,Cash,Completed
R02344,C0754,D0275,2025-10-31 02:46:04.242901,2025-10-31 04:10:04.242901,Hospital,Bus Stand,25.5,541.0,UPI,Cancelled
R02345,C0546,D0002,2026-06-12 07:19:04.242934,2026-06-12 08:34:04.242934,IT Park,Mall,29.5,627.0,Credit Card,Completed
R02346,C0346,D0075,2025-09-07 08:11:04.242970,2025-09-07 08:50:04.242970,Metro Station,Hospital,15.11,352.98,Cash,Completed
R02347,C0482,D0187,2026-06-08 01:18:04.243005,2026-06-08 02:44:04.243005,City Center,Metro Station,24.3,472.4,Cash,Completed
R02348,C0793,D0474,2026-01-28 07:00:04.243052,2026-01-28 07:18:04.243052,Railway Station,Hospital,9.68,257.24,Cash,Completed
R02349,C0254,D0490,2026-02-18 06:02:04.243104,2026-02-18 07:30:04.243104,University,Mall,11.44,304.92,UPI,Cancelled
R02350,C0443,D0277,2026-06-17 14:26:04.243149,2026-06-17 15:44:04.243149,University,Mall,11.57,267.26,Debit Card,Cancelled
R02351,C0121,D0417,2025-12-02 14:43:04.243187,2025-12-02 15:33:04.243187,Airport,Bus Stand,13.26,318.68,UPI,Completed
R02352,C0650,D0490,2026-05-01 13:25:04.243245,2026-05-01 14:50:04.243245,University,Metro Station,11.74,269.32,Debit Card,Cancelled
R02353,C0575,D0473,2025-08-29 15:13:04.243284,2025-08-29 16:15:04.243284,Mall,Railway Station,8.33,246.94,Cash,Completed
R02354,C0359,D0316,2025-12-18 22:42:04.243320,2025-12-18 23:20:04.243320,Railway Station,Residential Area,27.03,532.54,Cash,Cancelled
R02355,C0682,D0263,2026-03-22 17:25:04.243355,2026-03-22 18:44:04.243355,City Center,Hospital,21.5,456.0,Cash,Cancelled
R02356,C0672,D0311,2026-06-09 19:48:04.243407,2026-06-09 20:22:04.243407,Airport,City Center,19.08,422.44,UPI,Cancelled
R02357,C0885,D0068,2025-09-01 05:00:04.243443,2025-09-01 05:26:04.243443,City Center,University,10.18,249.24,Debit Card,Completed
R02358,C0438,D0141,2025-12-07 18:24:04.243485,2025-12-07 19:30:04.243485,Metro Station,Bus Stand,13.89,327.02,Debit Card,Completed
R02359,C0245,D0457,2026-02-22 10:59:04.243523,2026-02-22 12:08:04.243523,Hospital,Metro Station,11.62,278.16,UPI,Completed
R02360,C0077,D0452,2026-01-24 18:56:04.243559,2026-01-24 19:09:04.243559,Airport,Airport,14.9,336.2,Cash,Completed
R02361,C0855,D0303,2025-08-16 02:00:04.243596,2025-08-16 03:30:04.243596,University,Railway Station,4.14,104.52,Credit Card,Completed
R02362,C0220,D0325,2025-12-22 18:08:04.243633,2025-12-22 19:05:04.243633,Airport,Metro Station,8.58,220.44,UPI,Cancelled
R02363,C0761,D0375,2026-05-28 02:45:04.243671,2026-05-28 04:11:04.243671,Mall,Metro Station,26.57,557.26,Cash,Cancelled
R02364,C0326,D0139,2026-07-28 04:04:04.243708,2026-07-28 04:56:04.243708,Metro Station,Hospital,29.03,552.54,UPI,Completed
R02365,C0544,D0468,2025-11-17 10:15:04.243745,2025-11-17 10:40:04.243745,Metro Station,Bus Stand,5.56,179.08,Debit Card,Cancelled
R02366,C0838,D0034,2026-06-22 02:37:04.243783,2026-06-22 03:41:04.243783,City Center,Railway Station,10.38,276.84,Credit Card,Completed
R02367,C0262,D0133,2025-10-21 16:26:04.243819,2025-10-21 17:51:04.243819,Airport,City Center,12.52,253.36,Cash,Cancelled
R02368,C0942,D0114,2026-02-09 19:27:04.243863,2026-02-09 19:51:04.243863,City Center,IT Park,4.35,109.3,UPI,Cancelled
R02369,C0366,D0431,2025-09-13 03:39:04.243901,2025-09-13 04:51:04.243901,Residential Area,City Center,2.52,144.36,Cash,Cancelled
R02370,C0141,D0046,2026-04-25 12:15:04.243937,2026-04-25 13:01:04.243937,Airport,City Center,13.74,328.32,Debit Card,Cancelled
R02371,C0983,D0105,2026-07-17 02:30:04.243974,2026-07-17 03:00:04.243974,Railway Station,Railway Station,16.05,348.9,Credit Card,Completed
R02372,C0353,D0222,2026-02-13 03:35:04.244011,2026-02-13 04:44:04.244011,Bus Stand,Hospital,2.33,105.94,Debit Card,Completed
R02373,C0719,D0137,2025-09-29 10:35:04.244063,2025-09-29 10:48:04.244063,University,City Center,25.87,552.66,Cash,Cancelled
R02374,C0215,D0090,2026-07-31 22:31:04.244112,2026-07-31 23:13:04.244112,Railway Station,Residential Area,19.48,429.64,Credit Card,Cancelled
R02375,C0549,D0247,2026-04-12 04:58:04.244156,2026-04-12 05:33:04.244156,Bus Stand,University,11.66,296.88,Credit Card,Completed
R02376,C0500,D0151,2025-11-21 22:03:04.244192,2025-11-21 23:11:04.244192,Railway Station,Bus Stand,27.47,590.46,Credit Card,Cancelled
R02377,C0915,D0367,2025-11-25 06:03:04.244250,2025-11-25 07:22:04.244250,City Center,Airport,15.66,372.88,Credit Card,Completed
R02378,C0273,D0066,2026-04-22 13:31:04.244299,2026-04-22 14:14:04.244299,Airport,Bus Stand,6.54,207.72,UPI,Completed
R02379,C0224,D0185,2026-03-30 14:40:04.244336,2026-03-30 15:36:04.244336,Residential Area,Residential Area,2.91,133.38,UPI,Cancelled
R02380,C0010,D0098,2025-09-10 09:48:04.244371,2025-09-10 10:38:04.244371,City Center,Hospital,7.62,177.16,Credit Card,Completed
R02381,C0784,D0401,2026-02-06 21:06:04.244407,2026-02-06 22:00:04.244407,Bus Stand,Metro Station,11.59,237.62,UPI,Completed
R02382,C0288,D0030,2025-08-20 08:01:04.244442,2025-08-20 08:42:04.244442,IT Park,City Center,14.32,325.76,UPI,Completed
R02383,C0318,D0250,2026-04-10 18:16:04.244478,2026-04-10 18:54:04.244478,IT Park,IT Park,21.6,474.8,Cash,Cancelled
R02384,C0868,D0314,2026-04-01 14:19:04.244533,2026-04-01 14:47:04.244533,Metro Station,Hospital,15.89,364.02,Credit Card,Cancelled
R02385,C0647,D0016,2025-10-30 17:36:04.244574,2025-10-30 18:21:04.244574,Metro Station,Airport,15.33,332.94,Debit Card,Cancelled
R02386,C0150,D0082,2025-10-07 10:20:04.244611,2025-10-07 11:21:04.244611,University,Airport,25.8,564.4,Credit Card,Completed
R02387,C0723,D0356,2026-04-02 02:52:04.244649,2026-04-02 04:17:04.244649,Residential Area,Hospital,6.7,208.6,UPI,Cancelled
R02388,C0502,D0410,2026-02-12 12:04:04.244692,2026-02-12 12:44:04.244692,Hospital,Metro Station,15.8,352.4,Debit Card,Cancelled
R02389,C0585,D0415,2026-04-06 09:09:04.244729,2026-04-06 10:03:04.244729,Hospital,Airport,21.21,468.78,Debit Card,Completed
R02390,C0701,D0051,2026-05-10 13:24:04.244764,2026-05-10 14:15:04.244764,Hospital,Railway Station,27.69,591.42,Credit Card,Cancelled
R02391,C0093,D0023,2025-11-26 02:42:04.244799,2025-11-26 03:11:04.244799,Hospital,University,21.77,417.86,Debit Card,Cancelled
R02392,C0610,D0200,2025-11-14 12:24:04.244844,2025-11-14 13:41:04.244844,Bus Stand,City Center,21.08,474.44,Debit Card,Completed
R02393,C0436,D0383,2026-03-15 21:25:04.244882,2026-03-15 22:33:04.244882,Hospital,Metro Station,25.04,519.72,Credit Card,Completed
R02394,C0838,D0127,2026-01-24 00:56:04.244918,2026-01-24 01:29:04.244918,Metro Station,City Center,9.91,228.38,Debit Card,Completed
R02395,C0097,D0280,2026-03-28 20:07:04.244954,2026-03-28 20:49:04.244954,Residential Area,Airport,26.04,550.72,Credit Card,Completed
R02396,C0439,D0178,2025-12-29 09:24:04.244990,2025-12-29 10:30:04.244990,Bus Stand,Residential Area,11.8,281.4,UPI,Cancelled
R02397,C0431,D0073,2026-07-02 16:19:04.245023,2026-07-02 17:19:04.245023,Mall,Airport,11.42,238.56,Credit Card,Cancelled
R02398,C0079,D0111,2025-11-08 15:22:04.245064,2025-11-08 16:49:04.245064,Railway Station,Airport,22.0,427.0,Debit Card,Cancelled
R02399,C0638,D0313,2025-08-10 10:35:04.245134,2025-08-10 11:38:04.245134,Metro Station,Mall,18.43,382.74,Credit Card,Cancelled
R02400,C0886,D0065,2025-09-30 00:29:04.245174,2025-09-30 00:48:04.245174,Mall,Metro Station,2.72,107.96,Debit Card,Completed
R02401,C0237,D0087,2026-01-23 13:00:04.245255,2026-01-23 14:02:04.245255,Airport,Metro Station,9.51,271.18,Cash,Cancelled
R02402,C0584,D0360,2025-08-10 17:07:04.245311,2025-08-10 17:47:04.245311,Residential Area,University,17.3,331.4,UPI,Completed
R02403,C0161,D0097,2025-09-06 00:22:04.245349,2025-09-06 00:57:04.245349,IT Park,Bus Stand,2.52,135.36,Credit Card,Cancelled
R02404,C0542,D0377,2025-11-10 09:58:04.245407,2025-11-10 10:11:04.245407,Hospital,Mall,27.9,601.2,Cash,Completed
R02405,C0296,D0006,2026-08-02 11:30:04.245463,2026-08-02 12:32:04.245463,Mall,Airport,23.51,449.18,Credit Card,Completed
R02406,C0783,D0064,2025-10-25 04:13:04.245500,2025-10-25 04:30:04.245500,Airport,Metro Station,8.86,198.48,Debit Card,Cancelled
R02407,C0388,D0367,2025-11-06 05:53:04.245536,2025-11-06 06:03:04.245536,Railway Station,Hospital,28.78,582.04,Debit Card,Cancelled
R02408,C0527,D0008,2025-09-10 07:22:04.245580,2025-09-10 08:46:04.245580,Airport,Residential Area,3.61,164.98,Credit Card,Cancelled
R02409,C0240,D0223,2026-01-23 18:42:04.245621,2026-01-23 20:09:04.245621,University,Metro Station,2.92,121.56,Credit Card,Completed
R02410,C0441,D0387,2026-02-21 16:24:04.245657,2026-02-21 17:02:04.245657,University,City Center,25.49,485.82,UPI,Completed
R02411,C0226,D0439,2026-03-13 23:15:04.245694,2026-03-13 23:41:04.245694,University,Metro Station,20.95,432.1,Credit Card,Completed
R02412,C0851,D0135,2025-10-10 02:39:04.245736,2025-10-10 03:44:04.245736,Metro Station,Residential Area,16.73,335.14,UPI,Cancelled
R02413,C0593,D0473,2026-03-29 14:06:04.245773,2026-03-29 14:28:04.245773,IT Park,Metro Station,23.36,517.48,Cash,Cancelled
R02414,C0204,D0344,2026-04-16 06:18:04.245812,2026-04-16 07:36:04.245812,Railway Station,Railway Station,25.63,513.34,Debit Card,Completed
R02415,C0481,D0380,2025-12-31 21:54:04.245844,2025-12-31 22:09:04.245844,Metro Station,Metro Station,18.72,381.96,Cash,Completed
R02416,C0673,D0079,2025-11-19 23:12:04.245897,2025-11-20 00:37:04.245897,University,Residential Area,11.48,304.64,Debit Card,Completed
R02417,C0909,D0419,2026-04-06 02:56:04.245931,2026-04-06 04:24:04.245931,City Center,University,26.08,532.44,UPI,Cancelled
R02418,C0891,D0478,2025-11-22 11:50:04.245970,2025-11-22 12:53:04.245970,City Center,Bus Stand,18.7,365.6,Cash,Completed
R02419,C0306,D0442,2025-08-19 05:26:04.246003,2025-08-19 06:47:04.246003,City Center,Airport,18.23,370.14,Debit Card,Completed
R02420,C0903,D0364,2025-12-10 16:25:04.246040,2025-12-10 17:30:04.246040,Airport,Railway Station,3.52,89.36,Debit Card,Completed
R02421,C0652,D0016,2025-08-06 08:08:04.246077,2025-08-06 08:38:04.246077,University,Residential Area,21.51,422.18,Debit Card,Cancelled
R02422,C0590,D0037,2025-09-23 04:20:04.246132,2025-09-23 04:58:04.246132,IT Park,Residential Area,28.15,600.7,Credit Card,Cancelled
R02423,C0301,D0085,2026-07-01 20:47:04.246169,2026-07-01 22:03:04.246169,City Center,Mall,15.52,327.36,Cash,Cancelled
R02424,C0959,D0366,2025-09-29 18:46:04.246207,2025-09-29 19:06:04.246207,Railway Station,Airport,17.0,401.0,Debit Card,Cancelled
R02425,C0657,D0404,2025-09-19 13:26:04.246258,2025-09-19 13:56:04.246258,Hospital,Airport,17.9,370.2,Cash,Completed
R02426,C0112,D0294,2025-08-28 17:38:04.246293,2025-08-28 19:07:04.246293,Bus Stand,City Center,11.24,301.32,Credit Card,Cancelled
R02427,C0199,D0459,2026-03-19 07:24:04.246328,2026-03-19 08:25:04.246328,IT Park,Residential Area,9.9,260.2,Debit Card,Completed
R02428,C0734,D0251,2025-08-23 14:11:04.246374,2025-08-23 14:24:04.246374,Airport,Airport,3.28,98.04,Cash,Completed
R02429,C0030,D0114,2025-08-06 15:42:04.246413,2025-08-06 17:10:04.246413,Hospital,Bus Stand,27.92,539.56,Cash,Completed
R02430,C0249,D0036,2026-04-20 03:28:04.246451,2026-04-20 04:11:04.246451,City Center,Residential Area,4.88,147.84,Credit Card,Completed
R02431,C0066,D0485,2025-11-03 13:35:04.246486,2025-11-03 14:41:04.246486,Hospital,Airport,14.31,285.58,Cash,Completed
R02432,C0430,D0011,2026-03-14 10:58:04.246523,2026-03-14 11:51:04.246523,Residential Area,IT Park,14.52,303.36,Debit Card,Cancelled
R02433,C0936,D0131,2026-01-04 16:16:04.246559,2026-01-04 17:12:04.246559,Residential Area,City Center,29.54,587.72,UPI,Completed
R02434,C0158,D0087,2026-05-07 03:35:04.246647,2026-05-07 04:14:04.246647,Railway Station,Railway Station,8.1,213.8,Debit Card,Completed
R02435,C0375,D0433,2026-03-15 22:19:04.246788,2026-03-15 23:42:04.246788,Hospital,Bus Stand,22.92,506.56,Cash,Cancelled
R02436,C0815,D0426,2026-03-30 21:19:04.246838,2026-03-30 22:21:04.246838,Mall,Residential Area,29.12,567.16,Credit Card,Cancelled
R02437,C0721,D0259,2026-07-17 06:07:04.246910,2026-07-17 06:36:04.246910,IT Park,Residential Area,10.36,284.48,Credit Card,Cancelled
R02438,C0735,D0409,2025-10-25 08:50:04.246975,2025-10-25 09:11:04.246975,Airport,Residential Area,27.41,593.38,UPI,Cancelled
R02439,C0619,D0285,2026-06-11 06:26:04.247015,2026-06-11 07:22:04.247015,City Center,Railway Station,7.99,192.82,Credit Card,Completed
R02440,C0079,D0278,2025-10-25 02:27:04.247060,2025-10-25 03:22:04.247060,Hospital,Railway Station,6.43,168.74,Credit Card,Cancelled
R02441,C0975,D0183,2026-01-12 07:41:04.247108,2026-01-12 08:10:04.247108,Metro Station,Residential Area,13.61,293.98,Cash,Completed
R02442,C0136,D0093,2025-08-14 22:22:04.247148,2025-08-14 22:37:04.247148,Hospital,IT Park,25.34,546.12,Cash,Cancelled
R02443,C0218,D0409,2025-09-21 12:32:04.247188,2025-09-21 13:00:04.247188,IT Park,Hospital,12.37,303.66,UPI,Completed
R02444,C0299,D0067,2026-06-14 11:15:04.247242,2026-06-14 12:32:04.247242,Metro Station,IT Park,16.09,378.62,Debit Card,Completed
R02445,C0619,D0451,2026-05-26 19:50:04.247282,2026-05-26 21:02:04.247282,University,Airport,26.92,547.56,Cash,Completed
R02446,C0544,D0186,2026-03-17 16:22:04.247321,2026-03-17 17:41:04.247321,IT Park,Mall,6.42,184.56,Credit Card,Cancelled
R02447,C0966,D0001,2026-02-14 19:08:04.247356,2026-02-14 20:09:04.247356,Mall,City Center,28.84,570.12,Cash,Completed
R02448,C0486,D0371,2026-04-20 08:56:04.247401,2026-04-20 10:07:04.247401,City Center,City Center,6.68,149.24,UPI,Completed
R02449,C0664,D0368,2026-05-28 10:51:04.247438,2026-05-28 11:45:04.247438,IT Park,Railway Station,8.06,232.08,UPI,Completed
R02450,C0443,D0193,2026-06-30 07:03:04.247475,2026-06-30 08:24:04.247475,Airport,Bus Stand,16.76,351.68,Debit Card,Completed
R02451,C0287,D0368,2026-06-20 23:05:04.247511,2026-06-20 23:21:04.247511,Airport,Mall,12.67,264.06,UPI,Completed
R02452,C0916,D0426,2026-03-25 05:00:04.247548,2026-03-25 06:27:04.247548,City Center,Bus Stand,20.17,436.06,Credit Card,Cancelled
R02453,C0683,D0081,2025-09-23 14:54:04.247589,2025-09-23 16:13:04.247589,University,IT Park,13.3,295.4,UPI,Completed
R02454,C0399,D0311,2025-12-07 17:43:04.247625,2025-12-07 18:07:04.247625,Mall,Railway Station,23.32,489.76,Cash,Completed
R02455,C0077,D0106,2026-04-25 01:32:04.247660,2026-04-25 02:52:04.247660,Railway Station,IT Park,7.49,200.82,Debit Card,Completed
R02456,C0438,D0432,2026-01-28 21:28:04.247696,2026-01-28 21:54:04.247696,City Center,Airport,3.75,89.5,Cash,Completed
R02457,C0173,D0253,2026-07-01 21:32:04.247731,2026-07-01 22:57:04.247731,Railway Station,Residential Area,20.34,405.12,Cash,Cancelled
R02458,C0020,D0412,2025-08-25 11:21:04.247772,2025-08-25 12:17:04.247772,Residential Area,Metro Station,8.82,179.76,Debit Card,Completed
R02459,C0470,D0028,2025-12-19 18:54:04.247812,2025-12-19 19:15:04.247812,Hospital,Hospital,15.3,362.4,Cash,Cancelled
R02460,C0758,D0084,2025-11-28 01:54:04.247849,2025-11-28 02:22:04.247849,Metro Station,University,8.13,239.34,UPI,Cancelled
R02461,C0395,D0491,2026-01-03 13:06:04.247926,2026-01-03 13:59:04.247926,Residential Area,Mall,11.11,289.98,Credit Card,Completed
R02462,C0285,D0260,2025-08-20 23:53:04.247972,2025-08-21 00:20:04.247972,Airport,Railway Station,29.81,599.58,Cash,Cancelled
R02463,C0604,D0137,2026-07-10 20:55:04.248009,2026-07-10 21:17:04.248009,Hospital,University,23.3,456.4,Credit Card,Completed
R02464,C0922,D0038,2026-07-13 14:17:04.248045,2026-07-13 15:11:04.248045,Mall,University,12.06,272.08,Credit Card,Completed
R02465,C0065,D0131,2025-11-16 23:28:04.248080,2025-11-16 23:56:04.248080,Bus Stand,Residential Area,15.16,322.88,Cash,Completed
R02466,C0864,D0419,2026-03-10 07:37:04.248114,2026-03-10 07:56:04.248114,Residential Area,Metro Station,23.11,463.98,Cash,Completed
R02467,C0754,D0231,2026-07-19 00:29:04.248150,2026-07-19 01:40:04.248150,City Center,Airport,9.0,231.0,Credit Card,Cancelled
R02468,C0607,D0479,2026-07-31 03:10:04.248198,2026-07-31 03:49:04.248198,University,IT Park,23.63,472.34,Cash,Cancelled
R02469,C0432,D0017,2026-06-18 14:33:04.248264,2026-06-18 15:02:04.248264,City Center,IT Park,23.84,484.12,Cash,Cancelled
R02470,C0479,D0428,2025-11-17 04:38:04.248304,2025-11-17 05:05:04.248304,Hospital,IT Park,25.39,533.02,UPI,Completed
R02471,C0289,D0494,2026-04-13 03:14:04.248345,2026-04-13 03:47:04.248345,City Center,City Center,11.39,258.02,Credit Card,Completed
R02472,C0058,D0370,2026-06-06 12:50:04.248384,2026-06-06 13:24:04.248384,Bus Stand,Railway Station,8.31,235.58,Debit Card,Cancelled
R02473,C0777,D0130,2026-03-16 12:55:04.248423,2026-03-16 14:04:04.248423,University,University,14.57,359.26,UPI,Completed
R02474,C0292,D0009,2026-04-24 11:48:04.248463,2026-04-24 12:09:04.248463,IT Park,Bus Stand,24.17,529.06,Cash,Completed
R02475,C0479,D0143,2025-11-28 07:50:04.248500,2025-11-28 09:20:04.248500,City Center,University,16.86,333.48,UPI,Completed
R02476,C0397,D0306,2025-11-13 16:26:04.248533,2025-11-13 16:43:04.248533,Airport,Bus Stand,28.59,534.62,Credit Card,Cancelled
R02477,C0564,D0273,2026-06-29 20:23:04.248569,2026-06-29 20:44:04.248569,Bus Stand,IT Park,29.06,565.08,Cash,Completed
R02478,C0554,D0391,2025-10-25 17:11:04.248614,2025-10-25 17:36:04.248614,Bus Stand,Bus Stand,15.31,313.58,UPI,Completed
R02479,C0311,D0172,2026-02-14 06:57:04.248651,2026-02-14 08:21:04.248651,Bus Stand,City Center,13.73,317.14,UPI,Cancelled
R02480,C0263,D0219,2026-03-02 18:17:04.248685,2026-03-02 19:37:04.248685,IT Park,Residential Area,14.88,364.84,Cash,Completed
R02481,C0201,D0079,2026-07-22 16:58:04.248728,2026-07-22 17:10:04.248728,Residential Area,City Center,6.95,190.1,Debit Card,Completed
R02482,C0263,D0321,2026-07-02 22:53:04.248764,2026-07-02 23:40:04.248764,University,Residential Area,5.71,153.78,UPI,Completed
R02483,C0641,D0216,2026-08-01 08:52:04.248801,2026-08-01 09:04:04.248801,Mall,University,20.03,421.54,Credit Card,Cancelled
R02484,C0107,D0461,2025-11-28 03:22:04.248837,2025-11-28 04:30:04.248837,IT Park,Residential Area,29.92,631.56,Cash,Completed
R02485,C0519,D0256,2025-11-07 11:29:04.248883,2025-11-07 12:55:04.248883,University,Metro Station,5.72,127.96,Credit Card,Cancelled
R02486,C0366,D0480,2026-01-28 13:32:04.248922,2026-01-28 13:54:04.248922,Mall,Metro Station,26.45,505.1,Credit Card,Completed
R02487,C0199,D0118,2026-03-03 14:35:04.248960,2026-03-03 16:02:04.248960,Railway Station,Residential Area,22.28,490.04,UPI,Completed
R02488,C0644,D0245,2025-08-22 18:37:04.249001,2025-08-22 19:18:04.249001,Bus Stand,Railway Station,14.78,340.04,Credit Card,Completed
R02489,C0426,D0138,2025-08-14 03:51:04.249045,2025-08-14 05:10:04.249045,Airport,Hospital,19.86,410.48,Credit Card,Completed
R02490,C0484,D0195,2025-10-21 19:35:04.249084,2025-10-21 20:33:04.249084,Hospital,University,5.09,165.62,Cash,Cancelled
R02491,C0377,D0271,2025-11-29 07:54:04.249120,2025-11-29 09:10:04.249120,Airport,IT Park,3.97,151.46,Credit Card,Completed
R02492,C0986,D0131,2026-02-09 06:53:04.249156,2026-02-09 08:13:04.249156,Mall,University,15.64,381.52,Debit Card,Completed
R02493,C0532,D0368,2026-08-01 06:00:04.249193,2026-08-01 06:54:04.249193,City Center,Airport,28.56,575.08,Cash,Cancelled
R02494,C0913,D0346,2026-01-15 16:20:04.249249,2026-01-15 16:36:04.249249,IT Park,Residential Area,28.17,557.06,Credit Card,Completed
R02495,C0589,D0497,2026-06-27 14:18:04.249289,2026-06-27 15:38:04.249289,Residential Area,Metro Station,13.76,325.68,Cash,Completed
R02496,C0302,D0374,2026-05-22 12:17:04.249336,2026-05-22 12:30:04.249336,Airport,Railway Station,11.84,251.12,Cash,Cancelled
R02497,C0310,D0238,2026-06-09 20:43:04.249376,2026-06-09 20:57:04.249376,Bus Stand,Hospital,8.19,223.42,Debit Card,Completed
R02498,C0053,D0174,2025-11-27 00:06:04.249430,2025-11-27 00:59:04.249430,IT Park,City Center,10.48,259.64,Credit Card,Cancelled
R02499,C0225,D0162,2026-03-13 10:04:04.249470,2026-03-13 11:17:04.249470,Hospital,City Center,5.36,165.48,UPI,Completed
R02500,C0730,D0059,2025-12-08 14:58:04.249508,2025-12-08 15:21:04.249508,City Center,City Center,9.73,273.14,UPI,Completed
R02501,C0549,D0108,2025-12-17 14:08:04.249546,2025-12-17 14:41:04.249546,Bus Stand,Bus Stand,25.21,548.78,Credit Card,Cancelled
R02502,C0878,D0201,2025-08-31 01:21:04.249586,2025-08-31 02:20:04.249586,Hospital,City Center,11.3,249.4,Credit Card,Completed
R02503,C0084,D0204,2026-07-21 08:36:04.249626,2026-07-21 09:02:04.249626,Hospital,Railway Station,2.03,99.54,Cash,Completed
R02504,C0285,D0261,2026-03-13 07:15:04.249665,2026-03-13 07:30:04.249665,City Center,Airport,6.76,184.68,UPI,Completed
R02505,C0376,D0225,2026-06-21 02:35:04.249703,2026-06-21 03:57:04.249703,Bus Stand,Mall,14.95,348.1,Debit Card,Cancelled
R02506,C0794,D0006,2026-06-28 08:55:04.249742,2026-06-28 10:04:04.249742,Bus Stand,Metro Station,16.58,319.44,Debit Card,Completed
R02507,C0603,D0270,2025-08-26 02:18:04.249780,2025-08-26 03:14:04.249780,Metro Station,Bus Stand,13.73,277.14,Credit Card,Completed
R02508,C0244,D0243,2026-05-12 17:57:04.249823,2026-05-12 18:42:04.249823,Railway Station,Bus Stand,20.62,431.16,Credit Card,Completed
R02509,C0842,D0081,2026-07-05 15:28:04.249862,2026-07-05 16:26:04.249862,Hospital,Metro Station,24.49,522.82,Debit Card,Cancelled
R02510,C0834,D0463,2026-01-01 02:45:04.249914,2026-01-01 03:10:04.249914,Metro Station,Railway Station,21.11,419.98,Credit Card,Completed
R02511,C0262,D0473,2026-02-25 02:58:04.249955,2026-02-25 03:13:04.249955,Airport,Metro Station,11.18,272.24,Credit Card,Completed
R02512,C0380,D0286,2026-04-01 18:45:04.249994,2026-04-01 19:53:04.249994,Mall,Metro Station,23.84,459.12,Cash,Completed
R02513,C0476,D0146,2025-12-18 20:32:04.250031,2025-12-18 21:26:04.250031,IT Park,University,13.77,346.86,Debit Card,Cancelled
R02514,C0507,D0246,2026-05-12 18:21:04.250065,2026-05-12 18:57:04.250065,Airport,Railway Station,3.3,142.4,Debit Card,Cancelled
R02515,C0791,D0467,2026-07-25 03:22:04.250100,2026-07-25 04:25:04.250100,Airport,Hospital,2.41,108.38,UPI,Cancelled
R02516,C0678,D0131,2025-09-26 01:48:04.250135,2025-09-26 02:31:04.250135,Residential Area,Hospital,17.0,334.0,Cash,Cancelled
R02517,C0262,D0163,2026-01-25 15:05:04.250178,2026-01-25 15:55:04.250178,City Center,Mall,27.07,576.26,Cash,Completed
R02518,C0097,D0379,2025-09-04 07:56:04.250231,2025-09-04 09:09:04.250231,Metro Station,Mall,15.64,368.52,Credit Card,Cancelled
R02519,C0062,D0009,2026-01-12 22:40:04.250273,2026-01-12 23:24:04.250273,Railway Station,Mall,25.71,545.78,UPI,Cancelled
R02520,C0911,D0442,2026-02-02 01:49:04.250306,2026-02-02 02:36:04.250306,Hospital,Railway Station,10.99,265.82,Credit Card,Cancelled
R02521,C0039,D0390,2025-12-01 04:08:04.250342,2025-12-01 05:19:04.250342,Railway Station,University,20.8,445.4,Cash,Completed
R02522,C0339,D0066,2025-12-25 09:42:04.250378,2025-12-25 11:09:04.250378,Railway Station,Residential Area,19.61,395.98,UPI,Cancelled
R02523,C0298,D0429,2026-03-10 19:00:04.250413,2026-03-10 19:35:04.250413,Metro Station,IT Park,17.11,334.98,Credit Card,Completed
R02524,C0621,D0122,2026-02-28 04:05:04.250449,2026-02-28 05:02:04.250449,University,Mall,25.82,511.76,Credit Card,Completed
R02525,C0911,D0490,2026-05-12 21:12:04.250488,2026-05-12 22:39:04.250488,Bus Stand,Railway Station,10.65,281.7,Debit Card,Completed
R02526,C0278,D0458,2025-11-11 14:21:04.250528,2025-11-11 15:19:04.250528,Railway Station,Metro Station,11.22,270.96,Debit Card,Completed
R02527,C0745,D0031,2025-08-29 14:47:04.250560,2025-08-29 15:21:04.250560,Bus Stand,University,23.89,492.02,Debit Card,Completed
R02528,C0202,D0336,2026-02-07 22:34:04.250595,2026-02-07 23:11:04.250595,University,Metro Station,7.38,165.84,Debit Card,Completed
R02529,C0827,D0146,2026-01-06 04:41:04.250632,2026-01-06 05:09:04.250632,Railway Station,Residential Area,20.2,402.6,UPI,Cancelled
R02530,C0349,D0050,2025-10-21 01:14:04.250667,2025-10-21 01:41:04.250667,Bus Stand,Metro Station,4.36,166.48,Cash,Cancelled
R02531,C0821,D0499,2026-01-22 10:18:04.250703,2026-01-22 11:30:04.250703,Railway Station,IT Park,16.72,322.96,Cash,Cancelled
R02532,C0798,D0141,2026-02-09 19:56:04.250738,2026-02-09 21:07:04.250738,Hospital,Bus Stand,20.19,422.42,Credit Card,Cancelled
R02533,C0448,D0050,2026-05-10 08:45:04.250774,2026-05-10 09:55:04.250774,Metro Station,Metro Station,5.35,129.3,UPI,Completed
R02534,C0993,D0013,2025-11-25 15:58:04.250808,2025-11-25 17:11:04.250808,City Center,Metro Station,13.81,340.58,UPI,Cancelled
R02535,C0974,D0106,2026-03-26 16:27:04.250843,2026-03-26 17:01:04.250843,University,Airport,26.33,524.94,Credit Card,Cancelled
R02536,C0237,D0319,2025-10-05 04:20:04.250888,2025-10-05 05:27:04.250888,Residential Area,City Center,20.31,417.58,UPI,Completed
R02537,C0056,D0455,2026-01-31 21:26:04.250926,2026-01-31 22:54:04.250926,Residential Area,Bus Stand,12.96,267.28,Cash,Cancelled
R02538,C0719,D0483,2026-01-29 22:45:04.250967,2026-01-29 23:27:04.250967,IT Park,IT Park,8.37,227.66,Debit Card,Cancelled
R02539,C0271,D0176,2026-04-20 20:09:04.251006,2026-04-20 20:32:04.251006,University,City Center,27.06,536.08,Cash,Completed
R02540,C0175,D0063,2026-07-17 13:38:04.251042,2026-07-17 14:02:04.251042,Mall,City Center,2.72,96.96,UPI,Cancelled
R02541,C0479,D0059,2025-09-26 02:32:04.251085,2025-09-26 03:53:04.251085,Bus Stand,University,5.14,163.52,Credit Card,Completed
R02542,C0105,D0472,2026-03-02 12:16:04.251124,2026-03-02 12:34:04.251124,IT Park,Railway Station,24.1,474.8,Debit Card,Cancelled
R02543,C0787,D0082,2026-06-27 07:37:04.251163,2026-06-27 08:09:04.251163,Hospital,University,17.5,409.0,UPI,Cancelled
R02544,C0514,D0328,2025-12-04 10:58:04.251203,2025-12-04 11:30:04.251203,Residential Area,City Center,7.24,192.32,UPI,Completed
R02545,C0870,D0374,2026-03-04 02:25:04.251307,2026-03-04 03:07:04.251307,Hospital,Residential Area,25.5,524.0,UPI,Completed
R02546,C0304,D0133,2026-03-29 03:51:04.251346,2026-03-29 04:01:04.251346,Bus Stand,Railway Station,6.7,194.6,Credit Card,Completed
R02547,C0884,D0373,2026-01-11 07:49:04.251385,2026-01-11 08:45:04.251385,Metro Station,Railway Station,18.73,388.14,UPI,Completed
R02548,C0439,D0195,2026-01-16 18:04:04.251437,2026-01-16 19:29:04.251437,Mall,University,27.47,557.46,Credit Card,Completed
R02549,C0151,D0417,2026-06-05 17:00:04.251477,2026-06-05 18:16:04.251477,Metro Station,City Center,3.09,129.62,Cash,Cancelled
R02550,C0958,D0177,2026-07-04 22:42:04.251516,2026-07-05 00:07:04.251516,University,City Center,22.12,470.16,UPI,Cancelled
R02551,C0803,D0404,2026-04-17 12:49:04.251555,2026-04-17 13:09:04.251555,IT Park,Airport,22.01,481.18,Debit Card,Completed
R02552,C1000,D0048,2026-04-05 21:33:04.251594,2026-04-05 22:26:04.251594,University,Metro Station,11.07,264.26,Debit Card,Completed
R02553,C0014,D0412,2025-12-21 03:59:04.251632,2025-12-21 04:52:04.251632,Mall,Railway Station,29.57,556.26,Cash,Cancelled
R02554,C0867,D0241,2026-06-10 16:04:04.251681,2026-06-10 16:49:04.251681,Metro Station,Hospital,19.38,368.84,UPI,Cancelled
R02555,C0911,D0204,2025-11-01 18:23:04.251719,2025-11-01 19:03:04.251719,Railway Station,Airport,28.18,568.24,UPI,Completed
R02556,C0993,D0129,2026-06-26 15:25:04.251757,2026-06-26 16:20:04.251757,Residential Area,City Center,2.64,113.52,Credit Card,Cancelled
R02557,C0357,D0225,2025-10-23 15:44:04.251795,2025-10-23 17:11:04.251795,Metro Station,Hospital,21.79,485.22,Credit Card,Completed
R02558,C0485,D0338,2026-04-28 04:49:04.251838,2026-04-28 05:34:04.251838,Hospital,Mall,21.41,435.38,UPI,Completed
R02559,C0109,D0046,2025-12-17 03:32:04.251886,2025-12-17 04:40:04.251886,Hospital,Bus Stand,15.49,378.82,Credit Card,Cancelled
R02560,C0271,D0293,2025-08-20 22:18:04.251924,2025-08-20 22:57:04.251924,IT Park,Hospital,22.86,449.48,Cash,Completed
R02561,C0661,D0402,2026-07-14 01:15:04.251962,2026-07-14 02:02:04.251962,City Center,Hospital,6.82,211.76,UPI,Cancelled
R02562,C0049,D0306,2025-09-20 10:59:04.252004,2025-09-20 12:18:04.252004,Airport,Hospital,10.84,224.12,Cash,Completed
R02563,C0070,D0115,2026-07-10 23:18:04.252044,2026-07-11 00:43:04.252044,Hospital,Railway Station,18.94,401.92,UPI,Cancelled
R02564,C0568,D0484,2026-01-29 11:16:04.252083,2026-01-29 11:44:04.252083,Airport,Metro Station,18.27,361.86,Debit Card,Completed
R02565,C0567,D0008,2025-10-29 11:12:04.252121,2025-10-29 11:55:04.252121,Mall,Mall,7.43,224.74,Debit Card,Cancelled
R02566,C0993,D0433,2025-08-06 20:52:04.252160,2025-08-06 21:47:04.252160,Hospital,Airport,13.3,280.4,UPI,Completed
R02567,C0608,D0084,2025-12-31 15:13:04.252198,2025-12-31 16:39:04.252198,Airport,Airport,9.91,213.38,UPI,Completed
R02568,C0768,D0463,2025-12-22 07:49:04.252259,2025-12-22 09:11:04.252259,University,City Center,2.19,131.42,UPI,Completed
R02569,C0643,D0473,2025-09-15 23:05:04.252300,2025-09-15 23:29:04.252300,Bus Stand,IT Park,4.11,127.98,Cash,Completed
R02570,C0394,D0365,2026-04-13 10:40:04.252337,2026-04-13 11:56:04.252337,Bus Stand,City Center,15.5,300.0,Credit Card,Completed
R02571,C0368,D0271,2026-04-10 05:40:04.252375,2026-04-10 06:15:04.252375,Mall,Residential Area,3.22,88.96,UPI,Cancelled
R02572,C0757,D0096,2025-10-29 04:06:04.252412,2025-10-29 05:34:04.252412,Residential Area,IT Park,19.17,367.06,Credit Card,Cancelled
R02573,C0222,D0161,2026-05-18 20:06:04.252560,2026-05-18 21:35:04.252560,Metro Station,Airport,7.12,202.16,Debit Card,Cancelled
R02574,C0115,D0290,2026-01-15 19:27:04.252608,2026-01-15 20:39:04.252608,Residential Area,Mall,20.99,425.82,Credit Card,Cancelled
R02575,C0578,D0335,2026-03-21 15:50:04.252646,2026-03-21 17:20:04.252646,Railway Station,Railway Station,7.01,201.18,Cash,Completed
R02576,C0608,D0060,2026-03-29 22:47:04.252684,2026-03-30 00:15:04.252684,Residential Area,Mall,6.53,138.54,Debit Card,Completed
R02577,C0378,D0161,2025-12-01 17:07:04.252723,2025-12-01 17:32:04.252723,Residential Area,Hospital,23.85,473.3,Debit Card,Cancelled
R02578,C0104,D0026,2025-11-26 12:32:04.252765,2025-11-26 13:43:04.252765,IT Park,Bus Stand,8.89,181.02,UPI,Cancelled
R02579,C0818,D0220,2026-06-26 02:21:04.252804,2026-06-26 03:48:04.252804,City Center,Hospital,18.51,364.18,Cash,Completed
R02580,C0965,D0021,2025-12-04 18:47:04.252840,2025-12-04 20:16:04.252840,Residential Area,University,26.88,553.84,UPI,Cancelled
R02581,C0777,D0285,2025-10-13 12:29:04.252892,2025-10-13 13:06:04.252892,Mall,Railway Station,24.0,484.0,Debit Card,Completed
R02582,C0614,D0059,2026-03-17 11:24:04.252935,2026-03-17 12:10:04.252935,University,IT Park,18.55,417.9,Credit Card,Completed
R02583,C0807,D0085,2026-01-23 09:48:04.252971,2026-01-23 10:17:04.252971,Railway Station,Mall,12.79,298.22,Cash,Completed
R02584,C0284,D0186,2026-04-24 01:24:04.253008,2026-04-24 02:10:04.253008,Residential Area,Mall,17.9,395.2,Cash,Completed
R02585,C0496,D0150,2025-10-05 17:42:04.253046,2025-10-05 19:01:04.253046,University,Hospital,2.62,134.16,Cash,Completed
R02586,C0189,D0369,2025-11-18 21:20:04.253080,2025-11-18 21:55:04.253080,Residential Area,University,26.74,557.32,Cash,Completed
R02587,C0752,D0163,2025-09-09 02:16:04.253114,2025-09-09 02:58:04.253114,IT Park,Mall,3.38,88.84,Credit Card,Completed
R02588,C0298,D0085,2025-12-16 03:25:04.253158,2025-12-16 04:12:04.253158,Railway Station,IT Park,6.57,182.26,Credit Card,Completed
R02589,C0325,D0181,2026-01-18 12:40:04.253196,2026-01-18 13:54:04.253196,Bus Stand,Hospital,15.49,302.82,UPI,Completed
R02590,C0355,D0198,2026-02-20 13:00:04.253247,2026-02-20 13:30:04.253247,IT Park,Mall,11.92,303.56,Cash,Completed
R02591,C0417,D0466,2025-12-25 23:43:04.253284,2025-12-26 01:09:04.253284,Airport,IT Park,21.05,410.9,Cash,Cancelled
R02592,C0955,D0381,2026-01-14 21:42:04.253319,2026-01-14 22:46:04.253319,Airport,Railway Station,16.46,336.28,UPI,Completed
R02593,C0514,D0340,2026-07-31 03:15:04.253352,2026-07-31 04:04:04.253352,University,Railway Station,16.65,329.7,UPI,Cancelled
R02594,C0181,D0401,2025-08-22 07:53:04.253386,2025-08-22 08:35:04.253386,University,Airport,15.07,353.26,Credit Card,Completed
R02595,C0691,D0258,2026-05-09 13:04:04.253441,2026-05-09 14:20:04.253441,Residential Area,Bus Stand,16.71,329.78,Debit Card,Completed
R02596,C0113,D0221,2026-04-12 06:48:04.253476,2026-04-12 07:56:04.253476,Residential Area,Mall,27.6,553.8,Debit Card,Completed
R02597,C0852,D0137,2026-07-21 02:26:04.253512,2026-07-21 03:08:04.253512,IT Park,Bus Stand,17.48,406.64,Cash,Completed
R02598,C0896,D0224,2026-07-13 21:11:04.253555,2026-07-13 22:34:04.253555,IT Park,Hospital,13.21,275.78,Cash,Cancelled
R02599,C0783,D0437,2026-04-29 19:30:04.253594,2026-04-29 19:59:04.253594,City Center,Mall,5.53,158.54,Cash,Completed
R02600,C0949,D0241,2026-07-15 05:54:04.253627,2026-07-15 06:05:04.253627,Bus Stand,Bus Stand,22.3,487.4,Debit Card,Cancelled
R02601,C0932,D0464,2025-12-18 07:00:04.253661,2025-12-18 07:17:04.253661,Metro Station,Airport,18.29,389.22,Cash,Cancelled
R02602,C0389,D0468,2026-02-03 22:52:04.253697,2026-02-03 23:06:04.253697,Railway Station,IT Park,5.48,184.64,Credit Card,Cancelled
R02603,C0815,D0435,2026-04-02 13:33:04.253733,2026-04-02 14:30:04.253733,Metro Station,Metro Station,12.34,313.12,UPI,Completed
R02604,C0368,D0162,2025-11-27 15:09:04.253769,2025-11-27 16:17:04.253769,Metro Station,Residential Area,22.46,450.28,Debit Card,Cancelled
R02605,C0139,D0283,2025-08-27 13:44:04.253816,2025-08-27 14:54:04.253816,Airport,Hospital,9.63,266.34,Debit Card,Completed
R02606,C0236,D0102,2026-05-28 14:52:04.253855,2026-05-28 15:33:04.253855,Residential Area,City Center,5.83,182.94,Credit Card,Cancelled
R02607,C0266,D0289,2025-11-10 09:47:04.253907,2025-11-10 10:18:04.253907,Airport,Metro Station,24.5,473.0,Cash,Completed
R02608,C0610,D0403,2026-04-08 18:04:04.253955,2026-04-08 19:32:04.253955,Airport,IT Park,2.56,107.08,UPI,Cancelled
R02609,C0351,D0310,2026-03-26 14:27:04.253997,2026-03-26 15:22:04.253997,Railway Station,IT Park,9.27,227.86,Credit Card,Cancelled
R02610,C0175,D0303,2026-05-19 12:00:04.254033,2026-05-19 13:11:04.254033,Airport,University,29.06,616.08,Debit Card,Completed
R02611,C0873,D0151,2026-04-12 10:42:04.254082,2026-04-12 11:17:04.254082,University,Residential Area,3.07,78.26,Debit Card,Cancelled
R02612,C0223,D0329,2026-02-14 06:14:04.254123,2026-02-14 07:10:04.254123,Railway Station,Metro Station,3.64,95.52,Debit Card,Cancelled
R02613,C0562,D0415,2026-06-11 16:55:04.254163,2026-06-11 18:19:04.254163,University,Railway Station,17.47,401.46,Debit Card,Completed
R02614,C0216,D0089,2025-10-27 20:50:04.254203,2025-10-27 21:04:04.254203,Airport,University,7.36,169.48,UPI,Completed
R02615,C0824,D0323,2026-07-12 14:33:04.254268,2026-07-12 15:57:04.254268,Hospital,City Center,26.96,539.28,Credit Card,Completed
R02616,C0908,D0058,2026-05-20 05:41:04.254306,2026-05-20 06:59:04.254306,IT Park,Bus Stand,27.84,584.12,Cash,Cancelled
R02617,C0773,D0300,2026-04-06 11:41:04.254345,2026-04-06 12:04:04.254345,Bus Stand,IT Park,14.1,278.8,UPI,Cancelled
R02618,C0847,D0117,2026-02-15 23:18:04.254390,2026-02-16 00:01:04.254390,Hospital,Airport,20.67,453.06,Credit Card,Cancelled
R02619,C0136,D0453,2026-01-26 19:13:04.254433,2026-01-26 20:15:04.254433,Hospital,Airport,4.79,155.22,Credit Card,Completed
R02620,C0358,D0302,2025-12-23 17:24:04.254471,2025-12-23 18:29:04.254471,Residential Area,Airport,10.5,274.0,Credit Card,Completed
R02621,C0299,D0246,2026-02-23 00:35:04.254510,2026-02-23 00:58:04.254510,IT Park,City Center,20.06,427.08,UPI,Cancelled
R02622,C0596,D0154,2026-04-12 16:53:04.254549,2026-04-12 17:39:04.254549,Bus Stand,Railway Station,25.85,486.3,Cash,Cancelled
R02623,C0758,D0372,2025-11-07 00:47:04.254588,2025-11-07 02:06:04.254588,City Center,IT Park,20.53,450.54,Credit Card,Cancelled
R02624,C0945,D0497,2025-12-21 01:08:04.254627,2025-12-21 02:30:04.254627,Railway Station,Residential Area,4.59,151.62,Credit Card,Cancelled
R02625,C0090,D0247,2026-08-02 11:50:04.254666,2026-08-02 12:38:04.254666,Hospital,Residential Area,17.92,414.56,Cash,Cancelled
R02626,C0538,D0159,2026-02-11 04:49:04.254705,2026-02-11 06:14:04.254705,University,Railway Station,7.04,155.72,Credit Card,Completed
R02627,C0786,D0265,2026-05-05 10:47:04.254751,2026-05-05 11:57:04.254751,University,Residential Area,4.36,169.48,Credit Card,Completed
R02628,C0858,D0246,2026-06-06 20:37:04.254795,2026-06-06 21:01:04.254795,University,Mall,18.94,414.92,Debit Card,Cancelled
R02629,C0255,D0230,2025-11-27 21:19:04.254833,2025-11-27 21:50:04.254833,Hospital,University,25.37,541.66,Debit Card,Cancelled
R02630,C0903,D0294,2025-08-20 20:55:04.254870,2025-08-20 22:10:04.254870,University,University,17.93,416.74,UPI,Completed
R02631,C0652,D0341,2026-02-04 17:19:04.254917,2026-02-04 18:10:04.254917,Bus Stand,Bus Stand,10.71,239.78,Cash,Completed
R02632,C0323,D0426,2026-01-20 01:23:04.254952,2026-01-20 02:48:04.254952,IT Park,IT Park,28.55,582.9,Cash,Completed
R02633,C0955,D0396,2025-12-17 17:04:04.254986,2025-12-17 17:29:04.254986,Bus Stand,Railway Station,25.46,536.28,Credit Card,Cancelled
R02634,C0635,D0251,2026-06-15 09:43:04.255020,2026-06-15 10:48:04.255020,Railway Station,Residential Area,20.51,418.18,Cash,Cancelled
R02635,C0814,D0451,2026-06-11 19:03:04.255055,2026-06-11 20:33:04.255055,Metro Station,Hospital,13.15,336.7,Credit Card,Cancelled
R02636,C0732,D0081,2025-11-17 16:25:04.255087,2025-11-17 16:47:04.255087,Residential Area,City Center,11.84,260.12,UPI,Cancelled
R02637,C0372,D0230,2025-11-03 16:52:04.255126,2025-11-03 17:25:04.255126,University,IT Park,15.58,377.44,Debit Card,Cancelled
R02638,C0787,D0364,2025-09-14 17:36:04.255168,2025-09-14 18:53:04.255168,Residential Area,Residential Area,22.37,471.66,Cash,Cancelled
R02639,C0816,D0088,2026-05-25 08:50:04.255207,2026-05-25 09:05:04.255207,Mall,Mall,22.47,497.46,UPI,Cancelled
R02640,C0895,D0279,2026-03-07 02:12:04.255265,2026-03-07 02:41:04.255265,City Center,Railway Station,4.34,114.12,Credit Card,Cancelled
R02641,C0765,D0109,2026-02-06 06:45:04.255301,2026-02-06 08:03:04.255301,Residential Area,Railway Station,6.98,174.64,Credit Card,Cancelled
R02642,C0954,D0263,2026-04-10 22:15:04.255339,2026-04-10 22:59:04.255339,University,Railway Station,19.11,433.98,Debit Card,Completed
R02643,C0060,D0392,2026-04-09 08:25:04.255374,2026-04-09 09:50:04.255374,Railway Station,University,20.5,443.0,UPI,Completed
R02644,C0478,D0087,2025-10-03 21:29:04.255419,2025-10-03 21:40:04.255419,Hospital,Airport,29.74,563.32,Credit Card,Completed
R02645,C0867,D0363,2026-04-26 13:38:04.255455,2026-04-26 13:55:04.255455,University,Bus Stand,19.4,406.2,Cash,Completed
R02646,C0762,D0074,2025-09-12 12:04:04.255490,2025-09-12 13:21:04.255490,Residential Area,Metro Station,12.48,260.64,Cash,Completed
R02647,C0256,D0071,2026-04-22 21:24:04.255527,2026-04-22 22:26:04.255527,IT Park,Metro Station,10.31,262.58,Debit Card,Completed
R02648,C0362,D0160,2025-09-24 18:58:04.255565,2025-09-24 19:36:04.255565,Metro Station,Airport,15.24,303.32,Cash,Cancelled
R02649,C0262,D0200,2026-02-21 13:19:04.255601,2026-02-21 14:38:04.255601,Mall,Railway Station,15.41,321.38,Debit Card,Cancelled
R02650,C0262,D0427,2025-10-11 12:10:04.255636,2025-10-11 13:31:04.255636,Mall,Residential Area,18.08,415.44,Credit Card,Cancelled
R02651,C0520,D0256,2025-08-06 15:05:04.255670,2025-08-06 15:53:04.255670,Mall,University,25.98,498.64,Cash,Completed
R02652,C0599,D0345,2025-10-10 18:23:04.255706,2025-10-10 19:46:04.255706,Railway Station,Mall,10.16,266.88,Credit Card,Completed
R02653,C0075,D0221,2026-06-01 06:19:04.255741,2026-06-01 07:01:04.255741,Bus Stand,Hospital,29.36,561.48,Cash,Cancelled
R02654,C0837,D0228,2026-07-10 21:31:04.255773,2026-07-10 22:48:04.255773,Hospital,Hospital,5.8,160.4,Cash,Cancelled
R02655,C0092,D0423,2025-09-08 05:49:04.255810,2025-09-08 06:58:04.255810,IT Park,Bus Stand,20.28,430.04,Cash,Completed
R02656,C0841,D0476,2026-07-02 17:35:04.255844,2026-07-02 18:10:04.255844,City Center,City Center,16.24,331.32,Credit Card,Cancelled
R02657,C0781,D0183,2025-11-17 06:13:04.255894,2025-11-17 07:03:04.255894,University,Bus Stand,26.72,533.96,Cash,Completed
R02658,C0483,D0217,2025-12-26 11:49:04.255934,2025-12-26 12:52:04.255934,Mall,City Center,13.37,260.66,Credit Card,Cancelled
R02659,C0098,D0488,2026-05-12 07:31:04.255970,2026-05-12 08:00:04.255970,Residential Area,IT Park,18.82,382.76,Debit Card,Completed
R02660,C0923,D0260,2025-12-17 00:49:04.256005,2025-12-17 01:19:04.256005,City Center,City Center,15.5,351.0,Credit Card,Cancelled
R02661,C0786,D0215,2025-09-27 10:58:04.256040,2025-09-27 12:22:04.256040,IT Park,Mall,18.7,374.6,Debit Card,Cancelled
R02662,C0980,D0433,2026-05-17 05:43:04.256075,2026-05-17 06:51:04.256075,Mall,University,18.48,415.64,UPI,Cancelled
R02663,C0777,D0397,2026-03-21 14:59:04.256117,2026-03-21 15:30:04.256117,Railway Station,University,21.97,415.46,Debit Card,Completed
R02664,C0069,D0426,2025-10-03 14:58:04.256154,2025-10-03 16:22:04.256154,Residential Area,Bus Stand,17.11,336.98,Debit Card,Cancelled
R02665,C0461,D0367,2025-09-09 19:41:04.256189,2025-09-09 20:04:04.256189,Hospital,University,24.0,470.0,Cash,Completed
R02666,C0362,D0059,2026-02-14 22:16:04.256239,2026-02-14 22:55:04.256239,Residential Area,City Center,26.63,546.34,UPI,Completed
R02667,C0612,D0369,2025-08-20 20:39:04.256282,2025-08-20 21:30:04.256282,Hospital,Railway Station,26.2,542.6,Cash,Completed
R02668,C0464,D0418,2026-06-12 04:13:04.256324,2026-06-12 04:49:04.256324,City Center,IT Park,17.24,380.32,Cash,Cancelled
R02669,C0266,D0367,2025-10-21 04:43:04.256365,2025-10-21 05:52:04.256365,City Center,Airport,27.45,515.1,UPI,Cancelled
R02670,C0062,D0361,2025-11-27 23:26:04.256403,2025-11-27 23:57:04.256403,Bus Stand,Residential Area,2.86,82.48,Credit Card,Cancelled
R02671,C0008,D0325,2026-05-06 16:56:04.256441,2026-05-06 17:16:04.256441,Railway Station,Residential Area,29.9,587.2,UPI,Cancelled
R02672,C0026,D0049,2026-05-27 05:24:04.256489,2026-05-27 05:47:04.256489,University,Metro Station,16.79,396.22,Debit Card,Completed
R02673,C0930,D0383,2025-09-04 15:33:04.256529,2025-09-04 16:39:04.256529,Mall,Residential Area,7.17,222.06,UPI,Cancelled
R02674,C0978,D0214,2026-07-03 21:42:04.256568,2026-07-03 22:24:04.256568,Bus Stand,Hospital,15.81,356.58,Credit Card,Completed
R02675,C0135,D0389,2025-10-02 18:14:04.256608,2025-10-02 19:43:04.256608,University,Metro Station,23.14,499.52,UPI,Completed
R02676,C0653,D0242,2026-04-01 06:40:04.256647,2026-04-01 07:27:04.256647,City Center,City Center,14.43,292.74,Credit Card,Cancelled
R02677,C0577,D0322,2026-07-16 08:20:04.256685,2026-07-16 09:02:04.256685,Mall,Bus Stand,12.6,303.8,Credit Card,Completed
R02678,C0218,D0230,2025-11-18 21:26:04.256734,2025-11-18 21:44:04.256734,Residential Area,City Center,23.22,495.96,Cash,Cancelled
R02679,C0956,D0414,2025-08-25 08:54:04.256778,2025-08-25 10:12:04.256778,Railway Station,Bus Stand,20.35,420.3,UPI,Completed
R02680,C0951,D0499,2025-12-18 06:03:04.256813,2025-12-18 06:28:04.256813,Bus Stand,Railway Station,15.49,363.82,Cash,Cancelled
R02681,C0637,D0145,2025-10-03 18:36:04.256850,2025-10-03 19:12:04.256850,Hospital,Residential Area,26.09,561.62,Cash,Completed
R02682,C0439,D0299,2026-02-13 06:59:04.256900,2026-02-13 07:55:04.256900,Mall,City Center,25.64,508.52,UPI,Cancelled
R02683,C0699,D0165,2026-02-11 19:10:04.256946,2026-02-11 19:51:04.256946,City Center,Bus Stand,15.02,349.36,Credit Card,Cancelled
R02684,C0654,D0252,2025-11-01 05:10:04.256984,2025-11-01 06:13:04.256984,Residential Area,Railway Station,7.77,169.86,Debit Card,Completed
R02685,C0568,D0253,2025-09-02 02:57:04.257018,2025-09-02 03:29:04.257018,Metro Station,Bus Stand,17.99,389.82,Debit Card,Cancelled
R02686,C0443,D0350,2026-07-13 06:43:04.257054,2026-07-13 07:29:04.257054,City Center,Residential Area,2.9,127.2,UPI,Completed
R02687,C0177,D0500,2025-09-23 16:52:04.257090,2025-09-23 18:22:04.257090,Residential Area,Bus Stand,26.67,544.06,Debit Card,Completed
R02688,C0701,D0106,2026-05-09 05:41:04.257136,2026-05-09 06:13:04.257136,Mall,IT Park,3.09,153.62,Credit Card,Cancelled
R02689,C0239,D0124,2025-09-19 21:51:04.257175,2025-09-19 22:52:04.257175,Bus Stand,Airport,5.98,145.64,Credit Card,Cancelled
R02690,C0439,D0390,2026-04-30 18:42:04.257236,2026-04-30 19:12:04.257236,IT Park,Mall,3.95,149.1,Cash,Completed
R02691,C0219,D0014,2025-12-21 15:47:04.257278,2025-12-21 17:07:04.257278,Airport,City Center,27.42,571.56,Credit Card,Cancelled
R02692,C0854,D0432,2025-09-03 15:44:04.257313,2025-09-03 16:17:04.257313,Metro Station,University,25.48,497.64,UPI,Completed
R02693,C0674,D0167,2026-05-12 23:48:04.257348,2026-05-13 00:47:04.257348,Mall,Mall,26.14,493.52,Debit Card,Completed
R02694,C0195,D0349,2026-01-28 21:18:04.257385,2026-01-28 21:32:04.257385,Hospital,Airport,29.31,605.58,Cash,Completed
R02695,C0582,D0094,2026-01-22 05:09:04.257426,2026-01-22 06:36:04.257426,Airport,Metro Station,28.6,598.8,UPI,Cancelled
R02696,C0615,D0089,2025-10-20 23:34:04.257471,2025-10-21 00:58:04.257471,Airport,Airport,22.57,488.26,Debit Card,Cancelled
R02697,C0242,D0276,2026-07-02 06:22:04.257510,2026-07-02 07:30:04.257510,Mall,IT Park,9.85,268.3,Credit Card,Cancelled
R02698,C0624,D0496,2026-01-13 06:30:04.257550,2026-01-13 07:15:04.257550,Residential Area,Mall,24.51,468.18,Cash,Cancelled
R02699,C0692,D0393,2025-08-14 19:30:04.257587,2025-08-14 20:08:04.257587,University,Airport,12.44,248.92,Cash,Cancelled
R02700,C0288,D0471,2025-09-29 17:39:04.257623,2025-09-29 18:42:04.257623,Mall,Bus Stand,10.98,293.64,Credit Card,Cancelled
R02701,C0838,D0277,2025-10-26 05:46:04.257659,2025-10-26 06:55:04.257659,Airport,Residential Area,10.5,232.0,UPI,Completed
R02702,C0480,D0491,2026-02-12 20:04:04.257696,2026-02-12 20:17:04.257696,Mall,University,11.09,249.62,Credit Card,Cancelled
R02703,C0826,D0467,2025-08-09 04:52:04.257731,2025-08-09 05:03:04.257731,Airport,Hospital,4.61,162.98,Debit Card,Cancelled
R02704,C0749,D0365,2026-04-20 02:19:04.257768,2026-04-20 03:02:04.257768,City Center,Airport,27.71,550.78,Cash,Completed
R02705,C0361,D0027,2025-10-21 03:34:04.257803,2025-10-21 04:07:04.257803,Metro Station,Hospital,7.23,196.14,UPI,Completed
R02706,C0856,D0034,2026-04-15 16:08:04.257841,2026-04-15 17:21:04.257841,Railway Station,Bus Stand,17.57,380.26,Debit Card,Completed
R02707,C0536,D0406,2026-02-13 18:29:04.257888,2026-02-13 19:39:04.257888,Mall,City Center,27.59,588.62,Debit Card,Completed
R02708,C0007,D0135,2025-12-06 11:44:04.257935,2025-12-06 12:00:04.257935,Metro Station,Railway Station,16.14,365.52,Credit Card,Completed
R02709,C0785,D0458,2025-08-12 07:50:04.257973,2025-08-12 08:03:04.257973,Hospital,Mall,13.69,312.42,Debit Card,Cancelled
R02710,C0580,D0066,2025-12-11 01:23:04.258010,2025-12-11 01:59:04.258010,Airport,City Center,4.74,170.32,Debit Card,Cancelled
R02711,C0146,D0025,2025-09-27 16:55:04.258045,2025-09-27 17:33:04.258045,Hospital,University,14.77,309.86,Debit Card,Completed
R02712,C0758,D0035,2026-08-02 00:35:04.258082,2026-08-02 01:57:04.258082,University,University,19.91,403.38,Credit Card,Completed
R02713,C0824,D0057,2025-08-12 05:52:04.258119,2025-08-12 07:06:04.258119,City Center,University,13.41,262.38,UPI,Completed
R02714,C0438,D0261,2026-02-16 18:00:04.258156,2026-02-16 18:35:04.258156,Railway Station,Residential Area,4.12,141.16,UPI,Completed
R02715,C0154,D0035,2026-05-16 14:21:04.258191,2026-05-16 15:25:04.258191,Hospital,Residential Area,20.05,410.9,Credit Card,Completed
R02716,C0687,D0268,2026-01-29 18:14:04.258241,2026-01-29 18:29:04.258241,Hospital,Railway Station,3.4,146.2,Credit Card,Completed
R02717,C0658,D0488,2026-06-18 04:03:04.258278,2026-06-18 04:29:04.258278,Bus Stand,IT Park,26.38,516.84,Debit Card,Cancelled
R02718,C0179,D0364,2026-06-09 21:09:04.258318,2026-06-09 21:48:04.258318,Metro Station,Bus Stand,18.89,403.02,Credit Card,Completed
R02719,C0151,D0019,2025-10-20 05:53:04.258356,2025-10-20 07:15:04.258356,University,Hospital,16.21,384.78,UPI,Completed
R02720,C0980,D0386,2025-10-27 07:30:04.258393,2025-10-27 08:51:04.258393,Railway Station,University,9.19,187.42,Credit Card,Cancelled
R02721,C0724,D0280,2026-07-25 10:41:04.258429,2026-07-25 11:09:04.258429,Bus Stand,University,23.48,458.64,UPI,Completed
R02722,C0752,D0471,2026-07-15 08:39:04.258464,2026-07-15 09:04:04.258464,Railway Station,Residential Area,29.06,579.08,Cash,Cancelled
R02723,C0365,D0433,2026-02-27 15:39:04.258500,2026-02-27 16:04:04.258500,Airport,Airport,13.33,287.94,Credit Card,Cancelled
R02724,C0375,D0299,2026-06-05 10:59:04.258542,2026-06-05 12:08:04.258542,Hospital,Metro Station,2.83,134.94,Debit Card,Completed
R02725,C0105,D0126,2026-06-08 18:13:04.258579,2026-06-08 18:59:04.258579,Bus Stand,Hospital,13.14,298.52,Cash,Cancelled
R02726,C0308,D0233,2026-04-11 10:05:04.258613,2026-04-11 11:17:04.258613,Hospital,Metro Station,27.81,524.58,Debit Card,Completed
R02727,C0090,D0155,2026-07-21 14:44:04.258649,2026-07-21 15:43:04.258649,Hospital,Railway Station,25.6,490.8,Debit Card,Cancelled
R02728,C0925,D0273,2026-03-19 07:57:04.258688,2026-03-19 08:24:04.258688,Hospital,IT Park,6.05,170.9,Credit Card,Completed
R02729,C0197,D0170,2026-03-08 04:06:04.258725,2026-03-08 04:57:04.258725,Hospital,Airport,7.71,183.78,Debit Card,Cancelled
R02730,C0293,D0209,2026-04-07 22:00:04.258760,2026-04-07 23:19:04.258760,Mall,Bus Stand,13.49,317.82,Credit Card,Cancelled
R02731,C0020,D0190,2026-03-25 09:28:04.258799,2026-03-25 10:49:04.258799,Bus Stand,Metro Station,11.64,244.52,UPI,Cancelled
R02732,C0168,D0276,2026-03-04 09:52:04.258836,2026-03-04 10:59:04.258836,City Center,Bus Stand,18.9,389.2,Credit Card,Completed
R02733,C0530,D0363,2025-12-12 07:17:04.258894,2025-12-12 07:45:04.258894,Mall,IT Park,14.3,299.4,Credit Card,Cancelled
R02734,C0365,D0148,2025-10-27 08:14:04.258933,2025-10-27 08:51:04.258933,Metro Station,University,5.37,158.66,Cash,Completed
R02735,C0972,D0155,2026-04-06 12:05:04.258971,2026-04-06 12:41:04.258971,Hospital,Residential Area,14.37,300.66,Cash,Completed
R02736,C0159,D0071,2026-05-29 07:12:04.259008,2026-05-29 08:38:04.259008,IT Park,Metro Station,25.9,540.2,UPI,Completed
R02737,C0156,D0147,2026-07-09 08:46:04.259044,2026-07-09 09:47:04.259044,Airport,Railway Station,9.75,211.5,Credit Card,Completed
R02738,C0996,D0226,2025-11-25 06:58:04.259082,2025-11-25 08:10:04.259082,City Center,Bus Stand,9.49,244.82,Cash,Cancelled
R02739,C0481,D0006,2025-11-23 20:50:04.259120,2025-11-23 21:58:04.259120,Metro Station,Railway Station,2.6,93.8,Cash,Cancelled
R02740,C0404,D0153,2025-12-20 17:25:04.259157,2025-12-20 17:53:04.259157,City Center,Railway Station,2.1,76.8,Credit Card,Completed
R02741,C0228,D0304,2026-04-30 09:17:04.259193,2026-04-30 09:46:04.259193,Bus Stand,Mall,12.35,243.3,UPI,Cancelled
R02742,C0450,D0166,2026-01-13 12:06:04.259240,2026-01-13 12:54:04.259240,IT Park,Airport,20.76,469.68,Cash,Completed
R02743,C0085,D0239,2026-07-21 14:18:04.259278,2026-07-21 15:20:04.259278,Residential Area,Mall,18.58,358.44,Debit Card,Completed
R02744,C0402,D0392,2026-07-30 05:36:04.259312,2026-07-30 06:28:04.259312,Metro Station,Metro Station,4.13,115.34,Credit Card,Cancelled
R02745,C0517,D0432,2025-11-30 19:13:04.259349,2025-11-30 19:53:04.259349,Bus Stand,Railway Station,3.41,134.38,Credit Card,Completed
R02746,C0416,D0317,2025-12-10 16:38:04.259384,2025-12-10 17:51:04.259384,IT Park,Mall,20.49,394.82,Debit Card,Completed
R02747,C0740,D0493,2025-10-05 01:19:04.259475,2025-10-05 01:33:04.259475,IT Park,Hospital,11.88,268.84,UPI,Completed
R02748,C0088,D0020,2025-12-12 20:55:04.259530,2025-12-12 21:29:04.259530,IT Park,Metro Station,26.99,535.82,Credit Card,Cancelled
R02749,C0582,D0274,2025-09-13 08:18:04.259569,2025-09-13 08:51:04.259569,Mall,Hospital,4.22,140.96,Credit Card,Completed
R02750,C0868,D0284,2025-09-11 09:05:04.259607,2025-09-11 10:18:04.259607,IT Park,Residential Area,21.41,429.38,Debit Card,Cancelled
R02751,C0226,D0103,2026-03-12 16:13:04.259643,2026-03-12 17:39:04.259643,IT Park,IT Park,19.93,432.74,UPI,Completed
R02752,C0295,D0233,2025-12-29 17:46:04.259683,2025-12-29 18:43:04.259683,Hospital,University,29.44,581.92,Cash,Cancelled
R02753,C0008,D0074,2025-12-09 15:19:04.259720,2025-12-09 16:18:04.259720,Railway Station,City Center,13.17,270.06,Credit Card,Completed
R02754,C0556,D0094,2026-04-11 22:59:04.259754,2026-04-12 00:07:04.259754,Airport,Residential Area,21.79,453.22,Credit Card,Cancelled
R02755,C0092,D0367,2026-05-29 08:58:04.259792,2026-05-29 10:23:04.259792,Residential Area,Mall,21.62,470.16,UPI,Completed
R02756,C0500,D0499,2026-07-06 15:11:04.259828,2026-07-06 15:49:04.259828,Mall,Residential Area,10.26,256.68,UPI,Completed
R02757,C0929,D0144,2025-10-16 09:22:04.259864,2025-10-16 10:44:04.259864,University,Airport,8.16,176.88,Debit Card,Completed
R02758,C0076,D0336,2025-10-31 04:35:04.259917,2025-10-31 04:53:04.259917,Mall,City Center,23.73,518.14,Cash,Cancelled
R02759,C0492,D0308,2026-03-18 19:01:04.259953,2026-03-18 20:01:04.259953,University,University,9.17,207.06,Credit Card,Completed
R02760,C0204,D0176,2026-03-01 07:06:04.259986,2026-03-01 07:27:04.259986,Railway Station,Bus Stand,18.65,425.7,Cash,Cancelled
R02761,C0268,D0013,2026-05-16 10:35:04.260021,2026-05-16 11:40:04.260021,City Center,Mall,24.13,504.34,Credit Card,Completed
R02762,C0702,D0267,2025-11-07 20:41:04.260055,2025-11-07 21:53:04.260055,Railway Station,Mall,16.4,345.2,Credit Card,Completed
R02763,C0770,D0190,2026-04-07 19:05:04.260093,2026-04-07 19:38:04.260093,Railway Station,Mall,14.89,327.02,Debit Card,Completed
R02764,C0958,D0293,2026-06-08 20:28:04.260128,2026-06-08 21:53:04.260128,City Center,Metro Station,25.65,487.7,UPI,Cancelled
R02765,C0650,D0369,2025-09-10 03:06:04.260163,2025-09-10 03:51:04.260163,Hospital,City Center,11.33,250.94,Debit Card,Cancelled
R02766,C0907,D0316,2026-05-27 14:50:04.260201,2026-05-27 15:49:04.260201,University,Metro Station,6.32,179.76,Cash,Cancelled
R02767,C0859,D0492,2026-05-29 05:33:04.260260,2026-05-29 06:43:04.260260,IT Park,Bus Stand,21.02,404.36,Debit Card,Cancelled
R02768,C0828,D0017,2025-11-20 20:23:04.260301,2025-11-20 20:45:04.260301,City Center,IT Park,27.38,520.84,Debit Card,Completed
R02769,C0685,D0347,2026-05-03 12:10:04.260339,2026-05-03 13:27:04.260339,Airport,City Center,15.41,307.38,UPI,Cancelled
R02770,C0740,D0066,2026-01-31 23:45:04.260374,2026-02-01 00:58:04.260374,Hospital,Hospital,19.42,391.56,Cash,Completed
R02771,C0706,D0248,2026-02-08 02:47:04.260413,2026-02-08 03:38:04.260413,Airport,Residential Area,7.04,152.72,Credit Card,Cancelled
R02772,C0560,D0216,2026-03-28 02:57:04.260457,2026-03-28 03:44:04.260457,Residential Area,Airport,28.94,604.92,Credit Card,Cancelled
R02773,C0425,D0091,2026-05-30 17:46:04.260494,2026-05-30 18:28:04.260494,Bus Stand,Residential Area,18.19,402.42,UPI,Completed
R02774,C0150,D0384,2025-11-22 12:39:04.260531,2025-11-22 12:57:04.260531,Bus Stand,Metro Station,7.88,230.84,UPI,Cancelled
R02775,C0167,D0340,2026-01-20 08:38:04.260569,2026-01-20 09:25:04.260569,Residential Area,Bus Stand,15.48,376.64,Credit Card,Completed
R02776,C0712,D0148,2025-10-21 11:02:04.260602,2025-10-21 11:45:04.260602,City Center,University,9.01,258.18,Debit Card,Cancelled
R02777,C0504,D0489,2026-01-27 17:55:04.260637,2026-01-27 18:44:04.260637,Metro Station,Railway Station,17.66,377.88,Cash,Cancelled
R02778,C0009,D0496,2025-09-25 01:35:04.260680,2025-09-25 02:29:04.260680,Airport,Hospital,25.91,539.38,Credit Card,Cancelled
R02779,C0489,D0070,2026-06-27 09:53:04.260721,2026-06-27 10:55:04.260721,Residential Area,Residential Area,18.67,431.06,Debit Card,Cancelled
R02780,C0079,D0270,2025-12-17 03:12:04.260758,2025-12-17 04:09:04.260758,Metro Station,University,15.31,312.58,Credit Card,Completed
R02781,C0977,D0492,2026-07-28 14:47:04.260802,2026-07-28 16:10:04.260802,Bus Stand,Hospital,16.94,344.92,Cash,Completed
R02782,C0452,D0331,2026-06-17 14:38:04.260840,2026-06-17 15:26:04.260840,University,Airport,17.24,399.32,Debit Card,Cancelled
R02783,C0856,D0349,2026-01-14 19:31:04.260890,2026-01-14 20:28:04.260890,IT Park,Metro Station,21.32,438.76,Debit Card,Cancelled
R02784,C0113,D0170,2025-12-05 05:11:04.260931,2025-12-05 05:58:04.260931,University,Residential Area,29.51,611.18,UPI,Cancelled
R02785,C0389,D0017,2025-09-30 16:36:04.260968,2025-09-30 17:27:04.260968,IT Park,Hospital,23.5,518.0,UPI,Cancelled
R02786,C0204,D0258,2026-02-12 06:37:04.261006,2026-02-12 07:57:04.261006,Railway Station,City Center,12.61,308.98,UPI,Cancelled
R02787,C0996,D0427,2026-01-02 21:01:04.261043,2026-01-02 22:21:04.261043,City Center,Residential Area,4.11,112.98,UPI,Completed
R02788,C0465,D0329,2025-09-21 13:32:04.261088,2025-09-21 14:51:04.261088,Metro Station,Bus Stand,24.8,480.4,Cash,Cancelled
R02789,C0030,D0107,2026-02-16 11:06:04.261127,2026-02-16 12:31:04.261127,Hospital,University,18.55,377.9,Cash,Cancelled
R02790,C0291,D0400,2025-10-09 19:17:04.261166,2025-10-09 20:05:04.261166,City Center,Metro Station,18.26,362.68,Cash,Cancelled
R02791,C0385,D0025,2025-08-12 14:55:04.261204,2025-08-12 16:03:04.261204,Bus Stand,Bus Stand,21.68,420.24,Debit Card,Completed
R02792,C0102,D0405,2025-12-12 18:37:04.261273,2025-12-12 19:33:04.261273,Residential Area,IT Park,21.7,443.6,Cash,Cancelled
R02793,C0172,D0453,2026-04-08 08:58:04.261314,2026-04-08 09:45:04.261314,Metro Station,Airport,22.28,465.04,UPI,Completed
R02794,C0588,D0487,2025-08-15 08:08:04.261352,2025-08-15 08:38:04.261352,Metro Station,City Center,16.43,330.74,Credit Card,Completed
R02795,C0264,D0052,2026-06-18 17:53:04.261387,2026-06-18 19:06:04.261387,Residential Area,IT Park,15.86,347.48,Cash,Completed
R02796,C0513,D0339,2026-06-11 20:08:04.261435,2026-06-11 21:30:04.261435,Residential Area,Mall,17.26,398.68,Credit Card,Completed
R02797,C0425,D0309,2025-12-25 09:18:04.261473,2025-12-25 10:40:04.261473,Bus Stand,Airport,4.45,145.1,Debit Card,Cancelled
R02798,C0035,D0098,2026-05-03 12:30:04.261514,2026-05-03 13:02:04.261514,Residential Area,Railway Station,16.92,342.56,Cash,Cancelled
R02799,C0413,D0097,2025-12-11 07:27:04.261552,2025-12-11 07:59:04.261552,Bus Stand,Hospital,28.18,569.24,Cash,Cancelled
R02800,C0320,D0225,2025-11-08 05:29:04.261588,2025-11-08 06:06:04.261588,Hospital,Airport,4.69,112.42,Debit Card,Completed
R02801,C0798,D0436,2026-05-24 12:50:04.261625,2026-05-24 13:26:04.261625,IT Park,Bus Stand,6.17,140.06,Cash,Completed
R02802,C0213,D0220,2025-08-25 10:24:04.261660,2025-08-25 11:22:04.261660,Railway Station,City Center,8.11,186.98,Credit Card,Cancelled
R02803,C0122,D0308,2026-07-17 00:56:04.261698,2026-07-17 01:13:04.261698,University,Mall,20.94,397.92,Cash,Cancelled
R02804,C0365,D0476,2025-09-29 02:34:04.261736,2025-09-29 03:05:04.261736,IT Park,Metro Station,7.94,211.92,Cash,Cancelled
R02805,C0504,D0500,2026-05-29 14:24:04.261774,2026-05-29 15:28:04.261774,University,Hospital,7.73,181.14,Debit Card,Completed
R02806,C0133,D0099,2025-08-27 17:32:04.261811,2025-08-27 18:33:04.261811,IT Park,Airport,29.66,575.88,Cash,Cancelled
R02807,C0917,D0032,2026-01-23 04:53:04.261852,2026-01-23 05:14:04.261852,University,Mall,24.4,484.2,Credit Card,Completed
R02808,C0105,D0488,2026-02-20 10:42:04.261905,2026-02-20 11:57:04.261905,Metro Station,Hospital,9.22,200.96,UPI,Completed
R02809,C0798,D0195,2025-09-28 14:58:04.261948,2025-09-28 16:19:04.261948,Railway Station,IT Park,23.43,506.74,Credit Card,Cancelled
R02810,C0670,D0180,2026-06-29 01:42:04.261987,2026-06-29 02:51:04.261987,City Center,IT Park,27.26,526.68,Credit Card,Cancelled
R02811,C0286,D0134,2026-07-29 16:46:04.262025,2026-07-29 17:05:04.262025,Railway Station,Airport,7.0,210.0,Cash,Completed
R02812,C0627,D0161,2025-08-17 20:36:04.262067,2025-08-17 20:55:04.262067,City Center,Hospital,10.69,280.42,UPI,Completed
R02813,C0189,D0445,2026-02-18 05:27:04.262106,2026-02-18 05:58:04.262106,Residential Area,Hospital,25.39,543.02,Cash,Cancelled
R02814,C0677,D0394,2026-04-06 03:19:04.262141,2026-04-06 04:00:04.262141,Mall,Bus Stand,14.24,341.32,Cash,Cancelled
R02815,C0697,D0039,2026-03-05 08:59:04.262178,2026-03-05 09:09:04.262178,IT Park,Mall,10.88,280.84,UPI,Completed
R02816,C0399,D0110,2026-06-20 12:38:04.262229,2026-06-20 13:41:04.262229,Mall,Hospital,16.5,388.0,UPI,Cancelled
R02817,C0596,D0446,2026-04-01 21:29:04.262269,2026-04-01 22:27:04.262269,Airport,IT Park,5.43,134.74,Cash,Completed
R02818,C0127,D0152,2025-08-17 20:36:04.262318,2025-08-17 21:22:04.262318,Metro Station,Railway Station,27.16,586.88,UPI,Completed
R02819,C0862,D0145,2026-05-14 02:20:04.262359,2026-05-14 02:32:04.262359,Airport,Metro Station,18.49,406.82,Credit Card,Completed
R02820,C0711,D0187,2026-05-08 14:17:04.262396,2026-05-08 15:45:04.262396,Metro Station,Airport,29.06,548.08,UPI,Completed
R02821,C0457,D0421,2026-03-01 07:42:04.262431,2026-03-01 08:15:04.262431,IT Park,University,21.27,457.86,UPI,Completed
R02822,C0474,D0378,2025-09-17 20:21:04.262468,2025-09-17 20:58:04.262468,City Center,University,5.65,182.7,Credit Card,Completed
R02823,C0855,D0434,2025-09-12 09:26:04.262507,2025-09-12 10:07:04.262507,Residential Area,City Center,2.51,141.18,Credit Card,Cancelled
R02824,C0102,D0118,2026-05-14 11:37:04.262544,2026-05-14 12:59:04.262544,University,Residential Area,28.14,541.52,Credit Card,Completed
R02825,C0971,D0003,2026-05-26 08:31:04.262583,2026-05-26 09:37:04.262583,Bus Stand,Hospital,18.62,414.16,Cash,Completed
R02826,C0533,D0312,2025-10-23 01:11:04.262620,2025-10-23 01:25:04.262620,Hospital,Bus Stand,10.88,250.84,Cash,Completed
R02827,C0894,D0317,2026-04-09 22:39:04.262658,2026-04-09 22:58:04.262658,Bus Stand,IT Park,14.25,302.5,Credit Card,Cancelled
R02828,C0189,D0141,2025-10-13 08:16:04.262705,2025-10-13 09:30:04.262705,Mall,Mall,12.06,237.08,UPI,Cancelled
R02829,C0210,D0242,2026-03-18 16:21:04.262743,2026-03-18 17:37:04.262743,City Center,Bus Stand,27.13,545.34,UPI,Completed
R02830,C0469,D0431,2025-12-02 11:03:04.262779,2025-12-02 11:14:04.262779,Hospital,Residential Area,5.86,134.48,UPI,Completed
R02831,C0133,D0059,2026-03-04 02:29:04.262817,2026-03-04 03:36:04.262817,City Center,Hospital,14.83,316.94,Cash,Completed
R02832,C0041,D0425,2025-12-20 11:25:04.262855,2025-12-20 11:58:04.262855,Airport,City Center,9.28,189.04,Credit Card,Completed
R02833,C0753,D0490,2025-09-21 18:16:04.262902,2025-09-21 19:04:04.262902,Bus Stand,Hospital,2.33,119.94,Debit Card,Cancelled
R02834,C0581,D0098,2026-02-02 01:44:04.262941,2026-02-02 02:32:04.262941,Mall,Hospital,6.91,219.38,Credit Card,Completed
R02835,C0864,D0155,2025-09-03 22:23:04.262979,2025-09-03 23:27:04.262979,Hospital,City Center,15.42,349.56,UPI,Cancelled
R02836,C0032,D0493,2026-03-29 17:14:04.263029,2026-03-29 17:24:04.263029,Bus Stand,Hospital,21.88,419.84,Cash,Cancelled
R02837,C0695,D0225,2025-08-12 03:37:04.263068,2025-08-12 04:21:04.263068,Mall,Railway Station,28.69,569.42,Cash,Cancelled
R02838,C0063,D0135,2026-05-19 02:10:04.263113,2026-05-19 03:28:04.263113,Bus Stand,Hospital,22.43,485.74,UPI,Completed
R02839,C0188,D0243,2026-03-10 17:20:04.263151,2026-03-10 18:20:04.263151,Mall,Mall,17.0,340.0,Debit Card,Completed
R02840,C0122,D0454,2026-07-10 03:21:04.263189,2026-07-10 04:20:04.263189,City Center,Railway Station,16.89,370.02,Debit Card,Cancelled
R02841,C0471,D0315,2026-02-04 15:40:04.263239,2026-02-04 16:01:04.263239,Residential Area,Hospital,22.75,439.5,Debit Card,Cancelled
R02842,C0185,D0453,2025-10-18 01:32:04.263278,2025-10-18 02:57:04.263278,Bus Stand,Airport,11.53,275.54,UPI,Cancelled
R02843,C0605,D0127,2026-05-26 01:54:04.263315,2026-05-26 02:23:04.263315,Railway Station,Metro Station,2.11,130.98,UPI,Cancelled
R02844,C0616,D0435,2026-07-20 10:10:04.263351,2026-07-20 11:00:04.263351,Hospital,Airport,26.14,508.52,Credit Card,Cancelled
R02845,C0732,D0206,2026-06-17 17:07:04.263388,2026-06-17 17:40:04.263388,Residential Area,Residential Area,17.43,351.74,UPI,Cancelled
R02846,C0075,D0043,2025-08-11 22:32:04.263424,2025-08-11 23:14:04.263424,Mall,Residential Area,11.16,278.88,Debit Card,Cancelled
R02847,C0717,D0452,2026-03-02 17:05:04.263462,2026-03-02 17:32:04.263462,Metro Station,City Center,24.92,542.56,Cash,Completed
R02848,C0392,D0459,2025-08-10 10:48:04.263509,2025-08-10 11:19:04.263509,Metro Station,IT Park,16.67,331.06,Debit Card,Cancelled
R02849,C0376,D0029,2026-07-23 04:07:04.263550,2026-07-23 04:56:04.263550,Bus Stand,IT Park,18.72,411.96,UPI,Cancelled
R02850,C0508,D0058,2026-07-28 14:43:04.263587,2026-07-28 15:03:04.263587,Hospital,Mall,18.11,416.98,Credit Card,Completed
R02851,C0775,D0198,2026-05-05 23:28:04.263625,2026-05-06 00:33:04.263625,Metro Station,Metro Station,18.72,358.96,Debit Card,Completed
R02852,C0703,D0363,2026-04-01 06:19:04.263659,2026-04-01 07:16:04.263659,Hospital,Mall,13.77,325.86,Cash,Cancelled
R02853,C0657,D0038,2026-06-08 14:22:04.263693,2026-06-08 15:04:04.263693,City Center,IT Park,21.1,401.8,Credit Card,Cancelled
R02854,C0226,D0076,2026-07-15 10:04:04.263729,2026-07-15 11:04:04.263729,Residential Area,Bus Stand,8.04,180.72,Debit Card,Cancelled
R02855,C0363,D0352,2026-01-15 05:34:04.263766,2026-01-15 05:44:04.263766,IT Park,IT Park,28.33,598.94,Credit Card,Cancelled
R02856,C0311,D0050,2025-08-18 23:20:04.263804,2025-08-18 23:37:04.263804,IT Park,University,25.66,555.88,UPI,Completed
R02857,C0421,D0107,2026-02-09 17:54:04.263843,2026-02-09 18:10:04.263843,Airport,Bus Stand,25.63,523.34,UPI,Completed
R02858,C0212,D0011,2026-07-04 10:45:04.263905,2026-07-04 10:59:04.263905,City Center,University,15.84,312.12,Debit Card,Cancelled
R02859,C0192,D0156,2026-01-03 20:27:04.263947,2026-01-03 21:02:04.263947,University,Hospital,22.19,450.42,Cash,Cancelled
R02860,C0146,D0495,2026-02-10 12:33:04.263988,2026-02-10 12:56:04.263988,City Center,Hospital,7.34,160.12,Credit Card,Cancelled
R02861,C0027,D0303,2025-08-25 01:54:04.264027,2025-08-25 02:09:04.264027,IT Park,Hospital,20.55,408.9,Credit Card,Completed
R02862,C0160,D0384,2026-07-06 20:36:04.264066,2026-07-06 21:37:04.264066,Railway Station,IT Park,27.81,549.58,UPI,Cancelled
R02863,C0752,D0470,2026-02-24 03:25:04.264104,2026-02-24 03:38:04.264104,Residential Area,Railway Station,29.54,588.72,Cash,Completed
R02864,C0798,D0500,2025-09-27 19:56:04.264140,2025-09-27 20:10:04.264140,City Center,IT Park,25.23,514.14,Credit Card,Completed
R02865,C0518,D0242,2026-04-01 23:57:04.264179,2026-04-02 00:57:04.264179,University,Mall,6.82,169.76,UPI,Cancelled
R02866,C0053,D0054,2026-03-09 12:11:04.264261,2026-03-09 13:30:04.264261,Railway Station,Mall,23.44,509.92,Credit Card,Cancelled
R02867,C0396,D0015,2025-08-15 13:37:04.264302,2025-08-15 14:28:04.264302,University,IT Park,18.64,403.52,UPI,Completed
R02868,C0464,D0171,2025-10-31 10:45:04.264347,2025-10-31 11:17:04.264347,Residential Area,Mall,26.97,531.46,Cash,Completed
R02869,C0647,D0394,2025-08-22 19:17:04.264387,2025-08-22 20:41:04.264387,Mall,Airport,4.56,124.08,Cash,Completed
R02870,C0057,D0368,2026-07-18 06:20:04.264425,2026-07-18 07:14:04.264425,Mall,City Center,14.54,310.72,Debit Card,Completed
R02871,C0347,D0411,2026-04-20 13:58:04.264463,2026-04-20 15:08:04.264463,University,Residential Area,11.04,262.72,Credit Card,Completed
R02872,C0337,D0453,2026-02-19 18:43:04.264501,2026-02-19 20:00:04.264501,IT Park,Metro Station,19.48,443.64,Credit Card,Completed
R02873,C0471,D0047,2025-08-21 06:53:04.264538,2025-08-21 08:22:04.264538,Hospital,Bus Stand,24.29,506.22,UPI,Completed
R02874,C0802,D0473,2026-03-26 07:16:04.264575,2026-03-26 08:40:04.264575,Hospital,City Center,3.4,155.2,Cash,Cancelled
R02875,C0308,D0274,2025-11-27 17:52:04.264614,2025-11-27 18:07:04.264614,Bus Stand,IT Park,10.26,211.68,Debit Card,Completed
R02876,C0820,D0020,2026-02-19 15:27:04.264651,2026-02-19 15:48:04.264651,Metro Station,Railway Station,11.83,282.94,UPI,Cancelled
R02877,C0324,D0410,2026-02-04 05:00:04.264689,2026-02-04 06:06:04.264689,City Center,Railway Station,15.44,347.92,Credit Card,Completed
R02878,C0567,D0468,2026-06-23 06:36:04.264730,2026-06-23 07:29:04.264730,Residential Area,Railway Station,10.61,264.98,UPI,Cancelled
R02879,C0033,D0394,2025-09-22 13:09:04.264768,2025-09-22 14:21:04.264768,IT Park,Metro Station,11.58,293.44,Cash,Cancelled
R02880,C0078,D0063,2026-01-03 09:05:04.264804,2026-01-03 09:46:04.264804,Railway Station,Railway Station,29.45,581.1,Cash,Completed
R02881,C0323,D0225,2025-11-02 05:53:04.264842,2025-11-02 06:10:04.264842,Airport,City Center,26.18,546.24,Debit Card,Completed
R02882,C0843,D0125,2025-10-04 18:44:04.264891,2025-10-04 19:55:04.264891,Mall,Residential Area,21.68,420.24,Cash,Completed
R02883,C0604,D0067,2026-07-28 14:27:04.264932,2026-07-28 14:47:04.264932,City Center,Mall,18.75,435.5,Debit Card,Completed
R02884,C0848,D0435,2026-05-15 04:45:04.264970,2026-05-15 05:02:04.264970,Mall,Residential Area,23.67,448.06,UPI,Cancelled
R02885,C0410,D0064,2026-03-05 18:46:04.265048,2026-03-05 19:28:04.265048,City Center,University,11.13,260.34,Debit Card,Completed
R02886,C0244,D0022,2026-01-22 15:57:04.265099,2026-01-22 16:21:04.265099,Airport,City Center,7.62,220.16,Debit Card,Cancelled
R02887,C0885,D0242,2026-02-28 20:12:04.265139,2026-02-28 20:45:04.265139,Railway Station,City Center,10.92,233.56,Debit Card,Cancelled
R02888,C0832,D0235,2026-01-23 22:02:04.265185,2026-01-23 22:30:04.265185,Hospital,Hospital,25.77,548.86,UPI,Cancelled
R02889,C0984,D0391,2025-08-03 02:55:04.265239,2025-08-03 03:18:04.265239,Metro Station,Residential Area,18.16,358.88,Cash,Completed
R02890,C0515,D0290,2025-08-24 16:04:04.265280,2025-08-24 17:19:04.265280,City Center,University,5.25,182.5,UPI,Cancelled
R02891,C0078,D0071,2025-10-04 07:20:04.265319,2025-10-04 07:50:04.265319,Hospital,IT Park,23.24,463.32,Debit Card,Completed
R02892,C0152,D0490,2026-02-22 09:06:04.265360,2026-02-22 10:12:04.265360,Railway Station,Residential Area,5.28,134.04,Cash,Cancelled
R02893,C0256,D0200,2026-07-24 05:02:04.265398,2026-07-24 05:39:04.265398,Hospital,Residential Area,15.02,329.36,Credit Card,Cancelled
R02894,C0015,D0121,2025-12-15 08:04:04.265443,2025-12-15 09:17:04.265443,University,Metro Station,16.4,323.2,Debit Card,Completed
R02895,C0394,D0430,2025-12-14 06:12:04.265482,2025-12-14 07:15:04.265482,University,Metro Station,10.38,218.84,Cash,Completed
R02896,C0979,D0090,2026-05-28 01:36:04.265520,2026-05-28 01:50:04.265520,University,Metro Station,5.57,153.26,Debit Card,Completed
R02897,C0170,D0266,2025-09-15 05:57:04.265557,2025-09-15 06:52:04.265557,Railway Station,Hospital,29.85,630.3,Cash,Cancelled
R02898,C0351,D0272,2026-05-29 19:59:04.265601,2026-05-29 21:23:04.265601,City Center,City Center,25.04,505.72,Debit Card,Completed
R02899,C0455,D0125,2026-04-13 10:44:04.265646,2026-04-13 11:42:04.265646,Railway Station,Bus Stand,21.2,403.6,Debit Card,Cancelled
R02900,C0290,D0027,2025-11-17 07:53:04.265683,2025-11-17 09:02:04.265683,City Center,IT Park,29.21,610.78,Credit Card,Cancelled
R02901,C0784,D0253,2025-12-17 06:32:04.265719,2025-12-17 07:43:04.265719,Residential Area,IT Park,5.13,176.34,Credit Card,Completed
R02902,C0253,D0004,2026-01-07 22:53:04.265757,2026-01-07 23:13:04.265757,Bus Stand,Mall,7.36,196.48,Debit Card,Completed
R02903,C0938,D0027,2025-12-22 21:01:04.265794,2025-12-22 21:42:04.265794,Bus Stand,City Center,23.12,449.16,UPI,Cancelled
R02904,C0250,D0223,2026-05-06 01:21:04.265832,2026-05-06 02:26:04.265832,Airport,Mall,4.96,125.28,Credit Card,Cancelled
R02905,C0243,D0343,2025-09-12 17:22:04.265867,2025-09-12 17:40:04.265867,Hospital,Hospital,6.53,198.54,Debit Card,Cancelled
R02906,C0672,D0275,2026-03-05 02:40:04.265931,2026-03-05 03:38:04.265931,Hospital,Mall,13.57,280.26,Credit Card,Cancelled
R02907,C0498,D0246,2026-01-04 08:12:04.265966,2026-01-04 08:57:04.265966,University,City Center,25.68,532.24,Credit Card,Completed
R02908,C0370,D0061,2026-02-11 19:49:04.266010,2026-02-11 20:22:04.266010,Airport,Residential Area,17.76,370.68,Credit Card,Cancelled
R02909,C0928,D0121,2025-12-23 22:01:04.266054,2025-12-23 22:29:04.266054,University,Hospital,29.87,609.66,UPI,Cancelled
R02910,C0818,D0155,2025-09-12 18:31:04.266091,2025-09-12 19:43:04.266091,Hospital,Airport,3.7,150.6,Credit Card,Cancelled
R02911,C0307,D0055,2025-09-22 21:02:04.266129,2025-09-22 21:29:04.266129,Bus Stand,University,7.9,214.2,UPI,Cancelled
R02912,C0279,D0114,2026-06-14 16:19:04.266168,2026-06-14 16:29:04.266168,IT Park,Airport,3.86,141.48,Cash,Completed
R02913,C0208,D0082,2026-04-25 20:54:04.266205,2026-04-25 21:23:04.266205,Residential Area,Hospital,18.58,396.44,Debit Card,Cancelled
R02914,C0887,D0142,2025-08-29 13:52:04.266259,2025-08-29 15:22:04.266259,Metro Station,Airport,3.85,111.3,Credit Card,Cancelled
R02915,C0103,D0252,2025-11-03 16:35:04.266298,2025-11-03 17:11:04.266298,Bus Stand,Residential Area,28.43,584.74,UPI,Cancelled
R02916,C0733,D0009,2025-09-05 12:34:04.266338,2025-09-05 13:35:04.266338,IT Park,IT Park,18.32,349.76,Cash,Completed
R02917,C0465,D0269,2026-05-08 06:17:04.266376,2026-05-08 06:40:04.266376,Bus Stand,Railway Station,7.62,187.16,Cash,Completed
R02918,C0557,D0090,2025-12-25 01:47:04.266422,2025-12-25 02:21:04.266422,City Center,IT Park,28.98,565.64,Credit Card,Cancelled
R02919,C0015,D0466,2025-10-04 20:42:04.266460,2025-10-04 21:06:04.266460,Hospital,Hospital,17.63,337.34,Cash,Completed
R02920,C0017,D0012,2026-01-26 09:39:04.266497,2026-01-26 10:04:04.266497,Railway Station,Metro Station,3.87,149.66,Credit Card,Completed
R02921,C0088,D0363,2026-06-20 08:24:04.266534,2026-06-20 08:53:04.266534,City Center,Mall,14.25,334.5,Credit Card,Completed
R02922,C0915,D0174,2026-06-10 08:30:04.266578,2026-06-10 10:00:04.266578,Metro Station,Residential Area,12.44,310.92,Cash,Cancelled
R02923,C0262,D0391,2026-01-09 06:46:04.266617,2026-01-09 07:48:04.266617,City Center,Metro Station,23.85,513.3,Debit Card,Completed
R02924,C0098,D0219,2025-10-12 19:44:04.266661,2025-10-12 20:34:04.266661,Metro Station,Hospital,2.94,136.92,Credit Card,Cancelled
R02925,C0952,D0116,2026-06-06 05:54:04.266696,2026-06-06 06:28:04.266696,Hospital,Mall,9.23,251.14,Credit Card,Cancelled
R02926,C0876,D0465,2025-11-26 09:47:04.266733,2025-11-26 11:09:04.266733,IT Park,City Center,26.09,539.62,Cash,Cancelled
R02927,C0872,D0136,2026-07-07 01:55:04.266769,2026-07-07 02:58:04.266769,Hospital,University,8.91,212.38,UPI,Completed
R02928,C0045,D0254,2026-06-05 20:58:04.266815,2026-06-05 21:26:04.266815,Bus Stand,Hospital,13.07,307.26,UPI,Cancelled
R02929,C0970,D0160,2026-04-21 04:16:04.266853,2026-04-21 05:10:04.266853,Metro Station,Airport,20.54,430.72,Credit Card,Cancelled
R02930,C0978,D0350,2025-11-21 00:10:04.266905,2025-11-21 00:26:04.266905,Bus Stand,Railway Station,8.85,254.3,UPI,Completed
R02931,C0766,D0084,2026-06-24 16:34:04.266951,2026-06-24 17:23:04.266951,Metro Station,Metro Station,12.23,310.14,Cash,Completed
R02932,C0445,D0290,2026-06-08 15:49:04.266988,2026-06-08 16:37:04.266988,Bus Stand,University,23.18,494.24,Debit Card,Completed
R02933,C0547,D0283,2026-05-20 07:37:04.267025,2026-05-20 07:59:04.267025,Hospital,Hospital,17.11,346.98,Cash,Completed
R02934,C0856,D0132,2026-01-20 19:16:04.267062,2026-01-20 19:56:04.267062,Metro Station,Residential Area,25.25,485.5,Debit Card,Cancelled
R02935,C0772,D0164,2025-12-02 11:49:04.267101,2025-12-02 13:11:04.267101,City Center,Hospital,13.88,324.84,Cash,Completed
R02936,C0046,D0488,2025-10-27 11:38:04.267139,2025-10-27 12:14:04.267139,University,Mall,13.47,336.46,Credit Card,Completed
R02937,C0817,D0296,2025-12-19 16:02:04.267180,2025-12-19 17:05:04.267180,Hospital,City Center,18.92,376.56,Cash,Completed
R02938,C0061,D0098,2026-03-31 10:28:04.267265,2026-03-31 11:26:04.267265,City Center,Metro Station,25.59,519.62,Debit Card,Cancelled
R02939,C0773,D0051,2026-04-11 18:04:04.267317,2026-04-11 18:47:04.267317,Metro Station,Railway Station,26.82,563.76,Credit Card,Completed
R02940,C0263,D0297,2025-11-04 08:36:04.267356,2025-11-04 09:36:04.267356,Airport,Residential Area,10.71,262.78,Debit Card,Cancelled
R02941,C0357,D0009,2026-03-20 19:29:04.267394,2026-03-20 19:49:04.267394,Residential Area,Residential Area,8.84,201.12,Credit Card,Cancelled
R02942,C0543,D0282,2026-01-27 15:00:04.267431,2026-01-27 15:55:04.267431,IT Park,Bus Stand,13.33,280.94,Credit Card,Cancelled
R02943,C0075,D0236,2026-07-27 15:58:04.267470,2026-07-27 16:33:04.267470,City Center,Airport,24.98,536.64,Cash,Cancelled
R02944,C0322,D0023,2025-11-16 22:41:04.267511,2025-11-16 23:30:04.267511,University,Bus Stand,21.46,450.28,Debit Card,Completed
R02945,C0575,D0010,2026-06-23 02:17:04.267549,2026-06-23 03:21:04.267549,Railway Station,Airport,4.92,153.56,Credit Card,Cancelled
R02946,C0059,D0216,2026-06-12 02:27:04.267586,2026-06-12 03:30:04.267586,University,Hospital,21.06,407.08,Cash,Completed
R02947,C0846,D0181,2026-04-09 14:11:04.267623,2026-04-09 14:49:04.267623,Bus Stand,Airport,27.93,582.74,Credit Card,Completed
R02948,C0095,D0491,2026-07-15 01:21:04.267676,2026-07-15 02:35:04.267676,University,Mall,23.25,502.5,Credit Card,Completed
R02949,C0544,D0185,2026-03-14 05:04:04.267716,2026-03-14 06:33:04.267716,Metro Station,Mall,22.66,448.88,Credit Card,Completed
R02950,C0524,D0375,2025-10-02 16:42:04.267758,2025-10-02 17:58:04.267758,University,Mall,27.02,537.36,UPI,Cancelled
R02951,C0095,D0484,2026-04-19 02:57:04.267805,2026-04-19 03:43:04.267805,Airport,Airport,5.79,161.22,UPI,Completed
R02952,C0982,D0390,2026-05-22 13:53:04.267846,2026-05-22 14:57:04.267846,Metro Station,Metro Station,8.48,205.64,Debit Card,Completed
R02953,C0896,D0467,2026-01-06 23:52:04.267893,2026-01-07 01:21:04.267893,University,Airport,16.49,380.82,UPI,Completed
R02954,C0523,D0355,2025-09-13 05:53:04.267932,2025-09-13 06:20:04.267932,Airport,Mall,16.07,381.26,UPI,Cancelled
R02955,C0189,D0402,2025-11-02 03:24:04.267969,2025-11-02 04:04:04.267969,Residential Area,Residential Area,22.57,437.26,Cash,Cancelled
R02956,C0747,D0275,2026-01-02 22:19:04.268008,2026-01-02 23:13:04.268008,Airport,Hospital,15.35,358.3,UPI,Completed
R02957,C0636,D0044,2025-09-23 21:26:04.268048,2025-09-23 22:40:04.268048,Railway Station,Hospital,26.71,539.78,Credit Card,Completed
R02958,C0531,D0182,2025-11-02 20:32:04.268091,2025-11-02 20:45:04.268091,Residential Area,Railway Station,7.14,166.52,Debit Card,Cancelled
R02959,C0198,D0005,2025-11-27 07:45:04.268128,2025-11-27 08:26:04.268128,Mall,Residential Area,14.09,344.62,UPI,Completed
R02960,C0716,D0058,2026-06-24 19:43:04.268165,2026-06-24 21:00:04.268165,Residential Area,Bus Stand,14.98,298.64,Cash,Cancelled
R02961,C0234,D0104,2026-06-26 01:53:04.268201,2026-06-26 03:08:04.268201,Residential Area,IT Park,10.58,233.44,Debit Card,Completed
R02962,C0585,D0029,2025-08-26 19:12:04.268258,2025-08-26 19:48:04.268258,Airport,Hospital,12.55,317.9,UPI,Completed
R02963,C0571,D0362,2026-02-03 19:19:04.268301,2026-02-03 20:13:04.268301,Mall,City Center,29.98,627.64,Debit Card,Completed
R02964,C0990,D0220,2026-03-26 10:16:04.268337,2026-03-26 10:33:04.268337,Airport,Bus Stand,5.26,188.68,Debit Card,Completed
R02965,C0027,D0027,2025-12-23 03:14:04.268372,2025-12-23 03:43:04.268372,Bus Stand,University,26.92,584.56,UPI,Cancelled
R02966,C0560,D0458,2025-12-13 09:15:04.268408,2025-12-13 09:42:04.268408,Residential Area,University,14.02,279.36,Credit Card,Completed
R02967,C0796,D0065,2025-09-28 02:46:04.268443,2025-09-28 03:49:04.268443,Metro Station,University,22.35,424.3,Credit Card,Completed
R02968,C0415,D0128,2026-04-04 18:08:04.268492,2026-04-04 19:21:04.268492,Airport,Bus Stand,13.53,337.54,UPI,Completed
R02969,C0581,D0415,2025-12-21 12:06:04.268529,2025-12-21 12:39:04.268529,Hospital,University,22.34,474.12,Credit Card,Completed
R02970,C0264,D0436,2026-07-07 18:21:04.268563,2026-07-07 19:07:04.268563,City Center,City Center,20.08,395.44,Cash,Completed
R02971,C0053,D0104,2026-07-04 09:06:04.268597,2026-07-04 10:28:04.268597,Metro Station,Railway Station,21.13,466.34,Credit Card,Completed
R02972,C0701,D0061,2025-10-09 22:28:04.268634,2025-10-09 23:34:04.268634,Metro Station,Hospital,13.7,313.6,Cash,Cancelled
R02973,C0668,D0417,2025-10-26 05:59:04.268671,2025-10-26 06:51:04.268671,University,Residential Area,27.85,577.3,Credit Card,Cancelled
R02974,C0895,D0142,2026-05-17 21:42:04.268708,2026-05-17 22:41:04.268708,Mall,University,14.09,288.62,Debit Card,Cancelled
R02975,C0563,D0259,2026-03-23 13:08:04.268744,2026-03-23 14:35:04.268744,Mall,Hospital,4.9,140.2,Credit Card,Cancelled
R02976,C0612,D0342,2025-11-16 13:24:04.268779,2025-11-16 13:43:04.268779,IT Park,Airport,5.21,125.78,Cash,Completed
R02977,C0725,D0388,2025-11-06 02:29:04.268815,2025-11-06 03:24:04.268815,Bus Stand,Metro Station,12.76,288.68,Credit Card,Completed
R02978,C0275,D0388,2026-08-01 18:00:04.268854,2026-08-01 18:22:04.268854,Bus Stand,Mall,2.95,86.1,Debit Card,Cancelled
R02979,C0402,D0341,2025-12-16 02:39:04.268911,2025-12-16 03:57:04.268911,IT Park,Bus Stand,16.42,354.56,Credit Card,Cancelled
R02980,C0715,D0206,2025-09-26 19:10:04.268947,2025-09-26 20:36:04.268947,University,Airport,16.86,361.48,Cash,Cancelled
R02981,C0099,D0462,2025-08-16 15:33:04.268983,2025-08-16 16:50:04.268983,Mall,City Center,18.25,416.5,Cash,Cancelled
R02982,C0770,D0092,2025-10-15 08:40:04.269019,2025-10-15 09:21:04.269019,Mall,Airport,2.17,95.06,Credit Card,Cancelled
R02983,C0861,D0427,2025-12-07 01:21:04.269054,2025-12-07 02:01:04.269054,Airport,Metro Station,11.49,246.82,Cash,Cancelled
R02984,C0141,D0480,2025-08-19 00:48:04.269090,2025-08-19 01:34:04.269090,Mall,University,17.37,350.66,Credit Card,Cancelled
R02985,C0756,D0064,2026-03-13 06:31:04.269126,2026-03-13 07:39:04.269126,Metro Station,Bus Stand,6.23,165.14,Cash,Cancelled
R02986,C0908,D0020,2025-10-12 09:38:04.269161,2025-10-12 10:31:04.269161,Residential Area,Hospital,9.87,269.66,Credit Card,Completed
R02987,C0090,D0009,2026-04-26 05:28:04.269197,2026-04-26 06:03:04.269197,Metro Station,City Center,29.49,583.82,Cash,Completed
R02988,C0397,D0427,2026-02-18 02:33:04.269262,2026-02-18 03:42:04.269262,University,Metro Station,13.52,269.36,Credit Card,Cancelled
R02989,C0754,D0274,2026-05-27 13:14:04.269300,2026-05-27 13:47:04.269300,Metro Station,Residential Area,22.05,472.9,Debit Card,Cancelled
R02990,C0682,D0458,2025-08-23 11:04:04.269336,2025-08-23 11:15:04.269336,Metro Station,Airport,24.81,489.58,Debit Card,Completed
R02991,C0914,D0456,2025-12-26 18:32:04.269372,2025-12-26 19:26:04.269372,IT Park,Metro Station,27.21,586.78,Cash,Completed
R02992,C0502,D0134,2025-09-08 13:52:04.269410,2025-09-08 14:05:04.269410,Hospital,University,11.97,306.46,Credit Card,Cancelled
R02993,C0223,D0237,2026-06-29 19:21:04.269446,2026-06-29 20:23:04.269446,Mall,Metro Station,17.47,355.46,UPI,Cancelled
R02994,C0128,D0352,2026-03-13 21:53:04.269489,2026-03-13 23:16:04.269489,Metro Station,Metro Station,18.19,407.42,Credit Card,Completed
R02995,C0284,D0023,2025-08-22 17:53:04.269525,2025-08-22 18:09:04.269525,Railway Station,Metro Station,8.11,166.98,Cash,Completed
R02996,C0119,D0025,2026-04-05 19:01:04.269562,2026-04-05 19:43:04.269562,University,Residential Area,9.37,198.66,Debit Card,Cancelled
R02997,C0129,D0064,2025-11-03 07:16:04.269599,2025-11-03 07:43:04.269599,IT Park,IT Park,19.03,394.54,UPI,Completed
R02998,C0001,D0289,2025-08-16 21:27:04.269638,2025-08-16 22:20:04.269638,Railway Station,University,12.73,298.14,UPI,Cancelled
R02999,C0544,D0325,2026-01-22 08:31:04.269675,2026-01-22 08:51:04.269675,Metro Station,Airport,5.61,174.98,UPI,Cancelled
R03000,C0383,D0360,2026-04-26 11:32:04.269711,2026-04-26 12:43:04.269711,Airport,University,20.28,399.04,Debit Card,Cancelled
R03001,C0651,D0416,2026-07-02 01:22:04.269748,2026-07-02 02:39:04.269748,Airport,University,21.62,440.16,UPI,Cancelled
R03002,C0833,D0449,2026-06-30 13:17:04.269785,2026-06-30 13:49:04.269785,Hospital,Residential Area,22.52,450.36,Debit Card,Cancelled
R03003,C0581,D0074,2026-02-02 18:05:04.269820,2026-02-02 19:14:04.269820,Railway Station,Bus Stand,7.02,201.36,Debit Card,Cancelled
R03004,C0034,D0422,2026-03-21 13:00:04.269855,2026-03-21 13:58:04.269855,IT Park,Bus Stand,16.7,356.6,Cash,Completed
R03005,C0982,D0041,2026-03-20 06:24:04.269897,2026-03-20 07:21:04.269897,Bus Stand,Bus Stand,2.46,114.28,Debit Card,Cancelled
R03006,C0924,D0251,2025-08-19 04:55:04.269933,2025-08-19 05:54:04.269933,Hospital,Bus Stand,3.45,93.1,Cash,Cancelled
R03007,C0528,D0167,2026-06-24 14:44:04.269975,2026-06-24 15:57:04.269975,Airport,City Center,26.83,533.94,UPI,Cancelled
R03008,C0528,D0292,2025-12-24 01:27:04.270013,2025-12-24 01:38:04.270013,Railway Station,Residential Area,2.98,85.64,Debit Card,Completed
R03009,C0078,D0118,2025-10-28 08:49:04.270055,2025-10-28 09:05:04.270055,Bus Stand,Mall,5.53,180.54,UPI,Completed
R03010,C0541,D0468,2025-10-14 12:00:04.270091,2025-10-14 13:16:04.270091,City Center,Residential Area,29.0,603.0,Cash,Completed
R03011,C0249,D0388,2026-03-01 16:52:04.270127,2026-03-01 17:20:04.270127,Hospital,City Center,12.67,301.06,Credit Card,Completed
R03012,C0827,D0297,2026-03-01 10:27:04.270163,2026-03-01 11:43:04.270163,Metro Station,IT Park,3.93,124.74,Debit Card,Completed
R03013,C0762,D0048,2025-11-12 23:07:04.270198,2025-11-12 23:56:04.270198,Bus Stand,IT Park,8.28,225.04,Cash,Completed
R03014,C0436,D0164,2026-07-01 06:28:04.270258,2026-07-01 07:55:04.270258,City Center,Airport,9.78,219.04,Debit Card,Completed
R03015,C0984,D0174,2025-11-06 21:57:04.270295,2025-11-06 23:27:04.270295,Mall,Railway Station,21.24,439.32,Cash,Cancelled
R03016,C0448,D0126,2026-01-16 19:43:04.270331,2026-01-16 20:48:04.270331,Residential Area,Residential Area,14.91,299.38,Debit Card,Cancelled
R03017,C0363,D0024,2026-04-02 04:37:04.270368,2026-04-02 05:42:04.270368,City Center,Hospital,12.39,307.02,Cash,Completed
R03018,C0190,D0083,2026-01-06 14:53:04.270414,2026-01-06 16:02:04.270414,Metro Station,Mall,17.01,395.18,Cash,Cancelled
R03019,C0832,D0252,2025-08-20 14:13:04.270454,2025-08-20 14:27:04.270454,Bus Stand,University,28.62,604.16,UPI,Completed
R03020,C0556,D0288,2026-01-13 05:14:04.270492,2026-01-13 06:10:04.270492,Metro Station,Mall,20.53,455.54,Credit Card,Completed
R03021,C0683,D0172,2026-01-23 06:37:04.270529,2026-01-23 07:25:04.270529,Hospital,Hospital,26.82,559.76,Cash,Completed
R03022,C0150,D0155,2026-05-20 19:07:04.270567,2026-05-20 20:36:04.270567,Residential Area,IT Park,19.76,421.68,Cash,Cancelled
R03023,C0698,D0313,2025-08-08 16:07:04.270607,2025-08-08 17:17:04.270607,Mall,Residential Area,26.83,525.94,Debit Card,Completed
R03024,C0554,D0301,2025-08-22 22:49:04.270646,2025-08-22 23:52:04.270646,City Center,Mall,16.69,320.42,Debit Card,Completed
R03025,C0351,D0142,2026-05-15 23:41:04.270684,2026-05-16 00:47:04.270684,City Center,Hospital,18.07,363.26,Cash,Cancelled
R03026,C0376,D0109,2025-12-09 07:15:04.270721,2025-12-09 08:45:04.270721,Railway Station,Hospital,24.13,499.34,Cash,Cancelled
R03027,C0914,D0112,2026-03-14 02:31:04.270765,2026-03-14 03:18:04.270765,Mall,Bus Stand,28.31,574.58,Credit Card,Cancelled
R03028,C0866,D0311,2026-01-18 11:27:04.270808,2026-01-18 12:17:04.270808,Mall,Bus Stand,14.18,349.24,Debit Card,Completed
R03029,C0155,D0392,2025-10-26 20:41:04.270847,2025-10-26 21:38:04.270847,Metro Station,IT Park,23.37,477.66,UPI,Completed
R03030,C0844,D0151,2025-09-14 02:51:04.270902,2025-09-14 03:34:04.270902,University,Mall,29.37,596.66,Credit Card,Cancelled
R03031,C0369,D0439,2026-04-08 03:04:04.270944,2026-04-08 04:21:04.270944,Mall,Hospital,24.35,488.3,Cash,Cancelled
R03032,C0374,D0261,2025-08-05 14:15:04.270981,2025-08-05 15:42:04.270981,City Center,City Center,28.74,548.32,Debit Card,Completed
R03033,C0431,D0205,2025-11-11 16:43:04.271020,2025-11-11 17:40:04.271020,City Center,Residential Area,21.22,403.96,UPI,Cancelled
R03034,C0577,D0134,2025-08-11 11:05:04.271058,2025-08-11 12:30:04.271058,Hospital,City Center,24.31,536.58,Cash,Completed
R03035,C0572,D0182,2026-05-11 06:23:04.271094,2026-05-11 07:18:04.271094,University,Metro Station,4.8,126.4,UPI,Cancelled
R03036,C0483,D0404,2026-04-14 11:47:04.271140,2026-04-14 12:07:04.271140,Railway Station,Bus Stand,12.89,255.02,Debit Card,Cancelled
R03037,C0289,D0073,2026-07-19 08:59:04.271177,2026-07-19 10:03:04.271177,Bus Stand,Residential Area,10.51,256.18,UPI,Completed
R03038,C0138,D0281,2026-05-24 17:33:04.271241,2026-05-24 18:23:04.271241,University,City Center,19.84,408.12,Credit Card,Cancelled
R03039,C0525,D0449,2025-11-21 14:46:04.271281,2025-11-21 15:05:04.271281,Airport,Mall,4.02,171.36,Debit Card,Cancelled
R03040,C0483,D0009,2026-04-11 04:30:04.271324,2026-04-11 05:56:04.271324,Residential Area,Mall,14.25,309.5,UPI,Completed
R03041,C0221,D0011,2025-09-18 18:45:04.271364,2025-09-18 19:48:04.271364,Airport,Mall,19.09,438.62,Debit Card,Cancelled
R03042,C0423,D0076,2025-12-03 01:05:04.271404,2025-12-03 01:44:04.271404,City Center,Metro Station,14.64,347.52,UPI,Cancelled
R03043,C0004,D0109,2025-08-13 00:06:04.271444,2025-08-13 01:14:04.271444,Railway Station,Metro Station,18.28,395.04,Credit Card,Completed
R03044,C0892,D0452,2026-01-19 10:26:04.271483,2026-01-19 10:43:04.271483,University,Airport,28.78,554.04,Credit Card,Cancelled
R03045,C0587,D0460,2025-10-31 13:20:04.271521,2025-10-31 14:35:04.271521,City Center,Residential Area,23.25,506.5,Credit Card,Completed
R03046,C0800,D0215,2025-09-11 12:17:04.271559,2025-09-11 13:34:04.271559,City Center,Bus Stand,4.25,109.5,UPI,Completed
R03047,C0231,D0324,2026-02-05 13:55:04.271597,2026-02-05 14:05:04.271597,Hospital,Hospital,19.45,395.1,Debit Card,Cancelled
R03048,C0744,D0031,2026-03-11 11:53:04.271644,2026-03-11 13:18:04.271644,Railway Station,City Center,15.99,314.82,Debit Card,Completed
R03049,C0833,D0228,2025-12-13 23:06:04.271685,2025-12-13 23:30:04.271685,IT Park,Metro Station,11.29,253.22,UPI,Cancelled
R03050,C0819,D0108,2026-03-22 11:57:04.271723,2026-03-22 12:10:04.271723,City Center,Mall,14.8,326.4,Debit Card,Cancelled
R03051,C0130,D0217,2025-08-07 14:06:04.271768,2025-08-07 14:31:04.271768,IT Park,Residential Area,14.98,317.64,Cash,Cancelled
R03052,C0756,D0015,2026-04-17 01:48:04.271808,2026-04-17 02:30:04.271808,Residential Area,University,26.82,531.76,Debit Card,Cancelled
R03053,C0221,D0189,2026-06-24 06:39:04.271847,2026-06-24 07:05:04.271847,IT Park,University,11.42,233.56,Credit Card,Completed
R03054,C0514,D0345,2026-05-10 01:15:04.271906,2026-05-10 02:13:04.271906,University,University,14.41,301.38,Debit Card,Completed
R03055,C0404,D0055,2025-08-05 07:31:04.271948,2025-08-05 08:00:04.271948,Metro Station,City Center,6.21,146.78,Cash,Cancelled
R03056,C0425,D0101,2025-11-10 02:19:04.271989,2025-11-10 02:44:04.271989,University,Mall,22.14,485.52,Credit Card,Cancelled
R03057,C0056,D0307,2026-02-21 19:29:04.272028,2026-02-21 20:14:04.272028,IT Park,Hospital,3.8,150.4,Cash,Cancelled
R03058,C0112,D0429,2026-04-27 17:58:04.272076,2026-04-27 18:36:04.272076,Airport,City Center,18.96,373.28,Credit Card,Cancelled
R03059,C0111,D0146,2026-03-11 19:52:04.272117,2026-03-11 21:14:04.272117,Metro Station,Hospital,25.82,535.76,UPI,Cancelled
R03060,C0825,D0451,2026-05-05 01:41:04.272156,2026-05-05 02:46:04.272156,IT Park,Metro Station,28.27,568.86,Debit Card,Completed
R03061,C0053,D0104,2026-06-22 15:01:04.272195,2026-06-22 16:10:04.272195,University,Hospital,18.4,388.2,UPI,Completed
R03062,C0656,D0201,2026-03-02 04:39:04.272253,2026-03-02 05:45:04.272253,Airport,Bus Stand,9.66,262.88,UPI,Cancelled
R03063,C0488,D0423,2026-07-17 20:19:04.272292,2026-07-17 20:29:04.272292,Hospital,City Center,29.4,568.2,Credit Card,Completed
R03064,C0522,D0487,2025-10-11 01:57:04.272336,2025-10-11 02:15:04.272336,Mall,Bus Stand,17.07,348.26,Credit Card,Cancelled
R03065,C0091,D0239,2025-12-02 00:02:04.272372,2025-12-02 00:19:04.272372,Mall,IT Park,11.79,293.22,UPI,Completed
R03066,C0211,D0295,2025-11-23 02:28:04.272408,2025-11-23 03:13:04.272408,Mall,Hospital,23.68,509.24,Credit Card,Cancelled
R03067,C0539,D0425,2025-12-17 15:29:04.272444,2025-12-17 16:29:04.272444,Mall,Residential Area,14.24,297.32,Cash,Cancelled
R03068,C0300,D0057,2026-05-21 22:02:04.272483,2026-05-21 22:54:04.272483,Railway Station,Metro Station,29.78,574.04,Cash,Cancelled
R03069,C0222,D0259,2026-07-08 05:55:04.272519,2026-07-08 06:08:04.272519,Railway Station,University,10.6,255.8,Credit Card,Cancelled
R03070,C0374,D0377,2025-08-30 19:05:04.272556,2025-08-30 20:07:04.272556,Metro Station,IT Park,3.41,158.38,Cash,Cancelled
R03071,C0392,D0046,2026-04-20 08:14:04.272591,2026-04-20 09:24:04.272591,University,Railway Station,14.13,275.34,Debit Card,Completed
R03072,C0266,D0160,2026-04-17 07:22:04.272627,2026-04-17 08:44:04.272627,Bus Stand,Hospital,29.44,571.92,UPI,Cancelled
R03073,C0555,D0141,2025-10-15 02:00:04.272663,2025-10-15 03:28:04.272663,Metro Station,Mall,9.95,276.1,UPI,Completed
R03074,C0546,D0004,2025-09-12 19:23:04.272700,2025-09-12 19:34:04.272700,Hospital,Bus Stand,27.89,599.02,Debit Card,Cancelled
R03075,C0563,D0145,2025-10-20 20:13:04.272736,2025-10-20 20:58:04.272736,Metro Station,City Center,24.32,531.76,Debit Card,Completed
R03076,C0231,D0146,2026-01-28 11:40:04.272772,2026-01-28 12:52:04.272772,Airport,University,27.26,567.68,Cash,Cancelled
R03077,C0604,D0086,2026-01-10 03:44:04.272807,2026-01-10 04:41:04.272807,Hospital,Hospital,21.83,415.94,Cash,Completed
R03078,C0445,D0159,2025-12-15 12:25:04.272847,2025-12-15 13:28:04.272847,Mall,Residential Area,14.91,366.38,UPI,Completed
R03079,C0888,D0130,2026-06-05 03:12:04.272893,2026-06-05 04:11:04.272893,Mall,Bus Stand,22.49,504.82,Cash,Cancelled
R03080,C0014,D0438,2026-03-18 18:03:04.272930,2026-03-18 19:19:04.272930,Bus Stand,Residential Area,21.67,421.06,Debit Card,Completed
R03081,C0658,D0101,2026-05-24 14:29:04.272967,2026-05-24 15:59:04.272967,Hospital,Metro Station,4.25,102.5,Cash,Cancelled
R03082,C0723,D0399,2026-03-05 13:15:04.273003,2026-03-05 13:44:04.273003,Metro Station,Railway Station,23.29,439.22,Debit Card,Cancelled
R03083,C0862,D0483,2026-04-30 08:53:04.273040,2026-04-30 09:42:04.273040,City Center,University,5.66,124.88,Cash,Completed
R03084,C0386,D0125,2026-05-22 01:48:04.273076,2026-05-22 02:43:04.273076,University,Residential Area,5.67,201.06,Cash,Completed
R03085,C0036,D0164,2025-12-01 07:18:04.273113,2025-12-01 08:43:04.273113,Bus Stand,Residential Area,4.62,115.16,Debit Card,Completed
R03086,C0772,D0413,2026-05-18 11:17:04.273150,2026-05-18 11:57:04.273150,Mall,University,27.9,532.2,Debit Card,Cancelled
R03087,C0416,D0097,2026-04-17 18:36:04.273186,2026-04-17 19:15:04.273186,City Center,IT Park,10.42,257.56,Cash,Completed
R03088,C0061,D0240,2025-11-02 16:50:04.273245,2025-11-02 18:13:04.273245,Mall,Railway Station,7.54,201.72,Cash,Cancelled
R03089,C0494,D0364,2026-04-19 15:33:04.273284,2026-04-19 16:12:04.273284,Hospital,Hospital,25.43,492.74,Debit Card,Cancelled
R03090,C0358,D0206,2026-05-27 01:32:04.273321,2026-05-27 01:43:04.273321,Bus Stand,University,3.33,81.94,UPI,Completed
R03091,C0671,D0168,2025-11-12 13:28:04.273366,2025-11-12 13:57:04.273366,Airport,Railway Station,19.34,446.12,Cash,Cancelled
R03092,C0783,D0476,2026-01-19 21:00:04.273413,2026-01-19 21:42:04.273413,University,Residential Area,28.89,544.02,Debit Card,Completed
R03093,C0865,D0344,2025-11-02 05:21:04.273451,2025-11-02 06:24:04.273451,Railway Station,Metro Station,9.3,201.4,Credit Card,Cancelled
R03094,C0067,D0218,2026-02-21 13:39:04.273498,2026-02-21 14:27:04.273498,IT Park,University,18.42,398.56,Debit Card,Cancelled
R03095,C0764,D0359,2026-04-26 09:34:04.273539,2026-04-26 10:37:04.273539,Mall,Railway Station,3.93,108.74,UPI,Completed
R03096,C0872,D0080,2025-10-22 17:49:04.273579,2025-10-22 18:34:04.273579,University,City Center,24.98,480.64,Cash,Completed
R03097,C0935,D0366,2026-01-26 05:18:04.273619,2026-01-26 05:28:04.273619,City Center,Bus Stand,6.36,168.48,Credit Card,Cancelled
R03098,C0794,D0350,2026-05-25 11:41:04.273664,2026-05-25 12:26:04.273664,IT Park,Mall,18.45,357.1,UPI,Completed
R03099,C0740,D0482,2025-10-06 05:35:04.273702,2025-10-06 06:39:04.273702,IT Park,Metro Station,25.8,524.4,Credit Card,Cancelled
R03100,C0742,D0288,2026-04-26 15:22:04.273737,2026-04-26 15:46:04.273737,Mall,Airport,16.22,355.96,Credit Card,Cancelled
R03101,C0771,D0312,2025-10-25 05:05:04.273774,2025-10-25 06:07:04.273774,University,University,21.44,429.92,Cash,Completed
R03102,C0332,D0444,2026-01-26 19:18:04.273811,2026-01-26 19:29:04.273811,Airport,Airport,7.0,219.0,UPI,Completed
R03103,C0604,D0442,2026-04-20 10:55:04.273848,2026-04-20 11:45:04.273848,IT Park,Bus Stand,3.9,129.2,Credit Card,Completed
R03104,C0275,D0432,2025-11-04 07:39:04.273895,2025-11-04 08:06:04.273895,Residential Area,Railway Station,17.98,422.64,UPI,Completed
R03105,C0460,D0399,2025-10-27 02:44:04.273931,2025-10-27 03:31:04.273931,IT Park,Bus Stand,3.9,136.2,Debit Card,Cancelled
R03106,C0947,D0355,2025-12-05 19:01:04.273967,2025-12-05 19:59:04.273967,Railway Station,City Center,8.93,220.74,Debit Card,Cancelled
R03107,C0289,D0044,2025-09-08 16:06:04.274002,2025-09-08 17:23:04.274002,University,IT Park,5.74,136.32,Cash,Completed
R03108,C0959,D0032,2026-06-08 08:45:04.274044,2026-06-08 10:11:04.274044,Railway Station,Bus Stand,4.53,152.54,UPI,Completed
R03109,C0066,D0202,2025-12-25 11:21:04.274080,2025-12-25 11:35:04.274080,Residential Area,University,3.17,85.06,Cash,Cancelled
R03110,C0026,D0157,2025-10-18 19:23:04.274115,2025-10-18 20:38:04.274115,Railway Station,Metro Station,5.06,141.08,Credit Card,Completed
R03111,C0542,D0204,2026-05-04 17:32:04.274152,2026-05-04 18:41:04.274152,Airport,Hospital,22.46,430.28,Credit Card,Cancelled
R03112,C0622,D0450,2026-06-17 16:00:04.274187,2026-06-17 16:54:04.274187,Residential Area,University,17.93,378.74,Credit Card,Cancelled
R03113,C0620,D0069,2025-09-30 19:51:04.274237,2025-09-30 20:28:04.274237,Residential Area,City Center,16.11,378.98,Cash,Cancelled
R03114,C0447,D0463,2025-11-03 04:40:04.274273,2025-11-03 05:57:04.274273,Railway Station,City Center,24.84,488.12,Debit Card,Cancelled
R03115,C0522,D0216,2026-02-08 01:35:04.274311,2026-02-08 02:14:04.274311,Mall,Residential Area,8.81,192.58,Credit Card,Cancelled
R03116,C0715,D0483,2026-04-11 13:18:04.274344,2026-04-11 14:26:04.274344,Hospital,IT Park,18.85,391.3,Debit Card,Cancelled
R03117,C0264,D0462,2025-08-04 10:21:04.274379,2025-08-04 11:37:04.274379,Metro Station,Residential Area,5.85,195.3,Cash,Cancelled
R03118,C0169,D0023,2025-08-20 04:28:04.274421,2025-08-20 05:32:04.274421,Bus Stand,Railway Station,25.13,501.34,UPI,Cancelled
R03119,C0969,D0107,2025-11-11 23:59:04.274461,2025-11-12 00:18:04.274461,Residential Area,Airport,8.65,231.7,UPI,Completed
R03120,C0399,D0208,2025-09-21 05:02:04.274500,2025-09-21 05:52:04.274500,IT Park,Residential Area,18.08,350.44,Cash,Completed
R03121,C0416,D0137,2025-08-25 12:05:04.274540,2025-08-25 13:35:04.274540,Bus Stand,Railway Station,19.97,407.46,UPI,Cancelled
R03122,C0147,D0004,2026-03-16 06:47:04.274575,2026-03-16 08:04:04.274575,Metro Station,Airport,15.52,372.36,Credit Card,Completed
R03123,C0580,D0115,2025-08-29 14:59:04.274613,2025-08-29 16:10:04.274613,University,University,7.17,218.06,Cash,Completed
R03124,C0542,D0183,2025-12-13 11:06:04.274651,2025-12-13 12:00:04.274651,Metro Station,City Center,27.78,547.04,Cash,Completed
R03125,C0761,D0275,2026-01-05 16:16:04.274691,2026-01-05 17:17:04.274691,Railway Station,City Center,26.9,525.2,Credit Card,Completed
R03126,C0349,D0365,2026-02-27 05:45:04.274731,2026-02-27 07:13:04.274731,Airport,Bus Stand,2.09,58.62,Debit Card,Cancelled
R03127,C0682,D0162,2026-04-09 20:30:04.274771,2026-04-09 21:31:04.274771,University,IT Park,9.62,249.16,Credit Card,Cancelled
R03128,C0138,D0032,2025-08-27 08:38:04.274815,2025-08-27 08:52:04.274815,Bus Stand,Metro Station,21.24,422.32,Debit Card,Completed
R03129,C0857,D0449,2025-10-12 18:14:04.274858,2025-10-12 18:27:04.274858,City Center,Metro Station,14.21,287.78,Credit Card,Cancelled
R03130,C0406,D0318,2026-04-28 15:13:04.274969,2026-04-28 15:51:04.274969,Metro Station,City Center,4.82,148.76,UPI,Cancelled
R03131,C0477,D0381,2025-10-01 03:06:04.275012,2025-10-01 04:32:04.275012,Bus Stand,Railway Station,5.11,178.98,Cash,Completed
R03132,C0846,D0392,2026-06-03 13:10:04.275053,2026-06-03 13:55:04.275053,Railway Station,IT Park,25.43,545.74,Debit Card,Cancelled
R03133,C0178,D0378,2025-11-17 05:17:04.275090,2025-11-17 05:35:04.275090,Airport,Airport,5.79,204.22,Debit Card,Cancelled
R03134,C0068,D0252,2025-12-24 19:09:04.275130,2025-12-24 19:20:04.275130,Mall,Bus Stand,4.92,143.56,Debit Card,Cancelled
R03135,C0499,D0001,2025-10-30 23:45:04.275169,2025-10-31 00:32:04.275169,Airport,Airport,25.45,502.1,Credit Card,Completed
R03136,C0636,D0258,2025-10-14 14:20:04.275228,2025-10-14 15:17:04.275228,Hospital,Railway Station,29.22,616.96,Debit Card,Cancelled
R03137,C0449,D0394,2026-04-07 18:52:04.275270,2026-04-07 20:17:04.275270,IT Park,Airport,21.82,465.76,Cash,Cancelled
R03138,C0337,D0309,2026-05-31 17:27:04.275315,2026-05-31 18:01:04.275315,Mall,University,10.83,220.94,Credit Card,Completed
R03139,C0776,D0324,2026-01-23 20:15:04.275354,2026-01-23 21:15:04.275354,University,Bus Stand,6.01,200.18,Credit Card,Completed
R03140,C1000,D0131,2026-03-05 23:09:04.275393,2026-03-05 23:57:04.275393,University,Airport,24.57,486.26,Cash,Cancelled
R03141,C1000,D0296,2025-08-12 06:07:04.275433,2025-08-12 07:14:04.275433,Residential Area,Hospital,23.48,511.64,UPI,Cancelled
R03142,C0926,D0320,2026-03-07 06:54:04.275473,2026-03-07 07:22:04.275473,University,Hospital,11.61,279.98,Credit Card,Completed
R03143,C0052,D0304,2025-11-23 20:58:04.275512,2025-11-23 22:04:04.275512,IT Park,Mall,27.57,581.26,Debit Card,Cancelled
R03144,C0105,D0110,2026-05-29 11:01:04.275552,2026-05-29 12:16:04.275552,IT Park,Bus Stand,26.25,536.5,Cash,Completed
R03145,C0971,D0399,2026-06-14 11:35:04.275593,2026-06-14 12:47:04.275593,Mall,Airport,7.27,165.86,Debit Card,Cancelled
R03146,C0159,D0278,2025-10-17 20:48:04.275632,2025-10-17 21:07:04.275632,Hospital,University,10.64,271.52,Cash,Completed
R03147,C0573,D0060,2026-07-02 20:51:04.275674,2026-07-02 22:02:04.275674,IT Park,Airport,27.68,533.24,Credit Card,Completed
R03148,C0523,D0251,2025-08-09 21:09:04.275719,2025-08-09 22:05:04.275719,IT Park,Mall,2.17,136.06,Debit Card,Completed
R03149,C0078,D0219,2026-01-04 23:23:04.275763,2026-01-05 00:20:04.275763,Railway Station,IT Park,12.87,293.66,Debit Card,Completed
R03150,C0437,D0110,2026-08-01 23:39:04.275802,2026-08-02 00:11:04.275802,Mall,City Center,25.22,481.96,Debit Card,Cancelled
R03151,C0876,D0066,2026-07-24 07:08:04.275842,2026-07-24 08:38:04.275842,IT Park,Bus Stand,13.48,331.64,Debit Card,Cancelled
R03152,C0137,D0172,2026-01-26 03:02:04.275893,2026-01-26 03:23:04.275893,Residential Area,Residential Area,6.24,176.32,UPI,Completed
R03153,C0467,D0482,2026-07-08 00:35:04.275935,2026-07-08 01:08:04.275935,University,University,26.79,555.22,UPI,Completed
R03154,C0801,D0186,2026-03-03 11:55:04.275981,2026-03-03 13:02:04.275981,Bus Stand,Hospital,20.27,427.86,Credit Card,Completed
R03155,C0058,D0375,2026-01-06 11:07:04.276020,2026-01-06 11:20:04.276020,University,City Center,25.79,497.22,Cash,Completed
R03156,C0730,D0119,2025-08-12 16:35:04.276060,2025-08-12 17:09:04.276060,Hospital,University,18.0,382.0,Credit Card,Completed
R03157,C0249,D0469,2026-01-29 07:52:04.276099,2026-01-29 09:09:04.276099,University,Residential Area,12.93,294.74,Cash,Cancelled
R03158,C0201,D0002,2026-04-18 14:54:04.276142,2026-04-18 15:37:04.276142,Residential Area,Hospital,5.84,200.12,Credit Card,Completed
R03159,C0779,D0321,2025-10-02 11:25:04.276182,2025-10-02 12:46:04.276182,University,IT Park,14.44,344.92,Debit Card,Completed
R03160,C0808,D0305,2026-07-08 00:01:04.276247,2026-07-08 00:25:04.276247,Metro Station,Railway Station,26.85,504.3,Cash,Completed
R03161,C0246,D0187,2025-09-14 03:49:04.276288,2025-09-14 04:48:04.276288,University,University,17.95,386.1,Cash,Cancelled
R03162,C0650,D0022,2025-11-13 10:53:04.276328,2025-11-13 11:55:04.276328,Residential Area,Airport,21.38,429.84,Cash,Completed
R03163,C0807,D0025,2026-07-19 18:09:04.276367,2026-07-19 19:26:04.276367,Airport,Hospital,16.05,324.9,Debit Card,Completed
R03164,C0648,D0436,2026-06-14 02:30:04.276401,2026-06-14 03:49:04.276401,Residential Area,Mall,4.35,136.3,Cash,Cancelled
R03165,C0292,D0220,2025-12-03 14:09:04.276438,2025-12-03 14:46:04.276438,Residential Area,Bus Stand,16.03,348.54,Credit Card,Cancelled
R03166,C0502,D0025,2026-07-09 10:04:04.276476,2026-07-09 10:43:04.276476,Airport,Metro Station,4.48,113.64,UPI,Cancelled
R03167,C0184,D0476,2025-08-04 05:58:04.276513,2025-08-04 07:21:04.276513,City Center,University,26.34,503.12,Debit Card,Cancelled
R03168,C0418,D0049,2025-12-01 01:57:04.276556,2025-12-01 02:25:04.276556,Mall,City Center,14.92,359.56,Cash,Cancelled
R03169,C0797,D0261,2026-05-11 23:14:04.276593,2026-05-12 00:12:04.276593,Airport,Railway Station,7.42,226.56,Credit Card,Cancelled
R03170,C0897,D0342,2026-01-21 21:24:04.276629,2026-01-21 22:37:04.276629,Hospital,Railway Station,10.23,238.14,Debit Card,Completed
R03171,C0088,D0448,2026-05-21 11:40:04.276665,2026-05-21 12:11:04.276665,Residential Area,Metro Station,20.11,414.98,Debit Card,Completed
R03172,C0126,D0330,2026-06-24 02:07:04.276702,2026-06-24 02:49:04.276702,Mall,IT Park,3.71,138.78,UPI,Cancelled
R03173,C0851,D0021,2026-05-25 10:34:04.276738,2026-05-25 11:01:04.276738,Hospital,University,13.53,327.54,UPI,Cancelled
R03174,C0438,D0016,2025-08-10 21:31:04.276773,2025-08-10 22:04:04.276773,Mall,Railway Station,12.26,263.68,Debit Card,Cancelled
R03175,C0650,D0478,2026-01-02 08:11:04.276810,2026-01-02 08:45:04.276810,City Center,Airport,20.14,410.52,Cash,Completed
R03176,C0669,D0322,2026-04-08 05:31:04.276845,2026-04-08 06:50:04.276845,Bus Stand,Residential Area,16.54,317.72,UPI,Cancelled
R03177,C0324,D0028,2026-06-06 18:12:04.276893,2026-06-06 18:31:04.276893,Hospital,Hospital,10.49,219.82,UPI,Cancelled
R03178,C0872,D0105,2025-10-10 23:37:04.276947,2025-10-11 00:52:04.276947,Hospital,University,5.99,133.82,Debit Card,Completed
R03179,C0726,D0129,2026-06-15 16:25:04.276992,2026-06-15 17:46:04.276992,Mall,Bus Stand,2.43,116.74,Cash,Completed
R03180,C0208,D0323,2026-03-29 19:22:04.277029,2026-03-29 20:30:04.277029,City Center,Railway Station,18.95,405.1,UPI,Cancelled
R03181,C0742,D0122,2025-09-06 10:34:04.277073,2025-09-06 10:51:04.277073,IT Park,Airport,21.78,413.04,UPI,Completed
R03182,C0193,D0004,2025-08-18 23:22:04.277108,2025-08-18 23:44:04.277108,Railway Station,City Center,19.6,378.8,Debit Card,Cancelled
R03183,C0151,D0094,2026-05-12 01:50:04.277143,2026-05-12 02:42:04.277143,Metro Station,Hospital,22.81,492.58,Debit Card,Cancelled
R03184,C0751,D0212,2026-01-01 00:19:04.277179,2026-01-01 01:40:04.277179,University,Airport,10.65,230.7,Credit Card,Completed
R03185,C0449,D0496,2025-09-01 14:17:04.277227,2025-09-01 14:29:04.277227,City Center,IT Park,26.4,550.2,Credit Card,Completed
R03186,C0714,D0313,2026-07-23 13:31:04.277267,2026-07-23 14:27:04.277267,Hospital,Metro Station,26.66,499.88,Credit Card,Completed
R03187,C0608,D0305,2026-07-20 12:48:04.277301,2026-07-20 13:28:04.277301,Airport,Residential Area,7.69,230.42,Credit Card,Completed
R03188,C0958,D0234,2025-10-15 02:13:04.277343,2025-10-15 02:32:04.277343,Hospital,Metro Station,9.97,238.46,Credit Card,Cancelled
R03189,C0601,D0013,2025-12-23 18:02:04.277381,2025-12-23 18:23:04.277381,Bus Stand,Bus Stand,25.17,531.06,Debit Card,Completed
R03190,C0273,D0246,2026-06-06 03:46:04.277417,2026-06-06 04:24:04.277417,City Center,IT Park,16.88,387.84,Debit Card,Cancelled
R03191,C0173,D0129,2025-09-14 09:40:04.277452,2025-09-14 11:00:04.277452,IT Park,Hospital,11.64,285.52,Cash,Completed
R03192,C0435,D0461,2025-11-26 03:26:04.277493,2025-11-26 04:48:04.277493,Airport,Bus Stand,22.32,422.76,UPI,Completed
R03193,C0346,D0494,2025-11-08 16:14:04.277532,2025-11-08 16:56:04.277532,Residential Area,Airport,19.45,389.1,UPI,Completed
R03194,C0192,D0330,2026-02-04 05:32:04.277569,2026-02-04 06:14:04.277569,Mall,Bus Stand,12.52,276.36,Credit Card,Cancelled
R03195,C0164,D0220,2026-01-08 12:38:04.277604,2026-01-08 13:52:04.277604,City Center,Metro Station,12.3,278.4,Cash,Cancelled
R03196,C0422,D0421,2026-01-11 04:40:04.277638,2026-01-11 06:01:04.277638,Hospital,University,3.13,153.34,Debit Card,Cancelled
R03197,C0163,D0341,2026-01-09 09:00:04.277676,2026-01-09 10:24:04.277676,Railway Station,Railway Station,25.49,530.82,Cash,Cancelled
R03198,C0793,D0147,2026-03-23 17:39:04.277719,2026-03-23 18:52:04.277719,Railway Station,Metro Station,10.97,224.46,Credit Card,Completed
R03199,C0465,D0175,2026-01-31 21:53:04.277757,2026-01-31 22:44:04.277757,IT Park,Metro Station,24.43,510.74,Credit Card,Cancelled
R03200,C0757,D0284,2026-02-17 13:07:04.277793,2026-02-17 14:32:04.277793,IT Park,City Center,16.43,364.74,Cash,Cancelled
R03201,C0073,D0380,2025-09-08 21:26:04.277830,2025-09-08 21:39:04.277830,Railway Station,Hospital,12.08,299.44,UPI,Cancelled
R03202,C0919,D0116,2026-07-11 06:56:04.277868,2026-07-11 08:07:04.277868,Metro Station,Railway Station,20.22,435.96,UPI,Completed
R03203,C0076,D0170,2025-09-15 16:37:04.277916,2025-09-15 17:03:04.277916,Railway Station,Hospital,20.2,446.6,Debit Card,Cancelled
R03204,C0984,D0328,2026-05-24 16:03:04.277953,2026-05-24 17:12:04.277953,Hospital,Metro Station,22.42,426.56,Debit Card,Completed
R03205,C0931,D0208,2026-04-02 04:55:04.277991,2026-04-02 05:28:04.277991,IT Park,Airport,22.67,457.06,UPI,Completed
R03206,C0291,D0362,2025-10-06 08:56:04.278034,2025-10-06 10:23:04.278034,Residential Area,Hospital,27.02,586.36,Credit Card,Completed
R03207,C0540,D0328,2026-02-27 00:29:04.278071,2026-02-27 00:53:04.278071,Airport,Bus Stand,11.94,247.92,Debit Card,Completed
R03208,C0929,D0425,2025-10-17 03:08:04.278108,2025-10-17 04:09:04.278108,Hospital,City Center,21.92,468.56,Credit Card,Completed
R03209,C0164,D0107,2026-02-13 14:36:04.278148,2026-02-13 14:52:04.278148,Residential Area,Metro Station,8.69,217.42,Cash,Completed
R03210,C0657,D0023,2026-02-20 14:04:04.278186,2026-02-20 14:39:04.278186,Hospital,Bus Stand,25.47,551.46,Credit Card,Cancelled
R03211,C0716,D0019,2026-02-12 22:58:04.278238,2026-02-12 23:23:04.278238,Railway Station,Hospital,7.98,165.64,Debit Card,Cancelled
R03212,C0686,D0418,2026-02-26 15:20:04.278278,2026-02-26 15:47:04.278278,City Center,Metro Station,17.92,394.56,Debit Card,Cancelled
R03213,C0365,D0329,2026-01-29 09:08:04.278316,2026-01-29 10:10:04.278316,Airport,Residential Area,14.1,351.8,Debit Card,Completed
R03214,C0430,D0439,2025-12-05 05:39:04.278352,2025-12-05 05:54:04.278352,Bus Stand,Hospital,20.54,389.72,UPI,Cancelled
R03215,C0882,D0014,2026-02-02 19:40:04.278390,2026-02-02 20:36:04.278390,Airport,University,11.28,235.04,Cash,Completed
R03216,C0309,D0150,2026-02-26 06:29:04.278427,2026-02-26 06:41:04.278427,City Center,Residential Area,14.22,345.96,Cash,Completed
R03217,C0521,D0255,2026-07-17 00:26:04.278462,2026-07-17 01:06:04.278462,Airport,City Center,27.75,546.5,Debit Card,Completed
R03218,C0894,D0165,2026-04-03 00:31:04.278509,2026-04-03 00:51:04.278509,Railway Station,University,24.66,508.88,Cash,Cancelled
R03219,C0480,D0379,2025-12-02 14:44:04.278548,2025-12-02 15:34:04.278548,City Center,Airport,11.78,253.04,UPI,Completed
R03220,C0835,D0377,2025-11-23 03:48:04.278587,2025-11-23 04:20:04.278587,Railway Station,Mall,2.63,80.34,Credit Card,Completed
R03221,C0240,D0398,2026-04-07 19:44:04.278626,2026-04-07 20:37:04.278626,IT Park,Residential Area,10.16,236.88,Credit Card,Completed
R03222,C0606,D0068,2026-07-16 01:02:04.278665,2026-07-16 01:35:04.278665,Hospital,Metro Station,18.45,356.1,UPI,Cancelled
R03223,C0584,D0446,2025-12-17 19:43:04.278703,2025-12-17 20:57:04.278703,IT Park,Bus Stand,4.83,174.94,UPI,Completed
R03224,C0707,D0089,2025-12-31 10:23:04.278741,2025-12-31 10:49:04.278741,Metro Station,Mall,16.44,340.92,UPI,Completed
R03225,C0834,D0096,2025-10-07 04:48:04.278781,2025-10-07 05:00:04.278781,Mall,University,19.09,376.62,Cash,Completed
R03226,C0937,D0088,2026-07-08 15:49:04.278820,2026-07-08 17:01:04.278820,Bus Stand,IT Park,9.35,191.3,Cash,Completed
R03227,C0494,D0275,2025-09-17 09:16:04.278857,2025-09-17 09:51:04.278857,IT Park,Metro Station,6.71,167.78,Cash,Cancelled
R03228,C0353,D0028,2026-05-08 02:34:04.278911,2026-05-08 03:45:04.278911,City Center,Metro Station,25.43,504.74,Debit Card,Completed
R03229,C0992,D0425,2026-04-05 03:59:04.278947,2026-04-05 05:28:04.278947,Bus Stand,Airport,26.93,578.74,Credit Card,Cancelled
R03230,C0073,D0005,2026-04-05 07:54:04.278984,2026-04-05 09:22:04.278984,Bus Stand,City Center,18.65,404.7,Debit Card,Cancelled
R03231,C0246,D0458,2026-01-24 15:51:04.279021,2026-01-24 16:02:04.279021,Mall,IT Park,12.19,275.42,UPI,Cancelled
R03232,C0739,D0288,2026-06-12 21:22:04.279058,2026-06-12 22:29:04.279058,Residential Area,Bus Stand,21.0,414.0,Credit Card,Cancelled
R03233,C0300,D0220,2025-08-11 16:24:04.279096,2025-08-11 17:46:04.279096,Bus Stand,Hospital,15.19,355.42,Cash,Completed
R03234,C0313,D0443,2025-08-07 02:32:04.279142,2025-08-07 04:02:04.279142,Bus Stand,Bus Stand,5.19,170.42,Cash,Completed
R03235,C0005,D0456,2026-03-27 14:28:04.279178,2026-03-27 15:34:04.279178,Hospital,Hospital,21.69,474.42,UPI,Completed
R03236,C0991,D0325,2026-02-05 05:32:04.279236,2026-02-05 05:55:04.279236,University,City Center,15.51,330.18,UPI,Completed
R03237,C0807,D0158,2025-08-13 19:40:04.279273,2025-08-13 20:56:04.279273,Residential Area,City Center,26.59,517.62,Credit Card,Cancelled
R03238,C0738,D0347,2025-12-27 12:36:04.279314,2025-12-27 12:56:04.279314,City Center,Residential Area,26.3,571.4,Cash,Cancelled
R03239,C0863,D0493,2025-12-28 08:52:04.279351,2025-12-28 09:49:04.279351,Airport,Mall,11.82,232.76,Cash,Cancelled
R03240,C0289,D0193,2026-05-17 23:30:04.279385,2026-05-18 00:56:04.279385,Residential Area,City Center,21.91,478.38,Cash,Completed
R03241,C0573,D0271,2026-07-28 10:21:04.279421,2026-07-28 11:21:04.279421,Railway Station,Bus Stand,12.14,249.52,Debit Card,Cancelled
R03242,C0084,D0159,2025-10-04 08:21:04.279458,2025-10-04 09:22:04.279458,Bus Stand,Hospital,28.7,591.6,Cash,Cancelled
R03243,C0704,D0147,2026-02-05 16:51:04.279502,2026-02-05 18:18:04.279502,IT Park,Mall,8.16,205.88,Debit Card,Cancelled
R03244,C0583,D0480,2026-04-30 12:38:04.279540,2026-04-30 13:31:04.279540,IT Park,Airport,29.02,548.36,Cash,Cancelled
R03245,C0260,D0411,2026-06-02 22:52:04.279577,2026-06-03 00:04:04.279577,IT Park,Bus Stand,7.9,182.2,UPI,Cancelled
R03246,C0646,D0246,2026-05-25 22:24:04.279614,2026-05-25 22:44:04.279614,IT Park,Residential Area,26.93,578.74,Credit Card,Completed
R03247,C0020,D0407,2025-11-09 10:57:04.279652,2025-11-09 11:38:04.279652,Residential Area,IT Park,15.69,322.42,UPI,Cancelled
R03248,C0362,D0133,2025-12-06 00:21:04.279696,2025-12-06 00:50:04.279696,University,Residential Area,22.51,501.18,Cash,Cancelled
R03249,C0386,D0378,2025-11-13 23:53:04.279736,2025-11-14 01:10:04.279736,University,Airport,9.81,198.58,Debit Card,Completed
R03250,C0614,D0005,2025-11-25 21:29:04.279776,2025-11-25 21:58:04.279776,IT Park,City Center,11.21,252.78,UPI,Cancelled
R03251,C0861,D0397,2025-11-13 21:58:04.279815,2025-11-13 22:34:04.279815,Bus Stand,IT Park,14.15,313.7,UPI,Cancelled
R03252,C0848,D0390,2025-12-16 01:41:04.279854,2025-12-16 03:00:04.279854,IT Park,University,20.69,462.42,UPI,Completed
R03253,C0686,D0357,2026-02-27 20:54:04.279905,2026-02-27 21:48:04.279905,IT Park,Metro Station,15.24,341.32,UPI,Completed
R03254,C0438,D0104,2025-08-25 03:37:04.279943,2025-08-25 03:51:04.279943,Mall,Metro Station,5.19,193.42,UPI,Completed
R03255,C0888,D0284,2026-04-17 16:03:04.279980,2026-04-17 17:33:04.279980,IT Park,Metro Station,8.74,218.32,Credit Card,Completed
R03256,C0788,D0031,2026-05-14 13:24:04.280017,2026-05-14 14:23:04.280017,IT Park,Airport,6.46,140.28,Credit Card,Completed
R03257,C0827,D0115,2026-06-23 15:33:04.280056,2026-06-23 15:50:04.280056,IT Park,Metro Station,20.81,411.58,Debit Card,Completed
R03258,C0696,D0222,2025-09-19 00:43:04.280103,2025-09-19 02:10:04.280103,Metro Station,Railway Station,20.03,423.54,UPI,Cancelled
R03259,C0938,D0368,2026-04-07 08:01:04.280144,2026-04-07 09:12:04.280144,Metro Station,Railway Station,17.92,362.56,UPI,Cancelled
R03260,C0967,D0267,2025-08-15 00:08:04.280195,2025-08-15 00:52:04.280195,Mall,Airport,8.44,240.92,UPI,Completed
R03261,C0140,D0353,2026-01-18 01:49:04.280254,2026-01-18 02:40:04.280254,IT Park,Railway Station,9.16,246.88,UPI,Cancelled
R03262,C0572,D0262,2026-05-01 01:15:04.280300,2026-05-01 02:00:04.280300,Residential Area,Hospital,21.63,409.34,UPI,Cancelled
R03263,C0702,D0477,2026-02-07 17:31:04.280338,2026-02-07 18:17:04.280338,Airport,Airport,20.36,430.48,Credit Card,Cancelled
R03264,C0580,D0336,2026-02-03 21:15:04.280376,2026-02-03 21:31:04.280376,Bus Stand,Hospital,15.85,362.3,UPI,Cancelled
R03265,C0595,D0130,2026-07-28 09:50:04.280413,2026-07-28 10:08:04.280413,University,Airport,26.77,545.86,Cash,Completed
R03266,C0515,D0288,2026-02-05 22:12:04.280451,2026-02-05 23:14:04.280451,City Center,Bus Stand,27.66,542.88,Cash,Completed
R03267,C0056,D0082,2025-11-29 15:41:04.280488,2025-11-29 17:06:04.280488,Mall,IT Park,20.35,439.3,UPI,Cancelled
R03268,C0143,D0476,2026-04-24 09:26:04.280530,2026-04-24 09:52:04.280530,Metro Station,University,26.15,525.7,UPI,Cancelled
R03269,C0432,D0365,2026-07-28 07:47:04.280570,2026-07-28 09:12:04.280570,Airport,Mall,17.32,348.76,Debit Card,Completed
R03270,C0949,D0043,2026-05-07 19:06:04.280607,2026-05-07 20:33:04.280607,Airport,Metro Station,12.53,257.54,UPI,Completed
R03271,C0210,D0181,2025-10-27 01:44:04.280645,2025-10-27 01:55:04.280645,Airport,IT Park,5.58,173.44,Credit Card,Completed
R03272,C0699,D0134,2026-05-26 12:13:04.280681,2026-05-26 13:30:04.280681,Bus Stand,City Center,6.51,198.18,Cash,Completed
R03273,C0574,D0411,2026-04-03 11:44:04.280720,2026-04-03 12:09:04.280720,Mall,Bus Stand,29.16,624.88,Debit Card,Completed
R03274,C0516,D0161,2026-07-01 17:01:04.280756,2026-07-01 17:59:04.280756,Bus Stand,IT Park,15.26,346.68,Debit Card,Cancelled
R03275,C0146,D0454,2026-02-07 07:30:04.280793,2026-02-07 08:48:04.280793,Mall,Airport,5.28,192.04,Credit Card,Cancelled
R03276,C0636,D0229,2026-05-09 01:52:04.280827,2026-05-09 02:27:04.280827,Airport,Residential Area,18.68,369.24,Debit Card,Completed
R03277,C0909,D0389,2025-11-14 17:39:04.280861,2025-11-14 18:25:04.280861,City Center,Metro Station,24.05,476.9,UPI,Cancelled
R03278,C0666,D0282,2026-03-28 11:11:04.280914,2026-03-28 12:20:04.280914,Mall,IT Park,4.28,97.04,Debit Card,Completed
R03279,C0484,D0271,2025-10-29 08:19:04.280951,2025-10-29 08:33:04.280951,Airport,Residential Area,2.03,128.54,UPI,Completed
R03280,C0161,D0078,2025-10-20 08:32:04.280984,2025-10-20 09:57:04.280984,University,Hospital,3.67,109.06,Cash,Completed
R03281,C0047,D0049,2026-03-26 08:50:04.281021,2026-03-26 09:43:04.281021,Mall,Hospital,24.41,488.38,UPI,Cancelled
R03282,C0506,D0271,2026-01-11 22:43:04.281062,2026-01-11 23:05:04.281062,IT Park,Mall,26.41,569.38,Cash,Cancelled
R03283,C0061,D0001,2026-04-24 21:26:04.281098,2026-04-24 22:40:04.281098,City Center,IT Park,4.13,104.34,UPI,Cancelled
R03284,C0128,D0339,2026-07-11 22:19:04.281135,2026-07-11 22:44:04.281135,Hospital,Metro Station,22.65,433.7,Credit Card,Cancelled
R03285,C0500,D0083,2026-02-07 15:07:04.281172,2026-02-07 16:11:04.281172,Residential Area,Bus Stand,10.25,270.5,UPI,Completed
R03286,C0597,D0379,2026-07-21 16:18:04.281208,2026-07-21 16:36:04.281208,IT Park,Bus Stand,14.74,342.32,Credit Card,Completed
R03287,C0827,D0231,2025-08-11 01:40:04.281266,2025-08-11 02:50:04.281266,Railway Station,Metro Station,23.49,471.82,Credit Card,Cancelled
R03288,C0150,D0287,2025-08-25 22:21:04.281307,2025-08-25 22:38:04.281307,Residential Area,IT Park,12.68,267.24,Debit Card,Completed
R03289,C0371,D0281,2026-03-14 20:34:04.281345,2026-03-14 20:54:04.281345,Hospital,Airport,5.33,153.94,UPI,Completed
R03290,C0559,D0303,2026-02-06 11:46:04.281381,2026-02-06 13:02:04.281381,University,Railway Station,24.91,504.38,Credit Card,Completed
R03291,C0090,D0291,2025-12-16 06:38:04.281425,2025-12-16 08:06:04.281425,Metro Station,University,25.27,483.86,Cash,Cancelled
R03292,C0454,D0234,2025-11-25 07:04:04.281463,2025-11-25 08:27:04.281463,Railway Station,Bus Stand,22.53,468.54,Credit Card,Cancelled
R03293,C0629,D0409,2026-06-29 03:38:04.281499,2026-06-29 05:07:04.281499,University,Mall,12.74,323.32,UPI,Cancelled
R03294,C0963,D0179,2026-01-22 00:20:04.281535,2026-01-22 01:05:04.281535,Mall,Mall,6.74,176.32,UPI,Completed
R03295,C0692,D0237,2025-11-24 22:44:04.281572,2025-11-24 23:32:04.281572,Railway Station,IT Park,5.11,171.98,UPI,Cancelled
R03296,C0439,D0340,2026-03-21 07:56:04.281608,2026-03-21 09:25:04.281608,IT Park,Airport,6.94,185.92,UPI,Cancelled
R03297,C0130,D0179,2025-10-05 16:37:04.281642,2025-10-05 17:26:04.281642,University,Residential Area,28.13,531.34,Cash,Cancelled
R03298,C0364,D0257,2026-05-02 22:54:04.281684,2026-05-03 00:10:04.281684,Mall,Bus Stand,24.39,538.02,Credit Card,Completed
R03299,C0613,D0278,2025-10-05 17:18:04.281733,2025-10-05 18:18:04.281733,Hospital,City Center,21.6,415.8,UPI,Cancelled
R03300,C0921,D0227,2026-03-02 18:25:04.281773,2026-03-02 18:57:04.281773,Metro Station,City Center,26.16,496.88,Debit Card,Cancelled
R03301,C0695,D0390,2026-07-23 13:45:04.281812,2026-07-23 14:12:04.281812,Hospital,University,19.38,434.84,Cash,Cancelled
R03302,C0649,D0463,2026-06-17 00:16:04.281850,2026-06-17 00:38:04.281850,Bus Stand,Railway Station,6.33,172.94,Debit Card,Completed
R03303,C0295,D0389,2026-04-13 03:49:04.281898,2026-04-13 05:11:04.281898,Railway Station,Airport,4.21,102.78,Cash,Cancelled
R03304,C0668,D0355,2026-05-07 12:49:04.281937,2026-05-07 13:19:04.281937,Railway Station,University,6.76,148.68,Debit Card,Cancelled
R03305,C0443,D0428,2025-12-30 03:16:04.281973,2025-12-30 04:27:04.281973,Airport,Hospital,17.31,337.58,Debit Card,Cancelled
R03306,C0834,D0322,2025-12-01 04:24:04.282016,2025-12-01 05:44:04.282016,IT Park,Hospital,9.2,220.6,Cash,Completed
R03307,C0761,D0443,2025-10-16 08:46:04.282053,2025-10-16 09:31:04.282053,City Center,Hospital,28.01,577.18,Cash,Completed
R03308,C0182,D0260,2026-05-03 22:57:04.282094,2026-05-03 23:08:04.282094,IT Park,University,5.1,119.8,Credit Card,Cancelled
R03309,C0640,D0056,2026-02-08 21:47:04.282132,2026-02-08 22:34:04.282132,Hospital,Railway Station,17.49,340.82,Debit Card,Cancelled
R03310,C0602,D0317,2026-06-07 16:39:04.282171,2026-06-07 16:58:04.282171,IT Park,University,8.51,173.18,Debit Card,Cancelled
R03311,C0477,D0401,2025-12-23 18:09:04.282244,2025-12-23 19:34:04.282244,Residential Area,University,11.09,290.62,Credit Card,Cancelled
R03312,C0673,D0340,2026-01-03 12:21:04.282291,2026-01-03 13:39:04.282291,Mall,Airport,27.31,548.58,Debit Card,Cancelled
R03313,C0867,D0402,2025-08-29 11:03:04.282329,2025-08-29 11:46:04.282329,IT Park,Residential Area,5.96,191.28,UPI,Cancelled
R03314,C0959,D0325,2025-11-12 20:53:04.282368,2025-11-12 21:49:04.282368,Bus Stand,Metro Station,3.4,125.2,Cash,Cancelled
R03315,C0139,D0162,2026-04-27 01:07:04.282405,2026-04-27 02:13:04.282405,Bus Stand,Railway Station,24.98,541.64,Credit Card,Cancelled
R03316,C0752,D0072,2026-06-01 00:29:04.282442,2026-06-01 01:04:04.282442,Airport,Railway Station,9.03,262.54,Debit Card,Completed
R03317,C0341,D0168,2026-04-06 07:38:04.282481,2026-04-06 07:56:04.282481,Metro Station,University,9.75,257.5,Credit Card,Completed
R03318,C0662,D0183,2025-08-11 07:04:04.282527,2025-08-11 07:27:04.282527,Residential Area,University,4.32,131.76,Credit Card,Completed
R03319,C0143,D0451,2026-04-01 04:54:04.282571,2026-04-01 05:37:04.282571,Mall,Railway Station,21.13,440.34,Cash,Completed
R03320,C0104,D0398,2025-11-02 11:50:04.282609,2025-11-02 13:00:04.282609,University,Mall,3.5,83.0,Credit Card,Cancelled
R03321,C0497,D0020,2026-06-02 01:19:04.282650,2026-06-02 02:37:04.282650,City Center,Railway Station,2.92,73.56,Cash,Cancelled
R03322,C0747,D0106,2026-01-29 06:07:04.282688,2026-01-29 06:32:04.282688,City Center,IT Park,8.0,184.0,UPI,Completed
R03323,C0061,D0461,2026-08-01 07:26:04.282726,2026-08-01 08:41:04.282726,Railway Station,Airport,28.03,571.54,UPI,Completed
R03324,C0346,D0494,2026-01-20 08:00:04.282765,2026-01-20 08:16:04.282765,Residential Area,Metro Station,10.39,273.02,Credit Card,Cancelled
R03325,C0072,D0150,2026-01-27 02:14:04.282805,2026-01-27 02:30:04.282805,Mall,University,10.13,266.34,Credit Card,Cancelled
R03326,C0858,D0078,2026-07-17 06:45:04.282844,2026-07-17 08:04:04.282844,Bus Stand,Mall,6.99,169.82,UPI,Cancelled
R03327,C0924,D0489,2025-10-08 13:40:04.282894,2025-10-08 14:53:04.282894,University,University,6.25,162.5,Cash,Completed
R03328,C0952,D0230,2025-08-03 11:38:04.282942,2025-08-03 12:44:04.282942,IT Park,Airport,24.57,524.26,Debit Card,Completed
R03329,C0504,D0481,2025-12-10 19:46:04.282981,2025-12-10 19:58:04.282981,University,Metro Station,18.3,354.4,Cash,Cancelled
R03330,C0304,D0428,2025-08-13 18:37:04.283019,2025-08-13 19:41:04.283019,City Center,City Center,10.86,240.48,Cash,Completed
R03331,C0471,D0107,2025-09-25 02:12:04.283057,2025-09-25 03:21:04.283057,IT Park,Hospital,6.12,184.16,UPI,Completed
R03332,C0439,D0343,2026-02-08 01:44:04.283095,2026-02-08 02:06:04.283095,University,Railway Station,9.21,235.78,Credit Card,Cancelled
R03333,C0903,D0462,2026-01-23 03:45:04.283131,2026-01-23 05:06:04.283131,City Center,IT Park,29.83,574.94,UPI,Cancelled
R03334,C0834,D0102,2025-11-18 18:19:04.283169,2025-11-18 18:41:04.283169,University,IT Park,19.34,444.12,UPI,Cancelled
R03335,C0582,D0397,2025-09-29 16:35:04.283207,2025-09-29 16:58:04.283207,Mall,Railway Station,28.0,559.0,Credit Card,Completed
R03336,C0895,D0355,2026-02-21 09:13:04.287359,2026-02-21 10:07:04.287359,Railway Station,University,6.39,161.02,Debit Card,Cancelled
R03337,C0578,D0188,2026-05-14 10:16:04.287413,2026-05-14 11:36:04.287413,City Center,Metro Station,19.99,454.82,Debit Card,Cancelled
R03338,C0352,D0216,2026-01-24 14:13:04.287464,2026-01-24 14:32:04.287464,Mall,Railway Station,11.44,249.92,UPI,Cancelled
R03339,C0439,D0132,2026-03-30 15:42:04.287507,2026-03-30 16:12:04.287507,IT Park,University,15.48,338.64,Cash,Completed
R03340,C0477,D0348,2026-03-29 10:10:04.287546,2026-03-29 11:40:04.287546,IT Park,IT Park,18.26,352.68,Credit Card,Cancelled
R03341,C0552,D0253,2026-05-01 07:31:04.287587,2026-05-01 07:45:04.287587,Mall,Airport,14.46,321.28,Cash,Completed
R03342,C0018,D0128,2026-06-20 09:02:04.287625,2026-06-20 10:01:04.287625,Metro Station,Residential Area,19.39,394.02,UPI,Cancelled
R03343,C0450,D0377,2026-05-17 03:08:04.287663,2026-05-17 03:50:04.287663,Railway Station,Bus Stand,20.95,445.1,Debit Card,Cancelled
R03344,C0674,D0301,2026-04-08 20:00:04.287701,2026-04-08 20:23:04.287701,IT Park,Railway Station,26.53,549.54,Debit Card,Completed
R03345,C0615,D0387,2025-09-24 14:20:04.287740,2025-09-24 15:49:04.287740,Residential Area,Airport,12.39,250.02,Debit Card,Cancelled
R03346,C0391,D0491,2025-10-21 19:59:04.287790,2025-10-21 20:56:04.287790,City Center,City Center,10.65,289.7,Credit Card,Cancelled
R03347,C0660,D0247,2026-05-03 18:10:04.287838,2026-05-03 19:21:04.287838,Hospital,IT Park,25.92,495.56,UPI,Cancelled
R03348,C0796,D0026,2026-07-29 12:04:04.287898,2026-07-29 12:20:04.287898,Hospital,Metro Station,8.27,195.86,Credit Card,Cancelled
R03349,C0734,D0306,2026-06-28 06:22:04.287944,2026-06-28 07:09:04.287944,Airport,IT Park,22.05,435.9,Credit Card,Completed
R03350,C0785,D0278,2026-04-06 22:18:04.287985,2026-04-06 23:21:04.287985,Mall,Mall,2.93,95.74,Credit Card,Completed
R03351,C0747,D0466,2025-11-15 09:24:04.288021,2025-11-15 09:58:04.288021,Metro Station,University,5.62,159.16,Credit Card,Cancelled
R03352,C0620,D0266,2026-01-06 01:58:04.288057,2026-01-06 02:40:04.288057,Bus Stand,City Center,12.16,274.88,Cash,Cancelled
R03353,C0728,D0334,2025-10-11 18:04:04.288094,2025-10-11 18:27:04.288094,IT Park,Residential Area,12.47,257.46,UPI,Completed
R03354,C0173,D0397,2026-04-23 14:46:04.288131,2026-04-23 15:29:04.288131,Airport,Mall,14.29,335.22,Debit Card,Completed
R03355,C0211,D0305,2026-06-16 06:41:04.288170,2026-06-16 07:28:04.288170,Residential Area,Residential Area,26.4,563.2,Credit Card,Cancelled
R03356,C0088,D0202,2026-03-13 21:46:04.288207,2026-03-13 22:39:04.288207,University,Hospital,26.77,520.86,UPI,Completed
R03357,C0067,D0255,2026-07-13 13:43:04.288261,2026-07-13 14:31:04.288261,IT Park,Metro Station,21.87,432.66,UPI,Completed
R03358,C0799,D0014,2026-07-01 13:57:04.288304,2026-07-01 15:09:04.288304,University,Hospital,29.92,569.56,UPI,Completed
R03359,C0541,D0012,2026-04-28 20:01:04.288342,2026-04-28 21:01:04.288342,Residential Area,Railway Station,24.89,494.02,Debit Card,Cancelled
R03360,C0396,D0173,2026-02-17 00:20:04.288379,2026-02-17 00:45:04.288379,Mall,Metro Station,12.69,277.42,Debit Card,Cancelled
R03361,C0060,D0270,2026-01-09 12:53:04.288417,2026-01-09 13:12:04.288417,Bus Stand,Bus Stand,11.81,278.58,Credit Card,Cancelled
R03362,C0103,D0158,2026-07-09 12:17:04.288455,2026-07-09 13:15:04.288455,IT Park,Hospital,17.41,389.38,UPI,Cancelled
R03363,C0952,D0264,2026-07-30 16:28:04.288492,2026-07-30 17:17:04.288492,City Center,City Center,9.46,202.28,UPI,Completed
R03364,C0043,D0298,2025-12-09 22:03:04.288529,2025-12-09 22:15:04.288529,Metro Station,IT Park,13.42,329.56,Debit Card,Cancelled
R03365,C0739,D0211,2025-09-20 12:57:04.288567,2025-09-20 13:24:04.288567,Railway Station,University,11.7,295.6,Cash,Completed
R03366,C0483,D0306,2026-07-06 15:37:04.288608,2026-07-06 17:04:04.288608,IT Park,Railway Station,29.62,611.16,Credit Card,Completed
R03367,C0512,D0232,2026-06-03 04:56:04.288647,2026-06-03 06:04:04.288647,Residential Area,University,17.32,387.76,Debit Card,Completed
R03368,C0820,D0039,2025-11-03 13:10:04.288695,2025-11-03 13:21:04.288695,Metro Station,Hospital,11.96,285.28,UPI,Completed
R03369,C0453,D0107,2025-09-24 22:19:04.288736,2025-09-24 22:34:04.288736,Hospital,Bus Stand,24.18,510.24,Cash,Cancelled
R03370,C0504,D0268,2026-07-23 15:11:04.288779,2026-07-23 16:22:04.288779,Metro Station,Mall,15.51,361.18,Credit Card,Completed
R03371,C0189,D0428,2026-03-29 12:51:04.288817,2026-03-29 13:52:04.288817,IT Park,Bus Stand,27.84,560.12,Cash,Cancelled
R03372,C0472,D0415,2026-01-04 09:35:04.288856,2026-01-04 11:04:04.288856,University,Airport,2.32,132.76,Credit Card,Completed
R03373,C0023,D0230,2026-07-10 05:29:04.288905,2026-07-10 06:29:04.288905,University,University,17.66,343.88,Credit Card,Completed
R03374,C0973,D0189,2026-02-25 14:42:04.288946,2026-02-25 16:07:04.288946,City Center,University,17.39,336.02,Credit Card,Cancelled
R03375,C0576,D0337,2025-10-24 05:34:04.288985,2025-10-24 06:02:04.288985,Residential Area,Hospital,10.6,235.8,Cash,Cancelled
R03376,C0014,D0345,2025-12-20 10:02:04.289033,2025-12-20 11:24:04.289033,Hospital,Hospital,4.97,184.46,UPI,Completed
R03377,C0901,D0177,2026-02-23 23:03:04.289071,2026-02-23 23:19:04.289071,University,IT Park,27.14,570.52,Cash,Cancelled
R03378,C0864,D0321,2025-11-17 03:47:04.289112,2025-11-17 04:43:04.289112,Residential Area,City Center,17.11,340.98,Credit Card,Cancelled
R03379,C0904,D0390,2025-09-02 08:04:04.289152,2025-09-02 08:51:04.289152,City Center,Residential Area,26.61,523.98,UPI,Completed
R03380,C0719,D0053,2026-07-31 09:42:04.289192,2026-07-31 10:30:04.289192,City Center,University,19.37,429.66,Cash,Cancelled
R03381,C0573,D0022,2026-06-13 12:17:04.291091,2026-06-13 12:54:04.291091,Airport,Hospital,19.4,419.2,Debit Card,Completed
R03382,C0538,D0346,2025-08-05 11:51:04.291159,2025-08-05 12:46:04.291159,Mall,University,5.34,191.12,Cash,Completed
R03383,C0374,D0430,2025-08-18 21:06:04.291226,2025-08-18 21:59:04.291226,City Center,Metro Station,17.43,335.74,Credit Card,Cancelled
R03384,C0272,D0334,2026-07-09 09:45:04.291791,2026-07-09 10:24:04.291791,Hospital,Mall,6.99,199.82,Credit Card,Cancelled
R03385,C0543,D0454,2026-02-12 15:25:04.291837,2026-02-12 16:16:04.291837,Mall,Metro Station,19.77,448.86,Debit Card,Cancelled
R03386,C0604,D0342,2025-10-15 01:42:04.291877,2025-10-15 02:38:04.291877,Airport,Bus Stand,25.61,506.98,Debit Card,Completed
R03387,C0415,D0095,2025-12-12 19:40:04.291916,2025-12-12 20:06:04.291916,University,Metro Station,15.65,328.7,Debit Card,Completed
R03388,C0644,D0148,2025-10-11 17:05:04.291967,2025-10-11 18:32:04.291967,Railway Station,Metro Station,16.98,399.64,Credit Card,Completed
R03389,C0304,D0318,2025-11-30 10:45:04.292012,2025-11-30 11:10:04.292012,Mall,IT Park,12.85,291.3,Credit Card,Completed
R03390,C0254,D0300,2026-03-06 02:54:04.292052,2026-03-06 03:47:04.292052,Metro Station,Hospital,9.97,203.46,Debit Card,Completed
R03391,C0288,D0379,2026-03-15 18:19:04.292092,2026-03-15 19:05:04.292092,Bus Stand,Metro Station,11.26,262.68,Credit Card,Cancelled
R03392,C0672,D0386,2025-09-23 05:31:04.292132,2025-09-23 06:19:04.292132,Airport,Railway Station,4.79,122.22,Cash,Cancelled
R03393,C0526,D0114,2025-10-02 16:11:04.292169,2025-10-02 17:30:04.292169,Railway Station,Metro Station,12.25,251.5,UPI,Cancelled
R03394,C0144,D0304,2026-01-26 09:06:04.292206,2026-01-26 09:20:04.292206,Residential Area,Airport,7.13,158.34,Debit Card,Completed
R03395,C0500,D0478,2026-04-19 17:56:04.292275,2026-04-19 18:30:04.292275,Railway Station,University,4.51,169.18,Cash,Cancelled
R03396,C0726,D0161,2026-01-20 03:15:04.292314,2026-01-20 04:12:04.292314,Bus Stand,Residential Area,25.89,541.02,Debit Card,Completed
R03397,C0300,D0074,2025-08-10 08:48:04.292355,2025-08-10 09:30:04.292355,Metro Station,Hospital,15.33,312.94,Debit Card,Completed
R03398,C0252,D0379,2025-11-14 06:19:04.292411,2025-11-14 06:48:04.292411,University,Bus Stand,23.66,466.88,UPI,Completed
R03399,C0856,D0470,2026-04-20 11:03:04.292450,2026-04-20 11:52:04.292450,IT Park,IT Park,27.76,553.68,Cash,Completed
R03400,C0776,D0339,2026-07-31 12:39:04.292489,2026-07-31 13:06:04.292489,Residential Area,Airport,13.4,285.2,Credit Card,Completed
R03401,C0520,D0488,2026-02-13 03:01:04.292525,2026-02-13 03:38:04.292525,University,University,4.91,181.38,Credit Card,Completed
R03402,C0136,D0074,2025-12-18 00:16:04.292565,2025-12-18 01:21:04.292565,Hospital,Bus Stand,15.74,339.32,Credit Card,Cancelled
R03403,C0352,D0355,2025-12-29 03:03:04.292606,2025-12-29 04:15:04.292606,Hospital,Metro Station,17.74,407.32,UPI,Completed
R03404,C0062,D0388,2025-12-05 14:00:04.292654,2025-12-05 14:25:04.292654,Metro Station,IT Park,17.64,390.52,Cash,Cancelled
R03405,C0096,D0125,2025-11-22 06:59:04.292696,2025-11-22 08:01:04.292696,Bus Stand,City Center,26.01,500.18,Credit Card,Completed
R03406,C0006,D0372,2026-02-05 06:27:04.292738,2026-02-05 07:33:04.292738,Metro Station,Airport,16.06,379.08,UPI,Completed
R03407,C0645,D0331,2026-03-16 11:20:04.292778,2026-03-16 12:02:04.292778,City Center,Airport,5.12,149.16,Credit Card,Completed
R03408,C0607,D0275,2025-11-02 11:44:04.292821,2025-11-02 12:09:04.292821,Bus Stand,Hospital,13.76,300.68,Credit Card,Cancelled
R03409,C0920,D0459,2026-01-11 08:22:04.292863,2026-01-11 08:32:04.292863,Railway Station,Mall,10.22,263.96,Cash,Cancelled
R03410,C0371,D0264,2026-01-05 19:03:04.292903,2026-01-05 20:14:04.292903,Residential Area,Hospital,27.19,587.42,UPI,Completed
R03411,C0218,D0257,2026-06-20 06:29:04.292942,2026-06-20 07:57:04.292942,Hospital,Metro Station,27.03,578.54,Cash,Completed
R03412,C0330,D0299,2025-11-02 01:27:04.292982,2025-11-02 01:39:04.292982,Metro Station,Mall,26.46,570.28,Cash,Completed
R03413,C0703,D0273,2025-08-25 09:42:04.293022,2025-08-25 10:58:04.293022,City Center,Hospital,23.79,463.22,Debit Card,Cancelled
R03414,C0592,D0239,2026-04-27 05:22:04.293061,2026-04-27 05:48:04.293061,Airport,IT Park,18.64,357.52,UPI,Completed
R03415,C0454,D0280,2026-07-31 21:17:04.293100,2026-07-31 22:07:04.293100,City Center,Bus Stand,6.74,207.32,Cash,Cancelled
R03416,C0676,D0036,2026-07-11 17:12:04.293139,2026-07-11 17:49:04.293139,Airport,Airport,21.37,459.66,Credit Card,Cancelled
R03417,C0332,D0190,2026-03-01 12:26:04.293177,2026-03-01 13:10:04.293177,IT Park,Residential Area,14.11,294.98,Cash,Completed
R03418,C0880,D0108,2026-06-17 00:55:04.296276,2026-06-17 02:09:04.296276,Residential Area,University,13.09,288.62,UPI,Cancelled
R03419,C0235,D0488,2026-03-08 21:38:04.296362,2026-03-08 22:40:04.296362,Bus Stand,Mall,4.92,146.56,Debit Card,Completed
R03420,C0794,D0236,2025-09-10 18:01:04.296420,2025-09-10 19:04:04.296420,University,City Center,16.5,325.0,UPI,Completed
R03421,C0370,D0051,2025-09-01 09:22:04.296462,2025-09-01 10:41:04.296462,Hospital,Airport,18.46,410.28,Debit Card,Completed
R03422,C0316,D0486,2026-02-16 11:55:04.296502,2026-02-16 13:09:04.296502,Airport,Airport,3.24,78.32,UPI,Completed
R03423,C0001,D0478,2025-12-28 16:05:04.296543,2025-12-28 16:51:04.296543,Railway Station,Residential Area,7.05,222.9,Credit Card,Completed
R03424,C0143,D0410,2025-09-20 03:46:04.296581,2025-09-20 05:13:04.296581,Hospital,IT Park,13.13,300.34,Cash,Completed
R03425,C0927,D0432,2025-10-23 17:46:04.296618,2025-10-23 18:19:04.296618,Airport,IT Park,15.65,372.7,UPI,Cancelled
R03426,C0920,D0070,2026-01-30 21:27:04.296655,2026-01-30 21:38:04.296655,Residential Area,Bus Stand,27.55,524.9,Debit Card,Cancelled
R03427,C0919,D0480,2026-04-16 01:50:04.296694,2026-04-16 02:52:04.296694,Residential Area,City Center,8.61,202.98,Credit Card,Completed
R03428,C0489,D0128,2026-07-11 11:02:04.296741,2026-07-11 11:50:04.296741,Hospital,Bus Stand,22.36,437.48,Credit Card,Cancelled
R03429,C0697,D0021,2026-01-03 02:18:04.296783,2026-01-03 03:11:04.296783,Bus Stand,IT Park,14.51,350.18,Debit Card,Completed
R03430,C0167,D0352,2026-06-25 06:48:04.296821,2026-06-25 07:19:04.296821,Hospital,University,9.17,212.06,Credit Card,Completed
R03431,C0497,D0149,2026-03-24 07:05:04.296860,2026-03-24 07:27:04.296860,Residential Area,Hospital,10.69,269.42,UPI,Completed
R03432,C0550,D0485,2026-05-18 12:42:04.296906,2026-05-18 13:09:04.296906,Metro Station,IT Park,20.87,451.66,UPI,Cancelled
R03433,C0811,D0249,2026-06-12 20:36:04.296944,2026-06-12 21:30:04.296944,Airport,Residential Area,27.63,531.34,Cash,Completed
R03434,C0159,D0477,2026-06-24 09:21:04.296988,2026-06-24 09:38:04.296988,Airport,Hospital,17.7,382.6,UPI,Cancelled
R03435,C0692,D0122,2026-03-24 00:07:04.297027,2026-03-24 01:19:04.297027,Mall,Metro Station,11.13,289.34,Credit Card,Cancelled
R03436,C0599,D0172,2025-11-06 14:23:04.297065,2025-11-06 15:19:04.297065,University,IT Park,23.86,519.48,Cash,Cancelled
R03437,C0264,D0270,2025-10-23 11:13:04.297104,2025-10-23 12:04:04.297104,Hospital,Metro Station,23.97,456.46,Cash,Completed
R03438,C0626,D0241,2026-02-03 10:37:04.297149,2026-02-03 12:00:04.297149,Bus Stand,IT Park,14.01,341.18,Debit Card,Completed
R03439,C0180,D0307,2025-08-30 17:00:04.297192,2025-08-30 18:18:04.297192,Airport,IT Park,28.18,580.24,Debit Card,Completed
R03440,C0165,D0194,2025-09-04 06:35:04.297254,2025-09-04 07:25:04.297254,Mall,Metro Station,4.5,152.0,Cash,Cancelled
R03441,C0880,D0325,2026-05-28 01:56:04.297295,2026-05-28 02:37:04.297295,Metro Station,Residential Area,11.27,225.86,Credit Card,Cancelled
R03442,C0931,D0054,2025-12-31 14:14:04.297333,2025-12-31 15:43:04.297333,University,Railway Station,19.28,381.04,Debit Card,Completed
R03443,C0645,D0326,2026-01-13 08:27:04.297372,2026-01-13 08:57:04.297372,City Center,IT Park,10.34,251.12,Credit Card,Completed
R03444,C0134,D0156,2026-05-16 00:20:04.297425,2026-05-16 00:51:04.297425,Airport,IT Park,24.99,543.82,Debit Card,Completed
R03445,C0445,D0338,2026-01-15 00:59:04.297465,2026-01-15 02:08:04.297465,Railway Station,Airport,5.29,131.22,UPI,Completed
R03446,C0920,D0295,2025-08-16 16:13:04.297504,2025-08-16 17:28:04.297504,City Center,IT Park,30.0,603.0,Cash,Cancelled
R03447,C0819,D0296,2025-09-15 11:23:04.297542,2025-09-15 12:50:04.297542,Metro Station,IT Park,23.72,489.96,Debit Card,Cancelled
R03448,C0670,D0444,2026-06-13 17:14:04.297587,2026-06-13 17:43:04.297587,IT Park,City Center,10.74,285.32,UPI,Completed
R03449,C0224,D0016,2026-06-01 05:30:04.297628,2026-06-01 06:18:04.297628,Airport,IT Park,11.56,263.08,Debit Card,Completed
R03450,C0632,D0044,2025-10-26 09:07:04.297667,2025-10-26 09:32:04.297667,Residential Area,Bus Stand,16.52,334.36,Credit Card,Completed
R03451,C0406,D0495,2026-05-15 21:55:04.297706,2026-05-15 22:11:04.297706,City Center,Airport,26.4,509.2,Debit Card,Completed
R03452,C0634,D0322,2026-07-08 17:44:04.297744,2026-07-08 18:54:04.297744,Bus Stand,Railway Station,10.17,211.06,UPI,Cancelled
R03453,C0344,D0149,2026-01-30 11:18:04.297782,2026-01-30 11:37:04.297782,Residential Area,City Center,14.93,299.74,Debit Card,Completed
R03454,C0093,D0159,2026-01-10 06:16:04.297821,2026-01-10 06:54:04.297821,Residential Area,Mall,16.91,377.38,Debit Card,Completed
R03455,C0121,D0289,2026-02-08 22:08:04.297860,2026-02-08 23:12:04.297860,Airport,IT Park,13.93,323.74,Cash,Cancelled
R03456,C0500,D0266,2026-07-25 04:44:04.297899,2026-07-25 06:06:04.297899,City Center,IT Park,12.59,265.62,Debit Card,Cancelled
R03457,C0322,D0092,2026-07-18 23:52:04.297938,2026-07-19 00:10:04.297938,City Center,Hospital,4.39,110.02,Debit Card,Completed
R03458,C0843,D0069,2025-10-19 00:03:04.297985,2025-10-19 01:15:04.297985,City Center,Railway Station,14.94,307.92,Credit Card,Completed
R03459,C0424,D0118,2026-05-06 11:17:04.298029,2026-05-06 12:01:04.298029,Metro Station,Bus Stand,25.47,535.46,Debit Card,Cancelled
R03460,C0612,D0193,2025-10-19 18:35:04.298069,2025-10-19 19:18:04.298069,Hospital,Bus Stand,20.91,457.38,UPI,Completed
R03461,C0406,D0116,2026-03-01 13:56:04.298115,2026-03-01 14:08:04.298115,Bus Stand,Metro Station,13.19,311.42,Credit Card,Cancelled
R03462,C0878,D0195,2026-04-11 01:42:04.298154,2026-04-11 02:10:04.298154,University,Mall,14.22,351.96,Debit Card,Completed
R03463,C0056,D0006,2026-02-04 18:25:04.298194,2026-02-04 19:32:04.298194,City Center,Metro Station,11.25,245.5,UPI,Completed
R03464,C0965,D0447,2025-08-08 14:31:04.300309,2025-08-08 14:41:04.300309,Metro Station,Airport,23.59,519.62,UPI,Cancelled
R03465,C0033,D0194,2025-09-26 20:20:04.300388,2025-09-26 21:44:04.300388,Metro Station,Residential Area,6.59,153.62,UPI,Completed
R03466,C0866,D0347,2025-12-03 11:20:04.300439,2025-12-03 11:41:04.300439,Mall,University,12.86,314.48,Credit Card,Completed
R03467,C0286,D0140,2026-06-27 21:53:04.300482,2026-06-27 22:57:04.300482,Railway Station,Residential Area,2.46,72.28,UPI,Cancelled
R03468,C0774,D0382,2026-07-12 19:26:04.300539,2026-07-12 20:40:04.300539,Residential Area,Residential Area,18.05,362.9,Credit Card,Cancelled
R03469,C0286,D0355,2025-12-03 00:41:04.300584,2025-12-03 02:08:04.300584,Bus Stand,Metro Station,16.26,329.68,UPI,Cancelled
R03470,C0069,D0055,2025-12-20 17:32:04.300624,2025-12-20 18:45:04.300624,Hospital,Mall,25.99,531.82,Cash,Completed
R03471,C0645,D0237,2026-01-09 00:08:04.300665,2026-01-09 01:22:04.300665,Mall,Mall,12.24,247.32,Cash,Cancelled
R03472,C0171,D0213,2026-01-02 05:04:04.300705,2026-01-02 05:39:04.300705,IT Park,IT Park,2.66,144.88,Debit Card,Cancelled
R03473,C0045,D0420,2025-08-14 05:55:04.300754,2025-08-14 06:18:04.300754,City Center,Metro Station,3.82,93.76,Credit Card,Completed
R03474,C0208,D0250,2026-03-30 02:20:04.300798,2026-03-30 03:22:04.300798,Hospital,Bus Stand,2.85,118.3,Debit Card,Cancelled
R03475,C0370,D0286,2025-11-28 07:32:04.300837,2025-11-28 07:51:04.300837,IT Park,University,11.26,298.68,UPI,Cancelled
R03476,C0649,D0108,2026-07-08 19:30:04.300875,2026-07-08 20:29:04.300875,Railway Station,City Center,19.11,389.98,Cash,Completed
R03477,C0093,D0320,2025-11-01 15:02:04.300915,2025-11-01 15:51:04.300915,Hospital,Airport,17.66,410.88,Credit Card,Completed
R03478,C0901,D0207,2026-01-15 10:08:04.300961,2026-01-15 11:17:04.300961,IT Park,Railway Station,27.63,527.34,UPI,Cancelled
R03479,C0487,D0145,2026-05-11 04:08:04.301002,2026-05-11 04:29:04.301002,Metro Station,IT Park,21.48,465.64,Debit Card,Cancelled
R03480,C0140,D0016,2026-05-14 19:25:04.301042,2026-05-14 20:33:04.301042,Mall,Bus Stand,11.27,287.86,Debit Card,Completed
R03481,C0867,D0065,2025-10-18 07:04:04.301081,2025-10-18 07:38:04.301081,City Center,University,2.11,70.98,Debit Card,Cancelled
R03482,C0529,D0418,2025-08-11 04:53:04.301120,2025-08-11 05:59:04.301120,Airport,Residential Area,15.56,311.08,Debit Card,Completed
R03483,C0227,D0163,2026-02-21 04:09:04.301160,2026-02-21 05:00:04.301160,University,Railway Station,27.23,566.14,Debit Card,Completed
R03484,C0387,D0224,2025-08-08 22:50:04.301198,2025-08-08 23:03:04.301198,Metro Station,Mall,28.94,554.92,Credit Card,Completed
R03485,C0487,D0398,2025-12-15 13:29:04.301262,2025-12-15 14:47:04.301262,University,University,23.68,446.24,Credit Card,Completed
R03486,C0638,D0337,2026-01-26 11:16:04.301302,2026-01-26 12:02:04.301302,Railway Station,Airport,21.61,457.98,Credit Card,Cancelled
R03487,C0753,D0099,2025-09-03 23:30:04.301342,2025-09-04 00:10:04.301342,Hospital,Mall,9.45,234.1,Credit Card,Cancelled
R03488,C0200,D0023,2026-01-01 05:00:04.301402,2026-01-01 05:44:04.301402,IT Park,Airport,29.98,576.64,Cash,Completed
R03489,C0497,D0128,2025-10-02 07:32:04.301451,2025-10-02 08:12:04.301451,Mall,City Center,10.5,231.0,Debit Card,Completed
R03490,C0062,D0382,2025-10-05 23:46:04.301491,2025-10-06 00:55:04.301491,IT Park,Mall,18.83,362.94,Cash,Completed
R03491,C0863,D0323,2026-01-08 01:27:04.301531,2026-01-08 02:00:04.301531,City Center,Airport,26.04,533.72,Debit Card,Cancelled
R03492,C0549,D0104,2025-08-04 04:10:04.301570,2025-08-04 04:35:04.301570,IT Park,Railway Station,6.82,217.76,Cash,Completed
R03493,C0660,D0139,2025-09-27 03:09:04.301610,2025-09-27 04:12:04.301610,Railway Station,Mall,28.55,565.9,Debit Card,Completed
R03494,C0407,D0052,2025-10-28 14:28:04.301650,2025-10-28 15:55:04.301650,University,Metro Station,26.98,576.64,Cash,Cancelled
R03495,C0368,D0195,2026-03-31 10:28:04.301689,2026-03-31 11:35:04.301689,IT Park,Hospital,20.78,459.04,UPI,Completed
R03496,C0760,D0163,2026-05-02 08:53:04.301728,2026-05-02 09:22:04.301728,Hospital,Residential Area,8.44,171.92,Cash,Completed
R03497,C0136,D0297,2026-05-03 22:42:04.301767,2026-05-03 23:23:04.301767,Residential Area,Bus Stand,11.16,240.88,Cash,Cancelled
R03498,C0509,D0273,2025-08-20 19:14:04.301817,2025-08-20 20:31:04.301817,Railway Station,Metro Station,16.86,383.48,Cash,Cancelled
R03499,C0645,D0089,2025-08-16 17:20:04.301862,2025-08-16 18:05:04.301862,Mall,Mall,29.47,580.46,Cash,Cancelled
R03500,C0770,D0227,2025-11-03 03:09:04.301901,2025-11-03 03:58:04.301901,Mall,Mall,14.96,327.28,Cash,Cancelled
R03501,C0713,D0023,2026-01-08 15:43:04.301941,2026-01-08 16:56:04.301941,Bus Stand,City Center,14.15,346.7,Cash,Cancelled
R03502,C0619,D0087,2026-07-12 00:30:04.301980,2026-07-12 00:53:04.301980,University,University,12.12,311.16,Credit Card,Completed
R03503,C0351,D0485,2025-10-19 23:24:04.302021,2025-10-19 23:40:04.302021,Airport,Residential Area,26.24,506.32,Debit Card,Completed
R03504,C0117,D0110,2025-09-12 19:04:04.302060,2025-09-12 19:52:04.302060,Railway Station,Railway Station,14.48,344.64,Debit Card,Cancelled
R03505,C0736,D0149,2025-08-10 23:25:04.302099,2025-08-11 00:41:04.302099,Airport,IT Park,16.73,332.14,UPI,Completed
R03506,C0520,D0301,2025-09-23 20:44:04.302139,2025-09-23 21:20:04.302139,Mall,Residential Area,14.69,322.42,Cash,Completed
R03507,C0742,D0396,2026-05-10 07:31:04.302180,2026-05-10 08:08:04.302180,Bus Stand,Residential Area,13.97,286.46,Credit Card,Cancelled
R03508,C0424,D0291,2026-03-07 13:58:04.302309,2026-03-07 14:55:04.302309,Hospital,Mall,23.62,513.16,Cash,Completed
R03509,C0255,D0386,2026-02-21 10:13:04.302366,2026-02-21 11:11:04.302366,Airport,Railway Station,12.24,315.32,Debit Card,Completed
R03510,C0703,D0370,2026-01-28 19:56:04.302410,2026-01-28 20:46:04.302410,Metro Station,IT Park,29.12,562.16,Credit Card,Completed
R03511,C0004,D0257,2026-07-24 17:00:04.302450,2026-07-24 18:20:04.302450,University,Metro Station,23.52,483.36,Cash,Completed
R03512,C0120,D0453,2025-12-24 04:00:04.302491,2025-12-24 04:49:04.302491,IT Park,Railway Station,9.58,244.44,UPI,Completed
R03513,C0466,D0051,2026-05-01 08:12:04.302531,2026-05-01 09:16:04.302531,IT Park,Railway Station,26.11,548.98,Credit Card,Completed
R03514,C0044,D0186,2026-04-02 12:21:04.302569,2026-04-02 13:48:04.302569,Metro Station,Hospital,12.38,296.84,UPI,Cancelled
R03515,C0183,D0115,2026-01-08 08:35:04.302611,2026-01-08 09:28:04.302611,Railway Station,University,19.71,411.78,Cash,Completed
R03516,C0832,D0418,2026-05-06 11:11:04.302648,2026-05-06 11:25:04.302648,Airport,Bus Stand,7.77,223.86,Debit Card,Cancelled
R03517,C0790,D0377,2025-08-30 06:22:04.302686,2025-08-30 07:28:04.302686,City Center,City Center,5.79,166.22,Credit Card,Cancelled
R03518,C0550,D0465,2026-03-31 13:37:04.302736,2026-03-31 14:11:04.302736,University,Mall,19.59,427.62,Credit Card,Cancelled
R03519,C0669,D0057,2026-02-02 03:08:04.302775,2026-02-02 04:27:04.302775,City Center,Bus Stand,15.35,361.3,Credit Card,Completed
R03520,C0595,D0382,2025-09-09 18:06:04.302814,2025-09-09 19:02:04.302814,City Center,Bus Stand,4.3,176.4,Debit Card,Cancelled
R03521,C0766,D0324,2026-07-08 06:19:04.302854,2026-07-08 07:45:04.302854,Hospital,IT Park,21.58,469.44,UPI,Completed
R03522,C0977,D0449,2026-04-24 05:47:04.302906,2026-04-24 07:01:04.302906,Railway Station,University,27.56,590.08,Credit Card,Completed
R03523,C0075,D0337,2026-01-03 08:20:04.302945,2026-01-03 09:21:04.302945,Metro Station,Mall,28.66,590.88,Credit Card,Cancelled
R03524,C0151,D0097,2026-05-13 19:04:04.302985,2026-05-13 20:21:04.302985,City Center,Metro Station,20.25,453.5,Debit Card,Cancelled
R03525,C0509,D0269,2025-09-08 17:07:04.303024,2025-09-08 17:37:04.303024,Residential Area,City Center,2.33,102.94,Cash,Completed
R03526,C0386,D0196,2026-02-01 22:12:04.303063,2026-02-01 23:07:04.303063,Bus Stand,Residential Area,4.0,92.0,Debit Card,Cancelled
R03527,C0666,D0156,2025-11-01 05:18:04.303104,2025-11-01 06:45:04.303104,Airport,Mall,2.61,114.98,Debit Card,Cancelled
R03528,C0305,D0303,2025-10-02 22:25:04.303148,2025-10-02 23:35:04.303148,Mall,City Center,16.76,387.68,UPI,Cancelled
R03529,C0206,D0056,2025-09-27 17:19:04.303186,2025-09-27 17:36:04.303186,Bus Stand,Mall,11.23,261.14,UPI,Cancelled
R03530,C0375,D0058,2026-05-25 12:29:04.303247,2026-05-25 13:12:04.303247,Bus Stand,City Center,29.76,630.68,Credit Card,Cancelled
R03531,C0986,D0252,2026-07-04 05:52:04.303286,2026-07-04 06:38:04.303286,IT Park,Residential Area,25.66,533.88,Cash,Completed
R03532,C0045,D0084,2026-03-05 03:58:04.303323,2026-03-05 04:52:04.303323,Railway Station,Airport,4.15,126.7,Cash,Completed
R03533,C0626,D0427,2026-03-24 19:44:04.303361,2026-03-24 21:11:04.303361,Residential Area,University,16.18,358.24,Cash,Completed
R03534,C0859,D0409,2026-05-15 09:28:04.303398,2026-05-15 10:47:04.303398,Bus Stand,IT Park,20.45,402.1,Debit Card,Completed
R03535,C0016,D0177,2026-06-06 14:19:04.303436,2026-06-06 14:39:04.303436,Residential Area,Residential Area,4.32,140.76,Cash,Cancelled
R03536,C0200,D0146,2026-05-06 20:44:04.303475,2026-05-06 22:10:04.303475,Railway Station,Railway Station,21.32,421.76,Cash,Cancelled
R03537,C0548,D0141,2025-12-07 04:17:04.303518,2025-12-07 04:44:04.303518,City Center,IT Park,29.21,624.78,Credit Card,Completed
R03538,C0383,D0232,2025-09-05 15:13:04.303561,2025-09-05 15:23:04.303561,Hospital,Metro Station,16.34,336.12,Debit Card,Completed
R03539,C0360,D0023,2025-10-03 07:15:04.303603,2025-10-03 08:25:04.303603,Residential Area,IT Park,12.54,265.72,Credit Card,Cancelled
R03540,C0296,D0126,2026-06-20 10:17:04.303641,2026-06-20 10:44:04.303641,Railway Station,Bus Stand,19.3,387.4,Debit Card,Completed
R03541,C0731,D0047,2025-09-09 06:03:04.303679,2025-09-09 07:03:04.303679,Railway Station,IT Park,25.72,520.96,UPI,Cancelled
R03542,C0266,D0002,2025-08-22 15:10:04.303718,2025-08-22 15:45:04.303718,Hospital,City Center,14.24,333.32,UPI,Cancelled
R03543,C0922,D0167,2026-07-08 21:48:04.303757,2026-07-08 22:58:04.303757,Bus Stand,Mall,14.22,305.96,Debit Card,Completed
R03544,C0038,D0079,2026-06-20 21:10:04.303789,2026-06-20 21:42:04.303789,Airport,Mall,5.62,185.16,Credit Card,Completed
R03545,C0941,D0466,2025-10-22 19:40:04.303821,2025-10-22 19:51:04.303821,Railway Station,Hospital,20.33,443.94,UPI,Cancelled
R03546,C0511,D0086,2026-01-08 09:31:04.303865,2026-01-08 10:22:04.303865,Airport,Hospital,11.81,309.58,Credit Card,Cancelled
R03547,C0571,D0443,2025-08-20 04:32:04.303916,2025-08-20 05:41:04.303916,University,IT Park,3.01,116.18,UPI,Completed
R03548,C0801,D0224,2026-05-10 20:15:04.303961,2026-05-10 21:14:04.303961,Residential Area,Metro Station,9.1,213.8,Cash,Completed
R03549,C0140,D0491,2025-08-28 18:51:04.304003,2025-08-28 19:14:04.304003,Bus Stand,IT Park,29.47,596.46,Debit Card,Cancelled
R03550,C0575,D0439,2026-05-03 09:58:04.304044,2026-05-03 10:13:04.304044,Airport,Bus Stand,15.93,320.74,Cash,Cancelled
R03551,C0383,D0116,2025-11-12 20:41:04.304085,2025-11-12 21:25:04.304085,IT Park,Mall,13.04,333.72,UPI,Cancelled
R03552,C0923,D0259,2025-10-21 22:47:04.304135,2025-10-21 23:25:04.304135,Mall,Residential Area,5.31,145.58,Credit Card,Completed
R03553,C0472,D0260,2026-05-21 07:01:04.304176,2026-05-21 07:45:04.304176,Railway Station,City Center,26.07,558.26,UPI,Completed
R03554,C0650,D0357,2025-08-31 04:48:04.305383,2025-08-31 06:03:04.305383,Railway Station,Hospital,21.53,465.54,Debit Card,Cancelled
R03555,C0405,D0241,2026-06-27 05:40:04.305456,2026-06-27 06:16:04.305456,Residential Area,University,29.07,576.26,Credit Card,Cancelled
R03556,C0174,D0265,2026-03-13 07:50:04.305502,2026-03-13 08:36:04.305502,Railway Station,Residential Area,29.19,619.42,UPI,Cancelled
R03557,C0622,D0033,2025-08-09 06:03:04.307297,2025-08-09 06:27:04.307297,IT Park,Bus Stand,12.47,322.46,Debit Card,Completed
R03558,C0411,D0120,2025-10-06 06:07:04.307371,2025-10-06 06:44:04.307371,Bus Stand,Hospital,7.68,220.24,UPI,Completed
R03559,C0576,D0241,2026-07-04 11:07:04.307419,2026-07-04 11:38:04.307419,City Center,Bus Stand,15.51,315.18,Debit Card,Completed
R03560,C0407,D0372,2025-12-03 14:49:04.307463,2025-12-03 15:10:04.307463,Bus Stand,Mall,13.58,326.44,Debit Card,Cancelled
R03561,C0220,D0449,2026-02-20 05:47:04.307509,2026-02-20 06:29:04.307509,Residential Area,Metro Station,13.41,327.38,Debit Card,Completed
R03562,C0093,D0316,2026-02-04 06:35:04.307550,2026-02-04 07:41:04.307550,Residential Area,City Center,17.01,382.18,Cash,Cancelled
R03563,C0512,D0448,2026-02-15 11:24:04.307591,2026-02-15 12:03:04.307591,Metro Station,IT Park,27.29,518.22,Credit Card,Completed
R03564,C0459,D0404,2026-02-23 17:52:04.307630,2026-02-23 18:23:04.307630,Airport,Bus Stand,12.6,305.8,Cash,Completed
R03565,C0344,D0060,2025-12-07 07:25:04.307669,2025-12-07 07:56:04.307669,Airport,Railway Station,3.42,95.56,Credit Card,Cancelled
R03566,C0002,D0165,2026-05-15 12:01:04.307710,2026-05-15 12:47:04.307710,City Center,Mall,6.56,168.08,Debit Card,Completed
R03567,C0069,D0145,2026-03-28 13:54:04.307749,2026-03-28 14:10:04.307749,Bus Stand,Railway Station,10.35,231.3,Credit Card,Cancelled
R03568,C0776,D0428,2026-02-04 20:49:04.307797,2026-02-04 21:00:04.307797,City Center,University,25.01,481.18,UPI,Cancelled
R03569,C0638,D0408,2026-02-18 02:01:04.307839,2026-02-18 02:43:04.307839,Mall,University,8.45,244.1,Debit Card,Completed
R03570,C0654,D0090,2026-05-27 12:11:04.307890,2026-05-27 12:51:04.307890,University,Railway Station,2.52,143.36,Cash,Cancelled
R03571,C0019,D0089,2025-08-27 12:11:04.307929,2025-08-27 13:24:04.307929,Mall,IT Park,13.71,306.78,Debit Card,Completed
R03572,C0087,D0414,2025-10-07 01:33:04.307969,2025-10-07 01:54:04.307969,IT Park,Hospital,15.74,333.32,Credit Card,Cancelled
R03573,C0446,D0112,2026-04-12 20:48:04.308007,2026-04-12 21:35:04.308007,Bus Stand,City Center,25.03,532.54,Cash,Cancelled
R03574,C0917,D0460,2025-09-19 23:08:04.308050,2025-09-20 00:18:04.308050,Mall,City Center,11.9,261.2,Credit Card,Cancelled
R03575,C0169,D0475,2026-03-17 02:02:04.308089,2026-03-17 02:14:04.308089,Metro Station,Railway Station,26.8,532.4,Debit Card,Cancelled
R03576,C0629,D0330,2025-12-14 08:42:04.308127,2025-12-14 10:10:04.308127,Airport,Airport,24.44,500.92,Debit Card,Completed
R03577,C0201,D0169,2026-03-04 15:08:04.308164,2026-03-04 16:08:04.308164,IT Park,Bus Stand,16.42,374.56,Debit Card,Completed
R03578,C0762,D0033,2025-10-03 18:36:04.308206,2025-10-03 19:25:04.308206,University,Metro Station,22.34,447.12,Cash,Completed
R03579,C0384,D0255,2026-06-05 18:23:04.308267,2026-06-05 19:23:04.308267,Metro Station,Bus Stand,28.67,565.06,Credit Card,Cancelled
R03580,C0268,D0116,2025-08-26 17:05:04.308305,2025-08-26 17:15:04.308305,Mall,Mall,28.34,533.12,Credit Card,Completed
R03581,C0296,D0143,2026-04-14 01:15:04.308342,2026-04-14 02:26:04.308342,Bus Stand,IT Park,6.35,176.3,Cash,Cancelled
R03582,C0760,D0123,2026-02-27 06:30:04.308380,2026-02-27 07:53:04.308380,Hospital,Hospital,18.73,416.14,Cash,Cancelled
R03583,C0682,D0460,2025-08-17 20:13:04.308418,2025-08-17 21:19:04.308418,Airport,Residential Area,24.72,523.96,Debit Card,Cancelled
R03584,C0772,D0035,2025-11-15 10:30:04.308457,2025-11-15 11:13:04.308457,Airport,Residential Area,22.89,479.02,UPI,Completed
R03585,C0355,D0191,2026-02-18 18:49:04.308495,2026-02-18 20:02:04.308495,IT Park,Metro Station,23.45,519.1,UPI,Cancelled
R03586,C0861,D0058,2026-02-13 17:56:04.308532,2026-02-13 18:18:04.308532,City Center,Hospital,28.72,537.96,Debit Card,Cancelled
R03587,C0286,D0198,2026-04-09 06:59:04.308570,2026-04-09 08:25:04.308570,Railway Station,University,12.0,287.0,Debit Card,Completed
R03588,C0910,D0350,2025-10-23 18:50:04.308616,2025-10-23 19:07:04.308616,University,Bus Stand,10.86,268.48,UPI,Cancelled
R03589,C0148,D0324,2026-05-12 15:47:04.308656,2026-05-12 17:07:04.308656,Residential Area,City Center,5.23,180.14,Credit Card,Cancelled
R03590,C0962,D0434,2025-10-17 17:23:04.308694,2025-10-17 17:53:04.308694,Residential Area,Residential Area,4.25,112.5,UPI,Cancelled
R03591,C0046,D0473,2026-07-20 08:21:04.308732,2026-07-20 09:39:04.308732,Hospital,Mall,15.68,308.24,UPI,Cancelled
R03592,C0196,D0136,2025-10-12 14:58:04.308770,2025-10-12 15:45:04.308770,Residential Area,Hospital,26.66,544.88,Debit Card,Cancelled
R03593,C0607,D0090,2025-12-16 06:12:04.308809,2025-12-16 07:16:04.308809,Metro Station,City Center,22.57,463.26,Debit Card,Cancelled
R03594,C0965,D0246,2026-01-24 21:56:04.308848,2026-01-24 22:06:04.308848,Residential Area,Hospital,21.47,430.46,Debit Card,Cancelled
R03595,C0527,D0132,2025-09-27 22:30:04.308897,2025-09-27 23:20:04.308897,IT Park,Residential Area,8.69,241.42,Credit Card,Completed
R03596,C0790,D0353,2025-11-03 04:01:04.308936,2025-11-03 04:25:04.308936,Airport,Metro Station,21.8,413.4,Credit Card,Cancelled
R03597,C0774,D0021,2026-07-13 05:02:04.308974,2026-07-13 06:16:04.308974,University,Airport,27.98,549.64,Debit Card,Cancelled
R03598,C0616,D0344,2025-09-24 17:35:04.309016,2025-09-24 17:51:04.309016,Hospital,Airport,2.26,70.68,Credit Card,Cancelled
R03599,C0800,D0068,2025-10-11 20:27:04.309056,2025-10-11 21:30:04.309056,University,Residential Area,22.62,430.16,Debit Card,Cancelled
R03600,C0543,D0207,2026-06-11 02:13:04.309094,2026-06-11 02:41:04.309094,University,Airport,14.85,298.3,UPI,Cancelled
R03601,C0797,D0201,2026-04-05 05:22:04.309138,2026-04-05 06:52:04.309138,University,Airport,25.69,509.42,Debit Card,Cancelled
R03602,C0169,D0144,2025-09-12 08:25:04.309181,2025-09-12 09:47:04.309181,Metro Station,University,17.8,354.4,UPI,Cancelled
R03603,C0364,D0240,2025-08-30 16:32:04.311291,2025-08-30 16:55:04.311291,City Center,University,14.1,292.8,Debit Card,Completed
R03604,C0067,D0244,2025-08-21 19:11:04.311363,2025-08-21 19:45:04.311363,Bus Stand,IT Park,10.08,221.44,Debit Card,Cancelled
R03605,C0795,D0270,2025-08-03 06:52:04.311407,2025-08-03 07:06:04.311407,IT Park,Hospital,20.92,448.56,UPI,Cancelled
R03606,C0773,D0483,2026-01-11 00:03:04.311449,2026-01-11 00:14:04.311449,Metro Station,Railway Station,29.93,616.74,Credit Card,Cancelled
R03607,C0730,D0129,2026-07-17 06:20:04.311489,2026-07-17 06:53:04.311489,IT Park,Mall,9.59,267.62,UPI,Completed
R03608,C0672,D0361,2026-05-20 15:17:04.311537,2026-05-20 15:27:04.311537,Mall,Airport,13.3,312.4,Cash,Completed
R03609,C0293,D0129,2026-07-21 05:08:04.311577,2026-07-21 06:13:04.311577,Residential Area,University,18.52,394.36,Cash,Cancelled
R03610,C0344,D0360,2026-05-01 16:50:04.311618,2026-05-01 17:06:04.311618,Metro Station,Bus Stand,22.94,448.92,Cash,Cancelled
R03611,C0283,D0423,2026-04-18 21:16:04.311658,2026-04-18 22:18:04.311658,Hospital,City Center,26.05,565.9,UPI,Cancelled
R03612,C0241,D0262,2026-04-06 02:40:04.311700,2026-04-06 03:42:04.311700,Railway Station,Airport,21.39,434.02,Credit Card,Cancelled
R03613,C0228,D0498,2026-03-01 16:56:04.311741,2026-03-01 17:50:04.311741,Railway Station,Mall,4.59,163.62,UPI,Completed
R03614,C0601,D0228,2025-12-07 16:24:04.311781,2025-12-07 16:59:04.311781,Railway Station,University,12.2,305.6,Cash,Cancelled
R03615,C0160,D0416,2025-09-17 17:23:04.311821,2025-09-17 17:42:04.311821,Metro Station,Airport,3.17,79.06,Credit Card,Cancelled
R03616,C0315,D0484,2025-10-29 05:38:04.311862,2025-10-29 06:52:04.311862,Bus Stand,University,10.22,282.96,Cash,Cancelled
R03617,C0979,D0033,2026-03-19 05:59:04.311903,2026-03-19 07:20:04.311903,University,Railway Station,8.95,199.1,Cash,Cancelled
R03618,C0708,D0238,2026-03-09 06:49:04.311948,2026-03-09 07:53:04.311948,Residential Area,IT Park,24.66,541.88,UPI,Cancelled
R03619,C0442,D0302,2025-11-14 02:29:04.311990,2025-11-14 02:58:04.311990,University,Bus Stand,19.51,441.18,Cash,Completed
R03620,C0266,D0477,2025-12-14 13:21:04.312041,2025-12-14 14:14:04.312041,Bus Stand,University,21.72,490.96,Cash,Cancelled
R03621,C0541,D0217,2025-11-24 03:53:04.312082,2025-11-24 05:07:04.312082,Bus Stand,Metro Station,17.04,366.72,Cash,Completed
R03622,C0043,D0182,2025-10-29 03:47:04.312122,2025-10-29 04:00:04.312122,Hospital,Mall,26.01,551.18,Credit Card,Completed
R03623,C0978,D0311,2026-06-11 23:30:04.312164,2026-06-12 00:53:04.312164,City Center,City Center,27.93,557.74,Credit Card,Cancelled
R03624,C0455,D0037,2025-11-09 06:11:04.312204,2025-11-09 07:23:04.312204,Railway Station,University,7.57,194.26,Cash,Completed
R03625,C0245,D0100,2025-09-24 06:24:04.312266,2025-09-24 07:21:04.312266,Mall,IT Park,10.62,215.16,UPI,Completed
R03626,C0380,D0016,2026-02-10 02:48:04.312307,2026-02-10 03:18:04.312307,Hospital,IT Park,2.28,68.04,UPI,Completed
R03627,C0862,D0439,2025-10-29 14:56:04.312347,2025-10-29 15:43:04.312347,IT Park,Residential Area,2.36,95.48,Credit Card,Cancelled
R03628,C0287,D0145,2025-10-04 16:47:04.312392,2025-10-04 17:41:04.312392,University,Airport,11.73,306.14,Cash,Cancelled
R03629,C0394,D0206,2026-01-31 18:15:04.312433,2026-01-31 19:01:04.312433,Residential Area,Metro Station,2.65,140.7,UPI,Completed
R03630,C0773,D0111,2026-03-07 00:30:04.312473,2026-03-07 01:12:04.312473,Residential Area,Hospital,22.69,456.42,UPI,Cancelled
R03631,C0142,D0418,2025-08-12 22:32:04.312519,2025-08-12 23:54:04.312519,Railway Station,City Center,25.27,479.86,Cash,Cancelled
R03632,C0293,D0355,2025-08-29 10:57:04.312560,2025-08-29 11:17:04.312560,Bus Stand,Mall,12.0,300.0,Debit Card,Completed
R03633,C0538,D0221,2026-06-26 08:55:04.312601,2026-06-26 09:49:04.312601,Hospital,Mall,12.63,270.34,UPI,Cancelled
R03634,C0543,D0006,2026-05-13 11:31:04.312641,2026-05-13 11:44:04.312641,Residential Area,IT Park,20.64,453.52,Cash,Cancelled
R03635,C0227,D0413,2025-11-01 02:03:04.312680,2025-11-01 02:22:04.312680,Railway Station,Metro Station,26.4,498.2,Debit Card,Cancelled
R03636,C0671,D0164,2026-03-05 04:55:04.312721,2026-03-05 05:11:04.312721,Airport,Railway Station,6.17,153.06,Credit Card,Completed
R03637,C0340,D0032,2025-10-11 09:01:04.312760,2025-10-11 10:25:04.312760,University,Hospital,12.44,301.92,UPI,Cancelled
R03638,C0251,D0455,2026-07-22 06:04:04.312803,2026-07-22 06:34:04.312803,Railway Station,City Center,21.05,460.9,Debit Card,Completed
R03639,C0790,D0388,2026-03-17 13:59:04.315667,2026-03-17 14:34:04.315667,University,Airport,17.95,419.1,UPI,Cancelled
R03640,C0033,D0273,2025-12-21 18:08:04.315721,2025-12-21 19:09:04.315721,Bus Stand,Airport,24.81,471.58,Debit Card,Cancelled
R03641,C0591,D0432,2025-12-09 04:01:04.315768,2025-12-09 04:48:04.315768,Mall,Hospital,16.55,338.9,Cash,Cancelled
R03642,C0321,D0121,2026-06-02 10:38:04.315810,2026-06-02 11:22:04.315810,IT Park,IT Park,25.8,518.4,Cash,Completed
R03643,C0941,D0004,2026-04-24 14:16:04.315851,2026-04-24 15:39:04.315851,Hospital,City Center,24.62,518.16,Cash,Completed
R03644,C0450,D0472,2026-02-02 04:36:04.315892,2026-02-02 05:02:04.315892,Railway Station,Hospital,16.53,318.54,Cash,Completed
R03645,C0320,D0013,2025-11-18 06:14:04.315930,2025-11-18 07:39:04.315930,Residential Area,Airport,27.47,555.46,Cash,Completed
R03646,C0488,D0264,2026-04-05 07:00:04.315970,2026-04-05 08:29:04.315970,Airport,Metro Station,22.82,507.76,Cash,Completed
R03647,C0457,D0092,2026-02-13 03:41:04.316010,2026-02-13 05:04:04.316010,University,Mall,16.84,339.12,Credit Card,Completed
R03648,C0446,D0193,2025-08-13 05:46:04.316076,2025-08-13 06:53:04.316076,University,Mall,13.41,266.38,UPI,Completed
R03649,C0654,D0103,2025-09-10 07:25:04.316120,2025-09-10 08:48:04.316120,Residential Area,Metro Station,29.4,576.2,Debit Card,Cancelled
R03650,C0753,D0287,2026-04-16 06:11:04.316158,2026-04-16 06:55:04.316158,IT Park,IT Park,24.69,493.42,UPI,Completed
R03651,C0448,D0257,2026-05-14 08:19:04.316195,2026-05-14 09:05:04.316195,Bus Stand,IT Park,12.04,281.72,UPI,Cancelled
R03652,C0322,D0286,2026-05-16 18:18:04.316247,2026-05-16 19:02:04.316247,IT Park,Airport,9.48,192.64,UPI,Cancelled
R03653,C0004,D0100,2026-05-05 19:53:04.316285,2026-05-05 20:13:04.316285,Railway Station,Mall,7.51,235.18,Cash,Cancelled
R03654,C0193,D0467,2025-12-11 15:20:04.316322,2025-12-11 15:40:04.316322,Railway Station,Metro Station,19.08,440.44,Cash,Completed
R03655,C0225,D0107,2026-03-18 08:08:04.316361,2026-03-18 09:06:04.316361,Mall,University,2.74,125.32,Debit Card,Completed
R03656,C0736,D0014,2026-05-28 16:44:04.316399,2026-05-28 17:23:04.316399,Metro Station,Metro Station,23.39,453.02,Debit Card,Cancelled
R03657,C0419,D0409,2026-07-02 10:31:04.316437,2026-07-02 10:44:04.316437,IT Park,Airport,24.91,480.38,Debit Card,Completed
R03658,C0901,D0444,2026-01-15 09:30:04.316485,2026-01-15 10:25:04.316485,Mall,City Center,10.26,260.68,Credit Card,Completed
R03659,C0799,D0466,2026-04-17 22:05:04.316530,2026-04-17 23:21:04.316530,IT Park,Hospital,12.09,277.62,Cash,Cancelled
R03660,C0117,D0278,2025-11-02 15:12:04.316568,2025-11-02 15:38:04.316568,Airport,Metro Station,9.8,222.4,Debit Card,Completed
R03661,C0322,D0133,2026-01-03 11:27:04.316607,2026-01-03 12:20:04.316607,Hospital,Airport,23.74,479.32,UPI,Completed
R03662,C0698,D0095,2026-06-08 19:20:04.316647,2026-06-08 20:36:04.316647,Residential Area,Metro Station,18.43,388.74,Cash,Completed
R03663,C0979,D0102,2025-10-05 17:27:04.316686,2025-10-05 17:42:04.316686,Residential Area,Railway Station,20.81,436.58,Debit Card,Cancelled
R03664,C0305,D0164,2026-03-14 00:58:04.316733,2026-03-14 01:23:04.316733,Residential Area,Railway Station,14.8,320.4,Cash,Cancelled
R03665,C0494,D0474,2026-04-06 20:21:04.316773,2026-04-06 21:23:04.316773,City Center,Airport,20.43,438.74,UPI,Completed
R03666,C0191,D0089,2026-06-26 12:49:04.316810,2026-06-26 13:17:04.316810,University,Airport,23.29,500.22,UPI,Cancelled
R03667,C0212,D0456,2025-10-27 14:09:04.316849,2025-10-27 14:29:04.316849,City Center,IT Park,6.03,180.54,Cash,Cancelled
R03668,C0181,D0252,2025-11-12 19:30:04.316897,2025-11-12 20:39:04.316897,IT Park,University,5.68,152.24,Debit Card,Completed
R03669,C0020,D0024,2026-01-31 03:00:04.316946,2026-01-31 03:30:04.316946,City Center,Airport,27.02,560.36,Cash,Completed
R03670,C0820,D0441,2026-02-25 20:09:04.316984,2026-02-25 21:27:04.316984,University,Airport,11.11,224.98,Credit Card,Completed
R03671,C0384,D0363,2026-01-26 10:10:04.317030,2026-01-26 10:23:04.317030,Residential Area,Mall,21.29,453.22,Debit Card,Cancelled
R03672,C0796,D0343,2025-12-18 09:05:04.317068,2025-12-18 09:51:04.317068,IT Park,Airport,15.02,322.36,UPI,Completed
R03673,C0722,D0483,2025-09-07 16:10:04.317104,2025-09-07 16:31:04.317104,University,Metro Station,10.36,284.48,Cash,Completed
R03674,C0713,D0150,2026-02-10 15:35:04.317142,2026-02-10 16:54:04.317142,Metro Station,IT Park,16.89,360.02,Credit Card,Completed
R03675,C0219,D0073,2026-04-06 11:48:04.317179,2026-04-06 13:07:04.317179,Bus Stand,University,14.08,291.44,Credit Card,Completed
R03676,C0696,D0401,2026-07-23 07:49:04.317233,2026-07-23 07:59:04.317233,Residential Area,Hospital,5.74,132.32,UPI,Cancelled
R03677,C0102,D0085,2025-12-21 04:23:04.317271,2025-12-21 04:34:04.317271,IT Park,Residential Area,28.14,597.52,UPI,Cancelled
R03678,C0458,D0349,2026-03-31 15:40:04.317317,2026-03-31 16:12:04.317317,Residential Area,Airport,25.83,515.94,Debit Card,Cancelled
R03679,C0146,D0343,2025-10-18 10:19:04.317356,2025-10-18 11:15:04.317356,University,Hospital,28.22,532.96,Debit Card,Completed
R03680,C0264,D0434,2026-06-24 19:24:04.317396,2026-06-24 19:48:04.317396,Mall,Mall,7.71,230.78,Cash,Completed
R03681,C0946,D0012,2025-08-07 14:27:04.317433,2025-08-07 14:45:04.317433,Mall,University,9.07,245.26,Credit Card,Completed
R03682,C0831,D0436,2026-07-03 15:16:04.317473,2026-07-03 16:37:04.317473,City Center,Railway Station,26.85,552.3,UPI,Completed
R03683,C0977,D0073,2025-11-11 07:29:04.317512,2025-11-11 08:13:04.317512,Hospital,Bus Stand,14.7,326.6,Cash,Completed
R03684,C0882,D0319,2026-01-24 02:34:04.317551,2026-01-24 03:39:04.317551,IT Park,Railway Station,17.41,337.38,UPI,Completed
R03685,C0543,D0223,2026-04-12 19:24:04.317590,2026-04-12 20:02:04.317590,Railway Station,City Center,15.34,331.12,Credit Card,Cancelled
R03686,C0207,D0442,2026-05-12 01:26:04.317629,2026-05-12 02:19:04.317629,City Center,City Center,19.61,405.98,Debit Card,Completed
R03687,C0271,D0400,2026-03-20 21:03:04.317679,2026-03-20 21:43:04.317679,IT Park,City Center,26.45,529.1,Debit Card,Cancelled
R03688,C0213,D0006,2025-09-27 04:40:04.317722,2025-09-27 05:08:04.317722,Residential Area,Metro Station,25.78,531.04,Debit Card,Completed
R03689,C0166,D0303,2025-11-06 02:24:04.317769,2025-11-06 03:22:04.317769,Airport,Residential Area,27.62,582.16,UPI,Completed
R03690,C0856,D0219,2025-08-11 16:04:04.317809,2025-08-11 17:04:04.317809,Bus Stand,Mall,23.09,467.62,Credit Card,Cancelled
R03691,C0113,D0122,2026-05-09 20:21:04.317848,2026-05-09 21:20:04.317848,Railway Station,Hospital,5.17,174.06,Credit Card,Completed
R03692,C0902,D0258,2026-06-26 00:35:04.317887,2026-06-26 02:04:04.317887,Railway Station,IT Park,12.77,262.86,Debit Card,Completed
R03693,C0844,D0353,2025-10-21 20:18:04.317926,2025-10-21 20:45:04.317926,Metro Station,Airport,11.74,310.32,Debit Card,Completed
R03694,C0313,D0422,2025-10-31 17:51:04.317965,2025-10-31 18:01:04.317965,Metro Station,Hospital,21.62,478.16,Credit Card,Completed
R03695,C0435,D0089,2025-09-20 01:34:04.318001,2025-09-20 02:30:04.318001,Airport,Mall,25.01,491.18,Credit Card,Cancelled
R03696,C0319,D0310,2025-08-20 12:09:04.318053,2025-08-20 12:52:04.318053,Metro Station,Residential Area,4.1,142.8,UPI,Cancelled
R03697,C0540,D0329,2026-07-25 11:29:04.318091,2026-07-25 11:50:04.318091,Bus Stand,Airport,6.8,148.4,UPI,Cancelled
R03698,C0291,D0223,2025-08-12 14:04:04.318139,2025-08-12 14:16:04.318139,Residential Area,Airport,13.87,339.66,Cash,Cancelled
R03699,C0071,D0230,2025-11-18 14:02:04.318182,2025-11-18 14:26:04.318182,Airport,Railway Station,8.73,199.14,UPI,Cancelled
R03700,C0361,D0021,2026-01-26 10:17:04.318238,2026-01-26 11:29:04.318238,City Center,IT Park,9.7,223.6,Credit Card,Cancelled
R03701,C0298,D0441,2025-12-02 22:25:04.318278,2025-12-02 23:14:04.318278,Railway Station,Hospital,25.93,491.74,Cash,Completed
R03702,C0681,D0118,2026-04-15 04:32:04.318316,2026-04-15 05:46:04.318316,Bus Stand,IT Park,2.12,59.16,UPI,Cancelled
R03703,C0238,D0389,2025-10-25 12:47:04.318355,2025-10-25 13:35:04.318355,Hospital,Hospital,2.36,132.48,UPI,Completed
R03704,C0673,D0346,2025-12-15 00:47:04.318395,2025-12-15 02:12:04.318395,Metro Station,IT Park,13.53,264.54,Credit Card,Completed
R03705,C0423,D0042,2026-04-07 07:38:04.318432,2026-04-07 08:06:04.318432,University,City Center,6.02,194.36,Debit Card,Completed
R03706,C0741,D0139,2025-10-13 02:16:04.318471,2025-10-13 02:51:04.318471,IT Park,Mall,23.94,472.92,Cash,Cancelled
R03707,C0669,D0363,2025-10-13 04:12:04.318510,2025-10-13 04:35:04.318510,Railway Station,Railway Station,28.26,539.68,Cash,Cancelled
R03708,C0473,D0182,2025-09-21 05:24:04.318557,2025-09-21 06:06:04.318557,Residential Area,Railway Station,11.06,283.08,Cash,Cancelled
R03709,C0067,D0138,2026-06-29 14:12:04.318598,2026-06-29 15:35:04.318598,City Center,IT Park,18.65,432.7,UPI,Cancelled
R03710,C0407,D0397,2025-09-12 08:09:04.318639,2025-09-12 09:18:04.318639,Mall,Hospital,17.84,413.12,UPI,Cancelled
R03711,C0801,D0415,2025-10-28 12:43:04.318679,2025-10-28 13:04:04.318679,University,Metro Station,6.19,155.42,UPI,Completed
R03712,C0608,D0292,2025-09-10 17:26:04.318720,2025-09-10 18:22:04.318720,Railway Station,University,13.43,309.74,Credit Card,Cancelled
R03713,C0970,D0495,2026-01-11 08:36:04.318760,2026-01-11 09:47:04.318760,City Center,University,18.49,402.82,Cash,Completed
R03714,C0059,D0171,2026-06-18 08:00:04.318801,2026-06-18 09:16:04.318801,Hospital,City Center,26.84,572.12,Credit Card,Cancelled
R03715,C0488,D0063,2026-06-11 00:52:04.318844,2026-06-11 01:05:04.318844,Railway Station,Airport,6.92,179.56,Cash,Completed
R03716,C0058,D0402,2026-06-21 11:42:04.318892,2026-06-21 12:08:04.318892,University,Bus Stand,28.03,557.54,Debit Card,Completed
R03717,C0110,D0273,2025-12-27 13:02:04.321292,2025-12-27 14:22:04.321292,City Center,IT Park,16.53,387.54,UPI,Completed
R03718,C0856,D0212,2026-04-23 03:49:04.321371,2026-04-23 04:49:04.321371,Residential Area,Residential Area,10.37,285.66,Cash,Cancelled
R03719,C0929,D0252,2025-09-12 20:27:04.321419,2025-09-12 21:16:04.321419,Railway Station,Railway Station,22.48,460.64,Credit Card,Cancelled
R03720,C0189,D0474,2026-03-31 07:55:04.321463,2026-03-31 09:13:04.321463,University,Hospital,14.64,285.52,Debit Card,Cancelled
R03721,C0781,D0323,2026-07-23 23:25:04.321505,2026-07-24 00:22:04.321505,Railway Station,Metro Station,21.11,456.98,Cash,Cancelled
R03722,C0695,D0070,2026-03-14 20:31:04.321546,2026-03-14 21:07:04.321546,University,Bus Stand,13.83,346.94,UPI,Completed
R03723,C0283,D0265,2025-08-09 15:15:04.321588,2025-08-09 15:50:04.321588,Mall,City Center,4.37,150.66,Debit Card,Completed
R03724,C0277,D0044,2025-09-23 21:40:04.321629,2025-09-23 22:57:04.321629,IT Park,University,24.82,515.76,Cash,Completed
R03725,C0989,D0344,2026-05-06 22:22:04.321668,2026-05-06 23:09:04.321668,Bus Stand,Railway Station,22.77,438.86,Cash,Cancelled
R03726,C0193,D0433,2025-11-01 13:56:04.321708,2025-11-01 14:43:04.321708,Mall,Railway Station,6.3,191.4,UPI,Completed
R03727,C0823,D0003,2025-09-28 13:15:04.321748,2025-09-28 14:41:04.321748,Mall,Metro Station,8.12,185.16,UPI,Completed
R03728,C0942,D0350,2026-05-22 06:06:04.321798,2026-05-22 06:54:04.321798,University,Residential Area,19.23,413.14,Cash,Completed
R03729,C0097,D0204,2026-03-01 11:20:04.321839,2026-03-01 12:03:04.321839,Bus Stand,City Center,21.64,433.52,Debit Card,Completed
R03730,C0172,D0072,2026-07-12 14:43:04.321880,2026-07-12 15:58:04.321880,IT Park,Railway Station,8.1,168.8,UPI,Cancelled
R03731,C0787,D0164,2026-01-09 03:53:04.321920,2026-01-09 05:11:04.321920,Railway Station,Residential Area,4.93,123.74,Cash,Completed
R03732,C0101,D0366,2025-12-26 22:43:04.321960,2025-12-27 00:12:04.321960,IT Park,University,26.77,575.86,Debit Card,Cancelled
R03733,C0735,D0457,2026-05-12 02:38:04.322000,2026-05-12 03:05:04.322000,Bus Stand,University,3.04,128.72,Cash,Completed
R03734,C0739,D0413,2026-03-18 13:05:04.322054,2026-03-18 14:16:04.322054,University,Airport,21.1,450.8,Cash,Cancelled
R03735,C0718,D0303,2025-11-03 02:17:04.322095,2025-11-03 03:27:04.322095,Metro Station,IT Park,15.72,350.96,Cash,Completed
R03736,C0038,D0008,2026-06-27 19:28:04.322133,2026-06-27 20:03:04.322133,Hospital,Mall,26.82,555.76,Credit Card,Cancelled
R03737,C0927,D0073,2026-03-08 16:43:04.322174,2026-03-08 17:59:04.322174,Railway Station,IT Park,14.07,283.26,Debit Card,Completed
R03738,C0864,D0208,2026-05-26 15:28:04.322238,2026-05-26 16:07:04.322238,Railway Station,Hospital,18.97,383.46,Debit Card,Completed
R03739,C0614,D0052,2025-10-29 06:25:04.322282,2025-10-29 07:46:04.322282,Residential Area,Hospital,19.9,393.2,Debit Card,Completed
R03740,C0900,D0374,2025-12-08 16:38:04.322322,2025-12-08 17:37:04.322322,Hospital,Residential Area,24.96,481.28,Debit Card,Cancelled
R03741,C0882,D0408,2026-07-26 02:14:04.322360,2026-07-26 03:01:04.322360,Mall,Hospital,10.53,268.54,UPI,Cancelled
R03742,C0379,D0092,2026-06-23 13:02:04.322399,2026-06-23 14:07:04.322399,City Center,Hospital,18.88,410.84,Cash,Cancelled
R03743,C0883,D0111,2026-07-07 02:06:04.322436,2026-07-07 03:25:04.322436,Bus Stand,IT Park,19.18,385.24,Debit Card,Completed
R03744,C0029,D0340,2026-04-05 04:38:04.322483,2026-04-05 05:58:04.322483,University,Metro Station,19.07,416.26,Debit Card,Completed
R03745,C0960,D0277,2026-02-01 01:49:04.322523,2026-02-01 02:20:04.322523,University,Metro Station,26.01,509.18,Cash,Completed
R03746,C0107,D0355,2026-03-06 09:53:04.322563,2026-03-06 11:02:04.322563,Hospital,Railway Station,23.23,504.14,Cash,Cancelled
R03747,C0759,D0445,2026-02-27 22:48:04.322603,2026-02-28 00:00:04.322603,Residential Area,City Center,4.56,149.08,UPI,Cancelled
R03748,C0593,D0266,2025-10-16 08:01:04.322645,2025-10-16 08:39:04.322645,Airport,Bus Stand,16.83,377.94,Cash,Cancelled
R03749,C0480,D0349,2025-11-04 12:15:04.322688,2025-11-04 12:45:04.322688,University,IT Park,7.13,174.34,Credit Card,Completed
R03750,C0618,D0085,2026-07-05 15:54:04.322727,2026-07-05 17:02:04.322727,Mall,Railway Station,10.01,200.18,UPI,Cancelled
R03751,C0433,D0058,2026-04-19 12:32:04.322765,2026-04-19 13:21:04.322765,Mall,University,8.34,179.12,Cash,Cancelled
R03752,C0972,D0086,2026-01-11 02:19:04.322807,2026-01-11 02:43:04.322807,City Center,Residential Area,10.57,212.26,Credit Card,Completed
R03753,C0207,D0165,2025-10-13 06:50:04.322849,2025-10-13 08:17:04.322849,Residential Area,Metro Station,9.9,255.2,Debit Card,Completed
R03754,C0390,D0390,2026-03-31 21:47:04.322890,2026-03-31 22:07:04.322890,Residential Area,IT Park,26.49,550.82,Credit Card,Completed
R03755,C0773,D0373,2026-03-01 05:45:04.322930,2026-03-01 06:39:04.322930,Airport,Metro Station,20.69,449.42,UPI,Cancelled
R03756,C0333,D0328,2026-01-09 08:43:04.322969,2026-01-09 09:07:04.322969,Residential Area,Metro Station,18.92,389.56,Cash,Completed
R03757,C0978,D0325,2025-08-31 19:31:04.323009,2025-08-31 20:56:04.323009,Railway Station,Mall,9.54,271.72,Cash,Completed
R03758,C0344,D0050,2026-07-15 18:49:04.323064,2026-07-15 19:46:04.323064,Bus Stand,IT Park,14.38,286.84,Cash,Cancelled
R03759,C0047,D0310,2026-03-09 23:59:04.323106,2026-03-10 00:14:04.323106,Hospital,Railway Station,15.09,297.62,Credit Card,Cancelled
R03760,C0833,D0145,2026-03-10 00:34:04.323147,2026-03-10 01:06:04.323147,Airport,Bus Stand,10.56,283.08,Credit Card,Cancelled
R03761,C0195,D0420,2025-09-09 20:01:04.323188,2025-09-09 20:53:04.323188,Mall,Railway Station,11.01,252.18,Credit Card,Completed
R03762,C0622,D0056,2025-12-17 00:52:04.323294,2025-12-17 01:20:04.323294,Airport,IT Park,3.51,104.18,Cash,Completed
R03763,C0483,D0413,2025-12-13 12:28:04.323340,2025-12-13 13:46:04.323340,Airport,Railway Station,10.06,275.08,Debit Card,Cancelled
R03764,C0868,D0211,2026-03-12 20:39:04.323378,2026-03-12 21:43:04.323378,IT Park,Railway Station,13.67,304.06,UPI,Completed
R03765,C0386,D0232,2026-05-15 04:39:04.323415,2026-05-15 05:18:04.323415,City Center,Mall,8.25,174.5,Debit Card,Cancelled
R03766,C0354,D0486,2025-09-27 00:30:04.323453,2025-09-27 01:25:04.323453,Metro Station,Railway Station,8.21,232.78,UPI,Cancelled
R03767,C0030,D0425,2026-02-10 14:50:04.323493,2026-02-10 15:15:04.323493,IT Park,Metro Station,17.87,404.66,UPI,Completed
R03768,C0076,D0429,2026-02-02 14:47:04.323539,2026-02-02 15:41:04.323539,IT Park,Bus Stand,4.02,140.36,Cash,Completed
R03769,C0638,D0006,2025-09-18 00:49:04.323580,2025-09-18 01:24:04.323580,Bus Stand,Mall,17.33,384.94,Debit Card,Completed
R03770,C0577,D0014,2026-03-09 20:59:04.323621,2026-03-09 21:54:04.323621,Hospital,Mall,14.46,302.28,Debit Card,Completed
R03771,C0646,D0179,2026-03-09 00:05:04.323660,2026-03-09 00:39:04.323660,University,Hospital,13.05,301.9,Debit Card,Completed
R03772,C0576,D0157,2026-06-07 01:07:04.323707,2026-06-07 02:06:04.323707,Airport,Airport,22.62,433.16,Credit Card,Cancelled
R03773,C0865,D0195,2025-09-24 04:17:04.323744,2025-09-24 04:58:04.323744,Bus Stand,Airport,12.53,292.54,UPI,Completed
R03774,C0413,D0167,2026-06-12 13:09:04.323780,2026-06-12 14:31:04.323780,Railway Station,Residential Area,17.94,373.92,Debit Card,Completed
R03775,C0705,D0491,2025-09-18 02:15:04.323819,2025-09-18 03:28:04.323819,Residential Area,Hospital,22.84,473.12,Credit Card,Cancelled
R03776,C0890,D0066,2026-03-25 19:04:04.323855,2026-03-25 20:12:04.323855,City Center,Bus Stand,12.23,320.14,Cash,Completed
R03777,C0387,D0188,2026-03-12 22:26:04.323892,2026-03-12 22:37:04.323892,Residential Area,IT Park,15.51,319.18,Cash,Cancelled
R03778,C0322,D0288,2025-09-24 11:48:04.323938,2025-09-24 12:08:04.323938,Hospital,University,15.26,312.68,Credit Card,Cancelled
R03779,C0259,D0214,2025-10-14 05:05:04.323978,2025-10-14 05:18:04.323978,Metro Station,Metro Station,15.88,320.84,UPI,Cancelled
R03780,C0680,D0386,2026-07-03 18:36:04.324016,2026-07-03 19:05:04.324016,Mall,Residential Area,21.88,436.84,Cash,Completed
R03781,C0964,D0066,2026-03-12 13:56:04.324066,2026-03-12 14:18:04.324066,IT Park,Hospital,23.2,505.6,Cash,Completed
R03782,C0556,D0212,2026-03-05 16:07:04.324102,2026-03-05 16:53:04.324102,Bus Stand,IT Park,14.16,305.88,Debit Card,Completed
R03783,C0342,D0458,2026-03-01 20:47:04.324140,2026-03-01 21:34:04.324140,Hospital,Airport,4.02,159.36,Cash,Cancelled
R03784,C0568,D0461,2026-05-10 15:08:04.324181,2026-05-10 15:42:04.324181,Bus Stand,Mall,18.89,422.02,Debit Card,Completed
R03785,C0838,D0063,2026-04-20 06:33:04.324237,2026-04-20 06:57:04.324237,Bus Stand,Bus Stand,12.41,285.38,Credit Card,Completed
R03786,C0453,D0262,2025-10-15 06:13:04.324278,2025-10-15 07:34:04.324278,Residential Area,Metro Station,7.78,203.04,Credit Card,Cancelled
R03787,C0353,D0106,2025-12-03 16:37:04.324316,2025-12-03 17:23:04.324316,Hospital,Residential Area,27.2,511.6,Cash,Completed
R03788,C0831,D0089,2026-04-09 19:19:04.324359,2026-04-09 20:30:04.324359,Hospital,Railway Station,19.19,397.42,Debit Card,Cancelled
R03789,C0705,D0428,2026-02-15 22:56:04.324398,2026-02-15 23:51:04.324398,Bus Stand,University,8.54,224.72,Debit Card,Completed
R03790,C0151,D0157,2025-09-05 09:41:04.324435,2025-09-05 10:12:04.324435,IT Park,Railway Station,14.85,312.3,Cash,Completed
R03791,C0248,D0415,2025-10-08 22:32:04.324473,2025-10-08 23:19:04.324473,Bus Stand,Mall,22.5,485.0,Credit Card,Cancelled
R03792,C0364,D0026,2026-07-16 15:58:04.324520,2026-07-16 17:04:04.324520,Mall,University,6.86,197.48,Credit Card,Cancelled
R03793,C0165,D0013,2025-10-09 17:53:04.324559,2025-10-09 18:59:04.324559,Railway Station,Bus Stand,19.05,369.9,UPI,Cancelled
R03794,C0969,D0175,2026-01-26 07:46:04.324597,2026-01-26 08:25:04.324597,City Center,Residential Area,24.81,517.58,UPI,Cancelled
R03795,C0160,D0351,2026-02-24 22:40:04.324637,2026-02-24 23:12:04.324637,University,Airport,4.62,149.16,Debit Card,Cancelled
R03796,C0965,D0300,2026-01-27 10:44:04.324674,2026-01-27 12:04:04.324674,Railway Station,IT Park,20.49,454.82,Debit Card,Cancelled
R03797,C0265,D0436,2025-11-28 17:27:04.324711,2025-11-28 18:44:04.324711,University,Mall,19.83,411.94,UPI,Completed
R03798,C0524,D0431,2026-01-22 13:45:04.324758,2026-01-22 14:01:04.324758,IT Park,Airport,6.5,151.0,Debit Card,Cancelled
R03799,C0382,D0414,2025-09-06 21:31:04.324801,2025-09-06 21:58:04.324801,Hospital,Hospital,4.33,122.94,Cash,Completed
R03800,C0076,D0175,2025-08-28 10:12:04.324839,2025-08-28 10:55:04.324839,University,Residential Area,26.15,505.7,Cash,Cancelled
R03801,C0999,D0472,2026-03-23 21:33:04.324886,2026-03-23 22:11:04.324886,University,City Center,20.68,450.24,UPI,Completed
R03802,C0878,D0219,2025-10-24 13:35:04.324924,2025-10-24 13:52:04.324924,Railway Station,Mall,15.27,372.86,UPI,Cancelled
R03803,C0542,D0354,2025-12-09 10:06:04.324963,2025-12-09 10:23:04.324963,Residential Area,IT Park,17.31,359.58,Debit Card,Cancelled
R03804,C0507,D0199,2026-02-22 02:50:04.325002,2026-02-22 03:33:04.325002,Airport,Railway Station,17.05,382.9,Cash,Cancelled
R03805,C0179,D0054,2026-04-07 14:34:04.325056,2026-04-07 15:54:04.325056,IT Park,Mall,3.08,84.44,Debit Card,Completed
R03806,C0983,D0475,2026-04-29 01:36:04.325097,2026-04-29 02:40:04.325097,Bus Stand,Metro Station,6.92,157.56,Cash,Cancelled
R03807,C0409,D0455,2025-10-28 06:36:04.325135,2025-10-28 06:52:04.325135,Airport,Bus Stand,3.4,97.2,Debit Card,Cancelled
R03808,C0971,D0402,2026-07-17 08:01:04.325182,2026-07-17 08:57:04.325182,Metro Station,Hospital,16.21,371.78,Credit Card,Cancelled
R03809,C0101,D0428,2025-12-09 23:26:04.325236,2025-12-10 00:39:04.325236,City Center,University,22.02,491.36,Cash,Completed
R03810,C0956,D0453,2026-03-03 10:35:04.325276,2026-03-03 11:53:04.325276,Metro Station,Railway Station,12.46,284.28,Credit Card,Completed
R03811,C0517,D0300,2026-01-11 14:17:04.325314,2026-01-11 14:59:04.325314,Hospital,Metro Station,18.23,396.14,Debit Card,Cancelled
R03812,C0423,D0268,2025-10-18 00:15:04.325351,2025-10-18 00:42:04.325351,City Center,Railway Station,13.08,297.44,UPI,Cancelled
R03813,C0775,D0007,2026-03-20 06:55:04.325388,2026-03-20 08:23:04.325388,Railway Station,IT Park,27.54,517.72,Credit Card,Cancelled
R03814,C0286,D0002,2026-03-06 09:56:04.325428,2026-03-06 11:24:04.325428,IT Park,Mall,17.02,331.36,Debit Card,Completed
R03815,C0890,D0450,2025-11-08 23:46:04.325467,2025-11-09 00:38:04.325467,Bus Stand,City Center,7.65,192.7,Debit Card,Completed
R03816,C0050,D0255,2025-10-08 03:15:04.325514,2025-10-08 04:25:04.325514,Bus Stand,City Center,8.29,182.22,Credit Card,Completed
R03817,C0904,D0245,2025-10-27 21:52:04.325553,2025-10-27 22:19:04.325553,City Center,Railway Station,3.95,133.1,UPI,Cancelled
R03818,C0180,D0236,2026-07-09 20:13:04.325596,2026-07-09 21:26:04.325596,University,City Center,19.36,427.48,Credit Card,Cancelled
R03819,C0424,D0221,2026-03-11 05:40:04.325637,2026-03-11 06:03:04.325637,IT Park,Airport,18.13,408.34,UPI,Completed
R03820,C0284,D0437,2025-09-30 20:12:04.325675,2025-09-30 21:19:04.325675,Residential Area,City Center,12.85,300.3,Credit Card,Completed
R03821,C0713,D0017,2026-01-17 19:05:04.325713,2026-01-17 20:30:04.325713,Airport,University,3.9,168.2,UPI,Cancelled
R03822,C0860,D0035,2025-11-10 03:19:04.325751,2025-11-10 04:13:04.325751,City Center,IT Park,14.91,321.38,Cash,Completed
R03823,C0854,D0121,2026-03-27 11:05:04.325792,2026-03-27 11:57:04.325792,Railway Station,Mall,6.43,164.74,UPI,Cancelled
R03824,C0419,D0225,2026-04-03 14:54:04.325830,2026-04-03 16:12:04.325830,Railway Station,Railway Station,3.62,156.16,Debit Card,Completed
R03825,C0230,D0141,2026-07-23 07:00:04.325868,2026-07-23 08:16:04.325868,Residential Area,University,23.93,498.74,Debit Card,Completed
R03826,C0694,D0158,2025-12-26 21:03:04.325928,2025-12-26 21:39:04.325928,Airport,Railway Station,15.05,362.9,Cash,Completed
R03827,C0437,D0342,2026-01-11 11:19:04.325966,2026-01-11 12:20:04.325966,Airport,IT Park,3.53,114.54,UPI,Completed
R03828,C0105,D0316,2026-07-11 13:24:04.326013,2026-07-11 14:03:04.326013,Metro Station,Airport,3.51,134.18,Debit Card,Completed
R03829,C0946,D0183,2025-10-13 06:32:04.326066,2025-10-13 07:23:04.326066,Metro Station,Railway Station,8.93,195.74,Debit Card,Completed
R03830,C0182,D0438,2026-03-29 04:01:04.326107,2026-03-29 05:01:04.326107,Mall,Airport,7.45,168.1,Credit Card,Completed
R03831,C0242,D0079,2026-06-21 17:54:04.326147,2026-06-21 19:09:04.326147,Bus Stand,Airport,28.07,545.26,UPI,Cancelled
R03832,C0972,D0116,2026-02-28 18:48:04.326187,2026-02-28 19:57:04.326187,Hospital,University,20.32,435.76,Credit Card,Cancelled
R03833,C0588,D0330,2025-12-13 21:01:04.326237,2025-12-13 22:23:04.326237,Airport,Airport,9.4,253.2,UPI,Completed
R03834,C0279,D0256,2026-01-19 18:34:04.326278,2026-01-19 19:12:04.326278,Residential Area,Residential Area,9.31,251.58,Cash,Cancelled
R03835,C0371,D0103,2026-05-08 12:29:04.326317,2026-05-08 13:20:04.326317,Hospital,Residential Area,28.15,594.7,Credit Card,Cancelled
R03836,C0341,D0440,2025-09-22 15:03:04.326358,2025-09-22 15:36:04.326358,IT Park,Metro Station,15.74,365.32,Credit Card,Completed
R03837,C0694,D0422,2026-04-06 11:09:04.326397,2026-04-06 11:52:04.326397,University,Hospital,16.83,372.94,Cash,Cancelled
R03838,C0835,D0298,2026-01-20 00:12:04.326440,2026-01-20 00:39:04.326440,City Center,Mall,6.43,145.74,Debit Card,Completed
R03839,C0521,D0221,2026-07-31 14:23:04.326479,2026-07-31 15:26:04.326479,Residential Area,Residential Area,9.63,273.34,Credit Card,Cancelled
R03840,C0330,D0286,2026-05-22 10:20:04.326517,2026-05-22 11:08:04.326517,Airport,Metro Station,8.3,210.4,Cash,Completed
R03841,C0521,D0350,2026-04-13 04:20:04.326554,2026-04-13 05:30:04.326554,Residential Area,Mall,20.23,394.14,Cash,Cancelled
R03842,C0257,D0100,2026-06-02 20:20:04.326592,2026-06-02 21:25:04.326592,Bus Stand,University,14.26,304.68,Debit Card,Completed
R03843,C0745,D0008,2025-12-09 21:23:04.326631,2025-12-09 22:03:04.326631,Airport,Metro Station,27.93,594.74,UPI,Completed
R03844,C0875,D0205,2026-02-12 15:49:04.326667,2026-02-12 16:07:04.326667,Airport,Metro Station,25.44,551.92,Cash,Completed
R03845,C0541,D0352,2026-04-29 13:25:04.326706,2026-04-29 14:05:04.326706,Metro Station,Bus Stand,20.92,417.56,Debit Card,Cancelled
R03846,C0963,D0213,2026-01-21 13:41:04.326745,2026-01-21 14:20:04.326745,Residential Area,Bus Stand,29.23,577.14,UPI,Cancelled
R03847,C0441,D0170,2025-09-21 20:24:04.326783,2025-09-21 21:52:04.326783,University,Residential Area,11.23,262.14,Credit Card,Cancelled
R03848,C0590,D0162,2026-01-28 00:07:04.326828,2026-01-28 01:25:04.326828,Hospital,Airport,24.02,465.36,Cash,Completed
R03849,C0493,D0216,2026-06-17 20:17:04.326868,2026-06-17 21:09:04.326868,Metro Station,City Center,5.51,135.18,Debit Card,Completed
R03850,C0596,D0263,2026-06-27 00:21:04.326907,2026-06-27 00:38:04.326907,Mall,Bus Stand,21.85,423.3,Debit Card,Completed
R03851,C0086,D0122,2026-02-25 23:56:04.326956,2026-02-26 01:21:04.326956,Railway Station,City Center,19.47,420.46,Debit Card,Completed
R03852,C0230,D0246,2025-10-05 17:39:04.326997,2025-10-05 18:28:04.326997,Railway Station,Airport,13.94,305.92,Credit Card,Cancelled
R03853,C0203,D0062,2025-09-06 00:25:04.327046,2025-09-06 01:36:04.327046,Bus Stand,Hospital,27.46,565.28,Debit Card,Completed
R03854,C0382,D0297,2025-09-19 18:13:04.327085,2025-09-19 18:26:04.327085,City Center,IT Park,7.34,205.12,Cash,Cancelled
R03855,C0127,D0345,2026-07-22 15:08:04.327124,2026-07-22 16:30:04.327124,Bus Stand,City Center,26.61,510.98,UPI,Completed
R03856,C0082,D0338,2025-12-09 13:38:04.327170,2025-12-09 14:30:04.327170,Bus Stand,Hospital,17.79,344.22,Credit Card,Completed
R03857,C0662,D0045,2025-12-26 05:08:04.327226,2025-12-26 05:43:04.327226,Airport,Bus Stand,11.99,294.82,Credit Card,Completed
R03858,C0759,D0246,2026-04-12 17:09:04.327277,2026-04-12 17:45:04.327277,University,Airport,21.43,424.74,UPI,Completed
R03859,C0688,D0309,2026-02-21 09:02:04.327316,2026-02-21 10:16:04.327316,Mall,Airport,20.62,404.16,UPI,Cancelled
R03860,C0121,D0087,2026-05-17 21:46:04.327353,2026-05-17 22:40:04.327353,IT Park,Residential Area,24.18,461.24,Debit Card,Completed
R03861,C0336,D0057,2026-02-17 06:41:04.327391,2026-02-17 07:10:04.327391,IT Park,Mall,23.97,484.46,Cash,Cancelled
R03862,C0597,D0221,2026-06-21 14:58:04.327430,2026-06-21 16:28:04.327430,University,Railway Station,24.6,466.8,UPI,Cancelled
R03863,C0847,D0070,2025-10-30 11:27:04.327468,2025-10-30 12:13:04.327468,Metro Station,Mall,24.33,530.94,UPI,Cancelled
R03864,C0696,D0060,2026-03-11 01:03:04.327510,2026-03-11 01:39:04.327510,City Center,University,20.12,395.16,Cash,Completed
R03865,C0747,D0412,2025-10-22 07:43:04.327548,2025-10-22 08:12:04.327548,City Center,Mall,27.31,516.58,Credit Card,Completed
R03866,C0330,D0112,2025-12-07 23:47:04.327587,2025-12-07 23:59:04.327587,Hospital,Metro Station,21.26,445.68,UPI,Cancelled
R03867,C0546,D0467,2026-05-13 03:36:04.327628,2026-05-13 04:48:04.327628,Railway Station,Residential Area,15.95,366.1,Cash,Cancelled
R03868,C0267,D0146,2025-09-10 04:20:04.327674,2025-09-10 05:36:04.327674,Airport,Railway Station,17.0,375.0,UPI,Completed
R03869,C0215,D0181,2026-03-11 04:08:04.327716,2026-03-11 05:17:04.327716,Railway Station,Mall,25.51,506.18,Credit Card,Completed
R03870,C0008,D0340,2026-06-16 19:01:04.327753,2026-06-16 19:16:04.327753,Bus Stand,Bus Stand,17.82,382.76,Cash,Completed
R03871,C0583,D0246,2026-01-29 13:55:04.327789,2026-01-29 14:56:04.327789,Mall,IT Park,23.66,469.88,Debit Card,Completed
R03872,C0403,D0432,2026-01-12 02:25:04.327828,2026-01-12 03:29:04.327828,IT Park,Airport,9.77,202.86,Debit Card,Cancelled
R03873,C0994,D0127,2025-08-29 20:09:04.327868,2025-08-29 20:21:04.327868,Hospital,City Center,9.99,199.82,Cash,Cancelled
R03874,C0519,D0459,2026-06-28 21:41:04.327910,2026-06-28 23:01:04.327910,City Center,Railway Station,26.8,544.4,UPI,Cancelled
R03875,C0661,D0421,2026-01-06 17:49:04.327950,2026-01-06 18:58:04.327950,Mall,Metro Station,16.65,347.7,Cash,Cancelled
R03876,C0667,D0305,2026-07-02 02:17:04.327987,2026-07-02 02:54:04.327987,Bus Stand,Mall,3.79,120.22,Debit Card,Completed
R03877,C0565,D0114,2026-06-09 07:38:04.328036,2026-06-09 08:12:04.328036,Bus Stand,Metro Station,10.14,233.52,Credit Card,Cancelled
R03878,C0976,D0490,2026-03-12 10:00:04.328083,2026-03-12 11:10:04.328083,City Center,University,7.51,203.18,UPI,Cancelled
R03879,C0107,D0388,2025-12-30 01:36:04.328121,2025-12-30 02:47:04.328121,University,Bus Stand,9.12,216.16,Debit Card,Cancelled
R03880,C0501,D0032,2026-04-21 04:06:04.328160,2026-04-21 04:57:04.328160,Railway Station,IT Park,21.62,476.16,UPI,Completed
R03881,C0705,D0274,2025-12-26 20:13:04.328198,2025-12-26 21:32:04.328198,IT Park,City Center,2.17,73.06,Debit Card,Completed
R03882,C0695,D0420,2026-07-17 19:51:04.328256,2026-07-17 21:07:04.328256,Residential Area,City Center,17.68,338.24,Cash,Cancelled
R03883,C0391,D0180,2026-01-14 18:47:04.328294,2026-01-14 20:04:04.328294,City Center,University,23.25,469.5,Debit Card,Completed
R03884,C0637,D0078,2025-09-07 05:07:04.328332,2025-09-07 05:38:04.328332,City Center,University,18.98,405.64,Cash,Cancelled
R03885,C0207,D0328,2026-01-29 22:22:04.328370,2026-01-29 22:53:04.328370,IT Park,IT Park,16.08,335.44,Debit Card,Completed
R03886,C0923,D0170,2025-12-19 21:16:04.332334,2025-12-19 22:21:04.332334,Hospital,Railway Station,22.58,503.44,Cash,Cancelled
R03887,C0338,D0462,2026-06-24 20:14:04.332388,2026-06-24 20:47:04.332388,Hospital,Railway Station,15.62,303.16,UPI,Completed
R03888,C0328,D0229,2026-07-08 17:58:04.332441,2026-07-08 18:38:04.332441,Residential Area,University,11.34,279.12,Credit Card,Completed
R03889,C0098,D0155,2026-01-19 04:13:04.332485,2026-01-19 04:44:04.332485,Railway Station,University,24.67,464.06,Cash,Cancelled
R03890,C0358,D0066,2026-05-10 10:46:04.332523,2026-05-10 11:09:04.332523,IT Park,Metro Station,15.38,320.84,Cash,Cancelled
R03891,C0406,D0443,2026-02-12 03:17:04.332562,2026-02-12 03:41:04.332562,Residential Area,City Center,25.68,496.24,Credit Card,Cancelled
R03892,C0086,D0288,2026-02-05 12:57:04.332599,2026-02-05 13:42:04.332599,University,Metro Station,15.23,338.14,Debit Card,Cancelled
R03893,C0572,D0123,2026-01-19 02:40:04.332636,2026-01-19 04:10:04.332636,Mall,IT Park,7.85,189.3,Debit Card,Cancelled
R03894,C0345,D0335,2026-05-16 07:58:04.332675,2026-05-16 08:55:04.332675,Hospital,Metro Station,10.6,225.8,Debit Card,Cancelled
R03895,C0931,D0225,2025-12-25 21:56:04.332712,2025-12-25 22:54:04.332712,Metro Station,Mall,6.86,163.48,Cash,Cancelled
R03896,C0891,D0323,2025-10-04 22:11:04.332749,2025-10-04 23:32:04.332749,City Center,Metro Station,13.81,291.58,Credit Card,Completed
R03897,C0409,D0277,2026-04-23 11:03:04.332788,2026-04-23 11:27:04.332788,University,Metro Station,19.4,420.2,Credit Card,Cancelled
R03898,C0455,D0357,2025-09-06 06:44:04.332830,2025-09-06 08:03:04.332830,Hospital,Bus Stand,9.4,220.2,Credit Card,Cancelled
R03899,C0353,D0113,2025-11-17 22:38:04.332866,2025-11-18 00:08:04.332866,Mall,IT Park,6.92,154.56,UPI,Cancelled
R03900,C0879,D0264,2026-04-21 22:54:04.332901,2026-04-21 23:36:04.332901,Hospital,Residential Area,26.59,546.62,Cash,Cancelled
R03901,C0617,D0043,2025-12-25 03:01:04.332937,2025-12-25 04:17:04.332937,University,University,4.49,179.82,Debit Card,Completed
R03902,C0189,D0280,2026-01-25 01:10:04.332974,2026-01-25 02:25:04.332974,City Center,University,13.88,327.84,UPI,Cancelled
R03903,C0788,D0396,2025-10-08 03:54:04.333055,2025-10-08 04:55:04.333055,City Center,Bus Stand,7.05,191.9,Credit Card,Completed
R03904,C0304,D0493,2026-04-30 15:10:04.333099,2026-04-30 16:31:04.333099,Bus Stand,Residential Area,6.28,149.04,UPI,Cancelled
R03905,C0703,D0038,2026-02-02 07:25:04.333139,2026-02-02 08:40:04.333139,Airport,Mall,27.77,536.86,Debit Card,Completed
R03906,C0585,D0223,2026-04-25 17:47:04.333179,2026-04-25 18:07:04.333179,Railway Station,IT Park,9.96,250.28,Cash,Completed
R03907,C0505,D0267,2025-10-05 04:01:04.333231,2025-10-05 04:41:04.333231,Bus Stand,Residential Area,4.58,104.44,Debit Card,Completed
R03908,C0277,D0338,2026-03-12 13:57:04.333277,2026-03-12 14:12:04.333277,IT Park,Bus Stand,25.53,541.54,Cash,Completed
R03909,C0159,D0327,2026-07-17 23:42:04.333316,2026-07-17 23:53:04.333316,Bus Stand,Metro Station,16.99,381.82,UPI,Completed
R03910,C0641,D0157,2026-01-28 15:25:04.333357,2026-01-28 15:50:04.333357,City Center,Metro Station,21.75,486.5,Debit Card,Cancelled
R03911,C0888,D0205,2026-07-21 10:17:04.333397,2026-07-21 11:30:04.333397,Residential Area,University,4.07,164.26,Credit Card,Completed
R03912,C0992,D0379,2025-09-29 15:52:04.333438,2025-09-29 16:25:04.333438,Airport,Metro Station,15.29,367.22,UPI,Completed
R03913,C0410,D0231,2025-11-18 17:23:04.333479,2025-11-18 18:08:04.333479,University,Bus Stand,8.7,214.6,UPI,Cancelled
R03914,C0991,D0391,2026-03-07 21:12:04.333523,2026-03-07 22:09:04.333523,Mall,Residential Area,4.55,170.9,UPI,Cancelled
R03915,C0396,D0418,2026-06-02 03:23:04.333562,2026-06-02 03:55:04.333562,Residential Area,Bus Stand,4.44,177.92,Debit Card,Cancelled
R03916,C0904,D0365,2026-01-07 21:05:04.333601,2026-01-07 21:54:04.333601,Residential Area,Airport,24.48,508.64,Credit Card,Completed
R03917,C0525,D0018,2026-05-27 08:23:04.333641,2026-05-27 08:33:04.333641,Airport,Railway Station,22.55,456.9,Debit Card,Cancelled
R03918,C0687,D0046,2026-05-20 15:33:04.333688,2026-05-20 15:52:04.333688,University,Airport,8.42,244.56,Debit Card,Completed
R03919,C0539,D0197,2025-12-09 22:24:04.333731,2025-12-09 23:49:04.333731,Residential Area,Metro Station,14.85,335.3,Cash,Cancelled
R03920,C0672,D0220,2025-12-26 22:52:04.333771,2025-12-26 23:16:04.333771,Mall,Mall,23.08,484.44,Debit Card,Cancelled
R03921,C0625,D0405,2026-02-21 23:06:04.333811,2026-02-21 23:18:04.333811,Hospital,Bus Stand,21.96,473.28,Cash,Completed
R03922,C0963,D0441,2025-12-05 13:37:04.333851,2025-12-05 14:17:04.333851,Metro Station,City Center,21.53,435.54,UPI,Cancelled
R03923,C0304,D0334,2026-03-16 16:37:04.333890,2026-03-16 16:47:04.333890,Metro Station,IT Park,20.75,459.5,UPI,Cancelled
R03924,C0197,D0390,2025-09-09 01:51:04.333927,2025-09-09 02:04:04.333927,Mall,IT Park,12.4,282.2,Cash,Cancelled
R03925,C0726,D0431,2026-04-06 05:05:04.333965,2026-04-06 06:18:04.333965,Bus Stand,Mall,10.79,281.22,Debit Card,Completed
R03926,C0331,D0085,2026-05-18 07:32:04.334002,2026-05-18 08:25:04.334002,Residential Area,Mall,4.31,162.58,Debit Card,Cancelled
R03927,C0017,D0206,2026-01-02 11:03:04.334050,2026-01-02 11:58:04.334050,Metro Station,Mall,26.9,574.2,Cash,Completed
R03928,C0554,D0310,2025-09-08 02:59:04.334094,2025-09-08 03:28:04.334094,Residential Area,Hospital,7.87,172.66,UPI,Cancelled
R03929,C0426,D0382,2026-05-15 02:25:04.334132,2026-05-15 03:46:04.334132,Railway Station,Mall,17.86,356.48,Credit Card,Completed
R03930,C0799,D0140,2025-09-08 12:54:04.334499,2025-09-08 13:58:04.334499,Bus Stand,Mall,28.17,563.06,Credit Card,Cancelled
R03931,C0606,D0064,2026-01-25 08:49:04.334542,2026-01-25 09:35:04.334542,Metro Station,Residential Area,5.64,147.52,Credit Card,Cancelled
R03932,C0579,D0050,2025-08-02 21:52:04.334581,2025-08-02 22:49:04.334581,IT Park,University,20.26,456.68,UPI,Completed
R03933,C0471,D0226,2026-04-26 17:55:04.334618,2026-04-26 19:04:04.334618,City Center,Hospital,26.65,526.7,UPI,Completed
R03934,C0697,D0305,2026-04-14 16:51:04.334656,2026-04-14 18:07:04.334656,IT Park,Residential Area,8.96,218.28,Cash,Completed
R03935,C0850,D0071,2025-11-16 08:36:04.334694,2025-11-16 08:56:04.334694,Bus Stand,Residential Area,3.85,126.3,Debit Card,Cancelled
R03936,C0024,D0059,2026-02-13 19:24:04.334732,2026-02-13 20:35:04.334732,Bus Stand,Bus Stand,3.8,105.4,Credit Card,Completed
R03937,C0875,D0352,2026-06-14 08:46:04.334769,2026-06-14 10:14:04.334769,City Center,University,21.84,466.12,Credit Card,Completed
R03938,C0179,D0035,2026-01-06 23:13:04.334813,2026-01-06 23:57:04.334813,Airport,Hospital,4.31,141.58,UPI,Completed
R03939,C0889,D0108,2025-10-05 05:37:04.334849,2025-10-05 06:49:04.334849,Airport,University,9.27,235.86,Cash,Cancelled
R03940,C0888,D0133,2025-08-11 11:17:04.334885,2025-08-11 12:14:04.334885,Residential Area,University,29.36,582.48,Credit Card,Completed
R03941,C0364,D0486,2026-05-21 11:59:04.334924,2026-05-21 13:07:04.334924,University,Bus Stand,6.58,174.44,Cash,Cancelled
R03942,C0967,D0300,2026-04-14 19:52:04.334965,2026-04-14 20:04:04.334965,Hospital,Railway Station,8.8,179.4,Debit Card,Completed
R03943,C0350,D0422,2026-06-01 11:17:04.335000,2026-06-01 12:26:04.335000,IT Park,Residential Area,6.15,155.7,Credit Card,Completed
R03944,C0305,D0292,2026-06-01 15:22:04.335051,2026-06-01 16:38:04.335051,City Center,Residential Area,22.9,456.2,Debit Card,Cancelled
R03945,C0532,D0123,2026-05-13 17:59:04.335088,2026-05-13 19:13:04.335088,Railway Station,Residential Area,16.3,315.4,Cash,Cancelled
R03946,C0359,D0458,2025-11-21 13:04:04.335125,2025-11-21 14:02:04.335125,Airport,Railway Station,3.0,142.0,UPI,Completed
R03947,C0723,D0451,2026-02-16 00:12:04.335161,2026-02-16 01:00:04.335161,City Center,Bus Stand,26.47,499.46,Credit Card,Completed
R03948,C0663,D0218,2025-10-09 21:45:04.335201,2025-10-09 22:54:04.335201,Mall,Bus Stand,13.16,306.88,Credit Card,Cancelled
R03949,C0784,D0440,2025-11-01 12:26:04.335256,2025-11-01 13:14:04.335256,City Center,Residential Area,12.01,268.18,UPI,Completed
R03950,C0262,D0464,2025-10-14 10:52:04.335292,2025-10-14 11:41:04.335292,IT Park,Hospital,7.55,163.9,Credit Card,Cancelled
R03951,C0406,D0159,2025-10-20 11:03:04.335328,2025-10-20 12:03:04.335328,Airport,Mall,17.31,358.58,Credit Card,Cancelled
R03952,C0546,D0491,2026-06-20 01:44:04.335366,2026-06-20 02:44:04.335366,Mall,Metro Station,27.63,557.34,Credit Card,Cancelled
R03953,C0779,D0029,2026-02-16 15:34:04.335401,2026-02-16 16:13:04.335401,Hospital,Residential Area,5.34,135.12,Cash,Cancelled
R03954,C0298,D0007,2026-01-17 10:05:04.335435,2026-01-17 10:38:04.335435,Metro Station,Hospital,13.59,270.62,Credit Card,Cancelled
R03955,C0713,D0095,2026-03-28 03:07:04.335468,2026-03-28 04:18:04.335468,Metro Station,Bus Stand,26.39,564.02,Cash,Cancelled
R03956,C0408,D0212,2025-10-20 10:54:04.335504,2025-10-20 11:50:04.335504,Bus Stand,Airport,18.27,417.86,UPI,Completed
R03957,C0203,D0023,2026-05-03 19:32:04.335541,2026-05-03 20:48:04.335541,City Center,University,21.67,415.06,Credit Card,Cancelled
R03958,C0661,D0179,2025-12-29 19:00:04.335583,2025-12-29 19:55:04.335583,University,IT Park,20.75,471.5,UPI,Completed
R03959,C0038,D0459,2026-08-01 18:46:04.335620,2026-08-01 18:58:04.335620,Residential Area,Hospital,12.74,328.32,Credit Card,Completed
R03960,C0479,D0385,2026-05-10 06:05:04.335657,2026-05-10 06:45:04.335657,Mall,IT Park,14.55,336.9,Credit Card,Completed
R03961,C0073,D0351,2026-03-17 15:39:04.335691,2026-03-17 16:24:04.335691,Metro Station,Airport,22.75,430.5,Debit Card,Completed
R03962,C0764,D0323,2025-12-09 02:57:04.337314,2025-12-09 03:59:04.337314,University,Bus Stand,3.81,147.58,Debit Card,Cancelled
R03963,C0450,D0268,2026-02-16 01:14:04.337373,2026-02-16 02:07:04.337373,Hospital,City Center,15.99,358.82,Credit Card,Cancelled
R03964,C0723,D0411,2026-03-02 00:07:04.337419,2026-03-02 00:46:04.337419,City Center,Residential Area,29.93,622.74,Credit Card,Cancelled
R03965,C0672,D0244,2026-03-01 09:20:04.337460,2026-03-01 09:55:04.337460,Metro Station,Hospital,21.36,468.48,Credit Card,Cancelled
R03966,C0285,D0265,2026-02-26 18:22:04.337503,2026-02-26 18:56:04.337503,Railway Station,Railway Station,27.57,545.26,Cash,Completed
R03967,C0789,D0168,2026-03-19 19:01:04.337545,2026-03-19 20:27:04.337545,Residential Area,Bus Stand,8.64,200.52,Debit Card,Completed
R03968,C0470,D0137,2026-06-01 21:00:04.337594,2026-06-01 22:04:04.337594,Airport,City Center,25.19,545.42,Credit Card,Completed
R03969,C0151,D0122,2025-08-12 22:01:04.337636,2025-08-12 23:21:04.337636,Residential Area,Railway Station,6.73,209.14,UPI,Completed
R03970,C0629,D0127,2025-09-21 03:28:04.337677,2025-09-21 04:52:04.337677,Residential Area,Metro Station,2.55,118.9,Cash,Cancelled
R03971,C0363,D0177,2026-06-19 23:57:04.337726,2026-06-20 00:12:04.337726,Hospital,Hospital,7.51,207.18,Cash,Completed
R03972,C0157,D0330,2026-01-12 15:21:04.337767,2026-01-12 16:08:04.337767,IT Park,Metro Station,24.16,499.88,UPI,Completed
R03973,C0796,D0421,2026-05-14 10:50:04.337805,2026-05-14 12:06:04.337805,City Center,Metro Station,10.8,244.4,Cash,Cancelled
R03974,C0532,D0171,2025-08-30 20:54:04.337845,2025-08-30 21:05:04.337845,City Center,Airport,6.87,163.66,Credit Card,Completed
R03975,C0640,D0211,2025-12-23 06:59:04.337886,2025-12-23 07:12:04.337886,University,Mall,15.91,347.38,Cash,Cancelled
R03976,C0071,D0014,2026-03-12 22:53:04.337926,2026-03-13 00:20:04.337926,Bus Stand,Airport,4.25,164.5,UPI,Completed
R03977,C0408,D0424,2025-09-26 18:25:04.337965,2025-09-26 19:33:04.337965,City Center,IT Park,19.26,393.68,Debit Card,Cancelled
R03978,C0454,D0376,2025-12-06 06:30:04.338014,2025-12-06 07:58:04.338014,City Center,Metro Station,11.73,288.14,UPI,Cancelled
R03979,C0114,D0262,2026-07-20 15:37:04.338072,2026-07-20 17:07:04.338072,Residential Area,Residential Area,10.63,288.34,Credit Card,Cancelled
R03980,C0489,D0056,2026-04-09 22:44:04.340353,2026-04-10 00:02:04.340353,University,Airport,22.05,451.9,Credit Card,Completed
R03981,C0561,D0199,2026-03-13 03:31:04.340409,2026-03-13 04:04:04.340409,Bus Stand,Railway Station,12.28,260.04,UPI,Cancelled
R03982,C0077,D0343,2026-07-26 22:11:04.340456,2026-07-26 23:20:04.340456,City Center,Mall,29.1,579.8,Debit Card,Completed
R03983,C0033,D0308,2025-11-10 01:27:04.340512,2025-11-10 02:49:04.340512,Mall,Hospital,13.04,293.72,Cash,Cancelled
R03984,C0194,D0425,2026-06-09 10:49:04.340556,2026-06-09 12:11:04.340556,Hospital,Metro Station,21.28,410.04,Credit Card,Completed
R03985,C0107,D0232,2025-08-15 11:22:04.340597,2025-08-15 12:42:04.340597,Airport,Railway Station,21.07,400.26,Debit Card,Cancelled
R03986,C0962,D0073,2026-05-28 14:57:04.340637,2026-05-28 16:08:04.340637,Residential Area,Railway Station,27.78,536.04,Cash,Cancelled
R03987,C0746,D0465,2026-04-25 02:56:04.340678,2026-04-25 04:07:04.340678,Mall,Bus Stand,17.08,370.44,Credit Card,Cancelled
R03988,C0995,D0082,2026-02-24 02:07:04.340726,2026-02-24 02:41:04.340726,Railway Station,Residential Area,24.38,473.84,Credit Card,Completed
R03989,C0752,D0424,2025-11-20 10:25:04.340770,2025-11-20 11:09:04.340770,City Center,Residential Area,12.41,304.38,Cash,Completed
R03990,C0509,D0335,2026-04-01 10:06:04.340811,2026-04-01 10:47:04.340811,Hospital,Bus Stand,22.97,505.46,UPI,Cancelled
R03991,C0286,D0409,2026-05-01 17:45:04.340852,2026-05-01 18:13:04.340852,Railway Station,Railway Station,24.01,530.18,UPI,Completed
R03992,C0232,D0200,2026-02-22 20:49:04.340892,2026-02-22 22:18:04.340892,IT Park,Metro Station,25.98,536.64,Debit Card,Cancelled
R03993,C0904,D0045,2026-01-20 09:01:04.340932,2026-01-20 09:32:04.340932,City Center,Metro Station,24.9,540.2,UPI,Cancelled
R03994,C0443,D0017,2026-03-22 02:32:04.340974,2026-03-22 03:12:04.340974,Bus Stand,Bus Stand,16.7,367.6,Cash,Completed
R03995,C0291,D0316,2026-03-14 11:39:04.341017,2026-03-14 13:03:04.341017,Residential Area,Residential Area,16.66,390.88,UPI,Cancelled
R03996,C0640,D0414,2025-10-28 17:38:04.341071,2025-10-28 18:37:04.341071,Railway Station,Residential Area,4.15,100.7,Cash,Cancelled
R03997,C0115,D0230,2025-12-23 03:57:04.341110,2025-12-23 04:47:04.341110,Railway Station,Hospital,21.41,474.38,UPI,Completed
R03998,C1000,D0397,2025-11-26 16:37:04.341157,2025-11-26 17:32:04.341157,Metro Station,Hospital,25.37,513.66,Debit Card,Completed
R03999,C0700,D0323,2026-07-22 14:42:04.341203,2026-07-22 15:44:04.341203,IT Park,Mall,15.55,369.9,Cash,Completed
R04000,C0214,D0488,2025-08-24 08:41:04.341262,2025-08-24 09:12:04.341262,Mall,Residential Area,8.12,221.16,Credit Card,Completed
R04001,C0415,D0319,2025-11-05 18:50:04.341305,2025-11-05 20:00:04.341305,Metro Station,Railway Station,21.77,443.86,Credit Card,Cancelled
R04002,C0719,D0175,2025-10-04 16:14:04.341347,2025-10-04 17:14:04.341347,Bus Stand,Airport,26.73,510.14,Debit Card,Completed
R04003,C0200,D0276,2026-03-02 01:52:04.341389,2026-03-02 02:56:04.341389,Airport,Airport,17.95,401.1,Cash,Completed
R04004,C0348,D0007,2026-02-23 21:39:04.341432,2026-02-23 22:23:04.341432,University,Airport,29.23,611.14,Debit Card,Completed
R04005,C0459,D0355,2026-01-20 16:09:04.341472,2026-01-20 16:27:04.341472,Mall,IT Park,13.43,281.74,Cash,Cancelled
R04006,C0604,D0440,2026-04-22 13:37:04.341514,2026-04-22 14:29:04.341514,Airport,IT Park,19.8,424.4,Credit Card,Completed
R04007,C0044,D0003,2026-05-08 07:17:04.341554,2026-05-08 07:39:04.341554,Hospital,Metro Station,6.34,171.12,UPI,Completed
R04008,C0887,D0272,2026-04-23 09:40:04.341612,2026-04-23 10:44:04.341612,City Center,University,4.18,175.24,UPI,Completed
R04009,C0765,D0068,2026-01-20 19:10:04.341653,2026-01-20 19:37:04.341653,Metro Station,Mall,6.84,143.12,Credit Card,Cancelled
R04010,C0911,D0121,2025-09-08 19:15:04.341692,2025-09-08 19:55:04.341692,City Center,Metro Station,14.48,298.64,Credit Card,Cancelled
R04011,C0564,D0093,2025-08-14 07:29:04.341733,2025-08-14 08:52:04.341733,Metro Station,Metro Station,23.29,445.22,UPI,Cancelled
R04012,C0415,D0365,2026-03-10 10:40:04.341774,2026-03-10 11:16:04.341774,Airport,Railway Station,22.77,447.86,UPI,Cancelled
R04013,C0014,D0111,2026-04-04 09:10:04.341815,2026-04-04 09:43:04.341815,Railway Station,Bus Stand,16.03,330.54,UPI,Cancelled
R04014,C0768,D0383,2026-04-15 12:16:04.341855,2026-04-15 12:41:04.341855,Mall,IT Park,25.18,508.24,Debit Card,Cancelled
R04015,C0739,D0191,2025-11-18 02:12:04.341894,2025-11-18 03:03:04.341894,University,Mall,18.76,369.68,UPI,Completed
R04016,C0409,D0301,2025-09-28 06:58:04.341935,2025-09-28 07:51:04.341935,IT Park,Airport,26.29,534.22,Cash,Cancelled
R04017,C0932,D0060,2025-12-11 09:09:04.341975,2025-12-11 10:24:04.341975,Railway Station,Mall,14.69,323.42,Credit Card,Completed
R04018,C0208,D0411,2025-12-12 18:50:04.342036,2025-12-12 19:54:04.342036,University,IT Park,11.69,278.42,UPI,Cancelled
R04019,C0157,D0028,2025-12-07 13:32:04.342082,2025-12-07 14:27:04.342082,Residential Area,University,24.77,485.86,Credit Card,Cancelled
R04020,C0360,D0463,2026-04-26 08:14:04.342122,2026-04-26 08:29:04.342122,IT Park,Residential Area,25.37,527.66,Debit Card,Completed
R04021,C0161,D0215,2025-09-22 18:20:04.342160,2025-09-22 19:21:04.342160,Airport,Railway Station,24.97,478.46,Credit Card,Cancelled
R04022,C0041,D0217,2025-11-12 12:17:04.342199,2025-11-12 13:17:04.342199,Railway Station,Mall,10.27,209.86,Credit Card,Completed
R04023,C0321,D0040,2026-07-05 10:01:04.343053,2026-07-05 10:32:04.343053,University,Mall,24.96,545.28,Cash,Cancelled
R04024,C0864,D0309,2025-12-15 12:30:04.343111,2025-12-15 12:54:04.343111,City Center,Hospital,6.48,186.64,UPI,Completed
R04025,C0538,D0070,2026-04-07 19:06:04.343158,2026-04-07 20:05:04.343158,Mall,Residential Area,28.69,594.42,Debit Card,Completed
R04026,C0874,D0132,2026-07-16 09:13:04.343201,2026-07-16 09:59:04.343201,Bus Stand,Mall,13.48,265.64,Credit Card,Cancelled
R04027,C0024,D0169,2025-11-01 09:03:04.343272,2025-11-01 09:49:04.343272,Railway Station,University,18.42,379.56,Debit Card,Completed
R04028,C0157,D0419,2025-08-24 11:08:04.343319,2025-08-24 11:34:04.343319,Mall,Hospital,21.14,441.52,UPI,Cancelled
R04029,C0386,D0391,2026-07-27 22:51:04.343361,2026-07-27 23:39:04.343361,Hospital,Hospital,29.87,632.66,Debit Card,Completed
R04030,C0911,D0146,2026-01-31 07:05:04.343403,2026-01-31 08:31:04.343403,Railway Station,City Center,24.41,517.38,UPI,Completed
R04031,C0212,D0118,2026-07-21 19:54:04.343441,2026-07-21 20:43:04.343441,Residential Area,City Center,23.99,456.82,Debit Card,Cancelled
R04032,C0194,D0194,2025-09-21 20:17:04.343478,2025-09-21 21:22:04.343478,Railway Station,University,3.88,108.84,Credit Card,Completed
R04033,C0290,D0465,2025-09-27 22:50:04.343516,2025-09-27 23:28:04.343516,Metro Station,Bus Stand,21.51,433.18,Debit Card,Completed
R04034,C0024,D0019,2026-01-23 09:08:04.343553,2026-01-23 09:36:04.343553,City Center,University,4.22,130.96,Credit Card,Completed
R04035,C0779,D0348,2026-05-08 12:51:04.343589,2026-05-08 13:36:04.343589,Railway Station,Railway Station,13.1,270.8,Cash,Cancelled
R04036,C0160,D0274,2026-04-29 12:14:04.343627,2026-04-29 13:09:04.343627,Metro Station,Airport,13.41,303.38,Credit Card,Cancelled
R04037,C0999,D0281,2026-03-26 10:17:04.343665,2026-03-26 10:39:04.343665,Hospital,Hospital,20.6,401.8,Credit Card,Completed
R04038,C0270,D0345,2026-04-05 02:18:04.343711,2026-04-05 02:49:04.343711,Bus Stand,Metro Station,19.22,385.96,Cash,Cancelled
R04039,C0885,D0335,2026-04-04 11:16:04.343752,2026-04-04 11:49:04.343752,City Center,Hospital,15.32,336.76,Debit Card,Completed
R04040,C0451,D0070,2026-01-28 04:20:04.343790,2026-01-28 05:49:04.343790,City Center,University,3.62,109.16,UPI,Completed
R04041,C0090,D0360,2026-04-06 11:25:04.343833,2026-04-06 12:28:04.343833,Mall,IT Park,12.46,249.28,Credit Card,Completed
R04042,C0329,D0309,2025-09-24 20:03:04.343873,2025-09-24 20:33:04.343873,Residential Area,Railway Station,11.09,290.62,Debit Card,Completed
R04043,C0242,D0186,2026-03-09 09:11:04.343913,2026-03-09 09:43:04.343913,Mall,Airport,23.2,472.6,UPI,Cancelled
R04044,C0807,D0162,2026-07-03 22:21:04.343953,2026-07-03 23:07:04.343953,Hospital,Hospital,5.92,128.56,UPI,Cancelled
R04045,C0706,D0474,2025-08-27 21:49:04.343991,2025-08-27 23:06:04.343991,Airport,University,26.68,571.24,Credit Card,Completed
R04046,C0450,D0316,2025-10-15 05:34:04.344047,2025-10-15 06:41:04.344047,Metro Station,Hospital,4.31,134.58,Cash,Cancelled
R04047,C0732,D0394,2025-10-03 14:17:04.344096,2025-10-03 14:49:04.344096,Bus Stand,Hospital,29.88,580.84,UPI,Completed
R04048,C0969,D0148,2025-11-17 15:08:04.344140,2025-11-17 16:07:04.344140,University,Hospital,5.35,153.3,UPI,Cancelled
R04049,C0339,D0002,2026-04-19 15:03:04.344182,2026-04-19 16:08:04.344182,Metro Station,Residential Area,18.33,420.94,Cash,Cancelled
R04050,C0808,D0301,2026-06-22 14:13:04.344241,2026-06-22 15:33:04.344241,Hospital,University,9.43,260.74,Debit Card,Cancelled
R04051,C0835,D0181,2025-11-06 17:13:04.344283,2025-11-06 18:42:04.344283,Airport,Airport,4.53,164.54,Debit Card,Cancelled
R04052,C0809,D0159,2026-04-04 21:14:04.344322,2026-04-04 22:42:04.344322,University,City Center,26.49,511.82,UPI,Cancelled
R04053,C0752,D0426,2025-12-25 00:24:04.344361,2025-12-25 01:15:04.344361,Residential Area,Residential Area,27.6,564.8,Debit Card,Cancelled
R04054,C0844,D0434,2026-01-23 05:51:04.344399,2026-01-23 06:50:04.344399,Airport,City Center,17.31,337.58,UPI,Cancelled
R04055,C0017,D0203,2025-10-25 06:27:04.344439,2025-10-25 07:53:04.344439,University,Metro Station,3.56,88.08,UPI,Completed
R04056,C0610,D0464,2026-05-30 19:13:04.344489,2026-05-30 20:42:04.344489,University,Airport,11.64,276.52,Credit Card,Completed
R04057,C0927,D0236,2026-05-08 10:32:04.344528,2026-05-08 11:56:04.344528,Metro Station,Airport,7.05,154.9,Cash,Cancelled
R04058,C0184,D0189,2026-05-28 17:53:04.344572,2026-05-28 19:09:04.344572,University,IT Park,22.03,439.54,Debit Card,Completed
R04059,C0416,D0318,2025-10-06 05:06:04.344612,2025-10-06 06:32:04.344612,Residential Area,Residential Area,2.67,69.06,UPI,Completed
R04060,C0600,D0033,2026-05-26 17:20:04.344651,2026-05-26 18:41:04.344651,University,Mall,17.68,354.24,Cash,Cancelled
R04061,C0140,D0001,2026-01-17 04:21:04.344693,2026-01-17 04:55:04.344693,Bus Stand,University,7.81,165.58,Cash,Cancelled
R04062,C0610,D0303,2026-06-28 11:28:04.344734,2026-06-28 12:27:04.344734,Hospital,Residential Area,17.22,332.96,Debit Card,Completed
R04063,C0649,D0393,2025-09-23 04:50:04.344774,2025-09-23 05:42:04.344774,City Center,Railway Station,20.66,430.88,Debit Card,Completed
R04064,C0354,D0489,2026-06-11 15:15:04.344815,2026-06-11 16:29:04.344815,University,City Center,10.2,235.6,UPI,Cancelled
R04065,C0390,D0430,2026-05-26 17:42:04.344853,2026-05-26 17:53:04.344853,Airport,Airport,2.78,117.04,Credit Card,Cancelled
R04066,C0479,D0439,2025-10-01 13:41:04.344889,2025-10-01 15:01:04.344889,Bus Stand,City Center,18.44,390.92,Credit Card,Cancelled
R04067,C0760,D0370,2025-12-19 02:40:04.344926,2025-12-19 03:04:04.344926,Railway Station,Metro Station,20.44,389.92,Credit Card,Cancelled
R04068,C0851,D0012,2025-12-06 12:20:04.344971,2025-12-06 13:13:04.344971,Mall,City Center,3.82,120.76,Credit Card,Cancelled
R04069,C0929,D0456,2026-07-05 21:05:04.345012,2026-07-05 21:53:04.345012,Mall,Metro Station,26.56,526.08,Debit Card,Completed
R04070,C0201,D0006,2026-07-02 17:29:04.345063,2026-07-02 18:47:04.345063,City Center,Airport,10.79,249.22,UPI,Cancelled
R04071,C0305,D0255,2025-09-21 21:16:04.345112,2025-09-21 21:29:04.345112,Hospital,IT Park,24.32,521.76,UPI,Completed
R04072,C0446,D0292,2025-11-14 04:16:04.345154,2025-11-14 05:11:04.345154,City Center,Railway Station,22.7,448.6,Debit Card,Completed
R04073,C0210,D0359,2026-01-26 11:28:04.345193,2026-01-26 12:17:04.345193,Railway Station,Airport,3.03,122.54,Credit Card,Cancelled
R04074,C0290,D0302,2025-11-03 05:28:04.345249,2025-11-03 06:50:04.345249,IT Park,Mall,21.8,434.4,Debit Card,Cancelled
R04075,C0049,D0311,2026-02-01 03:41:04.345290,2026-02-01 04:15:04.345290,Airport,City Center,18.26,398.68,Debit Card,Completed
R04076,C0347,D0398,2026-03-15 01:43:04.345327,2026-03-15 02:14:04.345327,City Center,Metro Station,18.95,441.1,Debit Card,Completed
R04077,C0683,D0321,2026-06-29 08:15:04.345363,2026-06-29 09:42:04.345363,Bus Stand,Residential Area,7.78,178.04,Cash,Cancelled
R04078,C0806,D0396,2026-02-05 12:39:04.345406,2026-02-05 13:26:04.345406,Residential Area,IT Park,15.57,376.26,UPI,Completed
R04079,C0619,D0383,2025-09-29 00:46:04.345444,2025-09-29 01:08:04.345444,Airport,Residential Area,2.78,93.04,Cash,Cancelled
R04080,C0863,D0293,2025-10-12 14:55:04.345481,2025-10-12 15:45:04.345481,Residential Area,Hospital,17.68,411.24,Debit Card,Completed
R04081,C0754,D0272,2025-12-31 01:42:04.345519,2025-12-31 01:52:04.345519,IT Park,Mall,26.79,523.22,Credit Card,Completed
R04082,C0847,D0005,2026-05-22 16:49:04.345558,2026-05-22 17:39:04.345558,City Center,City Center,13.04,332.72,UPI,Completed
R04083,C0585,D0311,2026-03-23 06:06:04.345598,2026-03-23 07:13:04.345598,IT Park,University,15.67,372.06,Cash,Cancelled
R04084,C0772,D0056,2025-10-13 13:08:04.345646,2025-10-13 14:22:04.345646,Bus Stand,Residential Area,28.83,557.94,UPI,Completed
R04085,C0112,D0018,2026-06-01 17:03:04.345688,2026-06-01 17:15:04.345688,Mall,Hospital,15.14,297.52,Credit Card,Completed
R04086,C0068,D0152,2026-06-09 23:17:04.345729,2026-06-09 23:55:04.345729,Residential Area,Hospital,14.58,331.44,UPI,Cancelled
R04087,C0642,D0094,2026-07-12 15:11:04.345770,2026-07-12 15:59:04.345770,IT Park,Metro Station,27.41,543.38,Debit Card,Completed
R04088,C0256,D0465,2026-04-10 11:40:04.345816,2026-04-10 12:18:04.345816,Mall,Mall,28.31,572.58,UPI,Cancelled
R04089,C0364,D0260,2026-07-02 22:47:04.345856,2026-07-02 23:46:04.345856,Airport,Residential Area,17.18,330.24,Debit Card,Completed
R04090,C0776,D0395,2025-10-06 08:01:04.345918,2025-10-06 08:36:04.345918,University,City Center,11.64,284.52,Cash,Cancelled
R04091,C0472,D0328,2026-02-02 13:55:04.345960,2026-02-02 15:13:04.345960,Airport,Hospital,20.1,393.8,UPI,Cancelled
R04092,C0532,D0061,2026-01-22 03:15:04.346000,2026-01-22 04:38:04.346000,Residential Area,Mall,11.71,250.78,Debit Card,Cancelled
R04093,C0334,D0208,2026-03-24 14:33:04.346050,2026-03-24 15:50:04.346050,Bus Stand,Railway Station,7.11,217.98,Cash,Completed
R04094,C0521,D0154,2026-03-27 13:05:04.346091,2026-03-27 13:51:04.346091,Residential Area,Hospital,21.27,482.86,Debit Card,Cancelled
R04095,C0371,D0214,2026-01-08 20:45:04.346132,2026-01-08 21:33:04.346132,Hospital,IT Park,10.23,232.14,Credit Card,Completed
R04096,C0095,D0492,2026-07-02 14:37:04.346172,2026-07-02 15:13:04.346172,Metro Station,IT Park,23.83,479.94,Debit Card,Cancelled
R04097,C0251,D0445,2025-10-31 21:18:04.346228,2025-10-31 22:26:04.346228,Airport,Metro Station,16.24,381.32,Credit Card,Cancelled
R04098,C0597,D0081,2025-08-16 14:28:04.346277,2025-08-16 15:26:04.346277,IT Park,Mall,2.18,101.24,Cash,Cancelled
R04099,C0018,D0032,2026-01-29 11:35:04.346318,2026-01-29 12:11:04.346318,Mall,Railway Station,7.3,230.4,Debit Card,Completed
R04100,C0286,D0063,2025-11-29 18:56:04.346355,2025-11-29 20:01:04.346355,University,Railway Station,28.03,602.54,UPI,Cancelled
R04101,C0782,D0132,2026-05-17 23:25:04.346393,2026-05-18 00:25:04.346393,University,Bus Stand,3.01,75.18,Credit Card,Completed
R04102,C0592,D0203,2025-11-19 20:34:04.346430,2025-11-19 21:55:04.346430,University,Airport,4.73,159.14,UPI,Completed
R04103,C0572,D0027,2026-07-11 19:18:04.346465,2026-07-11 20:03:04.346465,Hospital,Mall,8.49,243.82,UPI,Completed
R04104,C0228,D0237,2026-05-16 14:19:04.346502,2026-05-16 14:47:04.346502,Residential Area,Bus Stand,22.7,454.6,Credit Card,Completed
R04105,C0506,D0399,2026-03-31 01:50:04.346539,2026-03-31 02:17:04.346539,Airport,IT Park,22.03,419.54,Debit Card,Completed
R04106,C0143,D0018,2026-02-02 19:41:04.346578,2026-02-02 20:34:04.346578,City Center,Railway Station,29.47,617.46,Cash,Completed
R04107,C0464,D0159,2026-04-08 09:14:04.346617,2026-04-08 09:35:04.346617,Mall,Hospital,10.36,213.48,Debit Card,Completed
R04108,C0787,D0482,2026-06-07 10:29:04.346663,2026-06-07 11:52:04.346663,Residential Area,Metro Station,29.92,601.56,UPI,Completed
R04109,C0319,D0338,2025-08-17 08:32:04.346704,2025-08-17 10:00:04.346704,Metro Station,Airport,17.87,397.66,Credit Card,Completed
R04110,C0757,D0190,2025-12-11 14:25:04.346745,2025-12-11 14:58:04.346745,University,Bus Stand,5.47,182.46,Credit Card,Cancelled
R04111,C0346,D0432,2026-06-06 14:09:04.346788,2026-06-06 15:25:04.346788,Bus Stand,City Center,13.78,321.04,Credit Card,Completed
R04112,C0632,D0262,2026-01-15 12:04:04.346829,2026-01-15 12:43:04.346829,Airport,IT Park,6.82,176.76,Debit Card,Completed
R04113,C0303,D0427,2026-02-26 07:35:04.346869,2026-02-26 08:21:04.346869,Bus Stand,Hospital,17.32,410.76,Credit Card,Cancelled
R04114,C0924,D0023,2025-10-20 19:52:04.346909,2025-10-20 20:48:04.346909,Residential Area,Airport,7.54,226.72,Credit Card,Completed
R04115,C0814,D0253,2026-02-16 18:10:04.346958,2026-02-16 18:24:04.346958,Airport,Airport,19.26,393.68,UPI,Cancelled
R04116,C0118,D0445,2026-04-21 23:56:04.347000,2026-04-22 01:24:04.347000,IT Park,IT Park,13.66,291.88,Debit Card,Cancelled
R04117,C0447,D0109,2026-05-23 14:08:04.347052,2026-05-23 15:05:04.347052,Mall,Airport,13.43,335.74,Cash,Completed
R04118,C0193,D0017,2026-02-03 13:24:04.347101,2026-02-03 14:03:04.347101,IT Park,Airport,15.56,322.08,Credit Card,Completed
R04119,C0576,D0059,2025-12-23 16:49:04.347141,2025-12-23 18:11:04.347141,Hospital,University,8.87,189.66,Debit Card,Cancelled
R04120,C0840,D0382,2025-11-11 18:01:04.347180,2025-11-11 19:23:04.347180,Metro Station,Bus Stand,23.34,445.12,Debit Card,Cancelled
R04121,C0836,D0342,2026-03-22 18:19:04.347238,2026-03-22 18:57:04.347238,Hospital,Hospital,20.02,432.36,UPI,Cancelled
R04122,C0700,D0450,2026-05-12 17:21:04.347279,2026-05-12 18:18:04.347279,City Center,Hospital,5.97,138.46,Credit Card,Completed
R04123,C0946,D0026,2026-06-02 10:38:04.347316,2026-06-02 11:54:04.347316,Mall,Airport,2.46,70.28,UPI,Cancelled
R04124,C0784,D0204,2026-06-19 16:47:04.347352,2026-06-19 17:24:04.347352,Residential Area,City Center,9.43,203.74,Cash,Cancelled
R04125,C0058,D0308,2026-06-15 00:11:04.347390,2026-06-15 01:12:04.347390,Bus Stand,IT Park,27.77,572.86,Debit Card,Completed
R04126,C0508,D0340,2026-01-09 00:09:04.347430,2026-01-09 01:14:04.347430,City Center,IT Park,26.14,502.52,Credit Card,Cancelled
R04127,C0764,D0428,2026-01-22 16:03:04.347469,2026-01-22 16:57:04.347469,Bus Stand,University,26.76,502.68,Credit Card,Cancelled
R04128,C0652,D0055,2026-02-21 06:51:04.347515,2026-02-21 07:44:04.347515,IT Park,Bus Stand,7.58,201.44,UPI,Cancelled
R04129,C0225,D0010,2025-10-14 10:53:04.347556,2025-10-14 11:38:04.347556,Bus Stand,IT Park,14.82,293.76,Cash,Completed
R04130,C0674,D0137,2025-12-09 01:26:04.347598,2025-12-09 02:10:04.347598,Metro Station,City Center,9.0,215.0,Debit Card,Cancelled
R04131,C0455,D0457,2026-07-24 08:48:04.347638,2026-07-24 09:53:04.347638,Mall,Mall,25.85,529.3,Debit Card,Cancelled
R04132,C0501,D0314,2026-07-03 16:58:04.347677,2026-07-03 17:47:04.347677,Residential Area,Metro Station,18.98,410.64,Credit Card,Cancelled
R04133,C0264,D0324,2026-05-18 15:48:04.347717,2026-05-18 16:45:04.347717,Metro Station,University,17.62,392.16,UPI,Cancelled
R04134,C0535,D0393,2025-10-29 10:59:04.347753,2025-10-29 11:31:04.347753,IT Park,Metro Station,2.83,86.94,Credit Card,Completed
R04135,C0886,D0265,2026-05-01 23:29:04.347797,2026-05-01 23:59:04.347797,University,University,29.06,620.08,Debit Card,Completed
R04136,C0398,D0072,2026-07-10 00:15:04.347837,2026-07-10 00:49:04.347837,Mall,IT Park,27.89,558.02,Credit Card,Completed
R04137,C0486,D0036,2026-07-23 02:48:04.347878,2026-07-23 03:55:04.347878,Mall,Railway Station,24.67,523.06,UPI,Cancelled
R04138,C0298,D0386,2026-06-08 04:28:04.347921,2026-06-08 04:51:04.347921,Residential Area,Residential Area,10.01,248.18,UPI,Completed
R04139,C0750,D0454,2025-12-26 21:35:04.347961,2025-12-26 22:26:04.347961,University,Bus Stand,22.33,472.94,UPI,Completed
R04140,C0770,D0217,2026-04-04 23:07:04.348001,2026-04-05 00:36:04.348001,Residential Area,Metro Station,17.35,343.3,Credit Card,Completed
R04141,C0991,D0488,2025-12-16 17:33:04.348053,2025-12-16 18:53:04.348053,University,Airport,2.02,89.36,UPI,Cancelled
R04142,C0562,D0165,2026-03-16 21:18:04.348091,2026-03-16 22:26:04.348091,Airport,Residential Area,7.27,212.86,Credit Card,Cancelled
R04143,C0114,D0342,2025-08-23 16:41:04.348129,2025-08-23 17:59:04.348129,Metro Station,Bus Stand,7.87,181.66,UPI,Completed
R04144,C0509,D0237,2025-10-26 22:04:04.348168,2025-10-26 23:01:04.348168,University,University,5.3,148.4,Cash,Cancelled
R04145,C0828,D0273,2025-11-10 16:06:04.348207,2025-11-10 16:43:04.348207,Bus Stand,Railway Station,6.94,213.92,Debit Card,Completed
R04146,C0143,D0190,2025-11-15 23:46:04.348265,2025-11-16 00:41:04.348265,Bus Stand,Airport,19.71,383.78,UPI,Completed
R04147,C0878,D0483,2026-08-02 00:57:04.348303,2026-08-02 02:27:04.348303,Mall,Metro Station,5.76,169.68,UPI,Completed
R04148,C0412,D0236,2025-11-30 12:03:04.348348,2025-11-30 13:14:04.348348,Railway Station,Railway Station,23.86,467.48,Debit Card,Cancelled
R04149,C0605,D0330,2025-12-08 13:42:04.348389,2025-12-08 14:35:04.348389,Metro Station,Mall,28.58,583.44,Cash,Completed
R04150,C0212,D0019,2026-07-31 20:15:04.348428,2026-07-31 20:39:04.348428,University,Bus Stand,13.79,295.22,Cash,Completed
R04151,C0753,D0392,2026-01-01 19:17:04.348463,2026-01-01 19:47:04.348463,Hospital,University,12.21,280.78,Cash,Cancelled
R04152,C0732,D0338,2025-09-22 10:45:04.348499,2025-09-22 11:35:04.348499,Metro Station,Airport,20.12,445.16,UPI,Cancelled
R04153,C0412,D0247,2025-10-27 13:20:04.348536,2025-10-27 14:17:04.348536,Residential Area,Mall,8.56,218.08,Debit Card,Completed
R04154,C0017,D0075,2026-05-29 13:23:04.348573,2026-05-29 14:04:04.348573,Railway Station,Mall,17.27,406.86,UPI,Completed
R04155,C0590,D0283,2025-11-05 01:18:04.348611,2025-11-05 01:55:04.348611,Airport,Residential Area,18.45,393.1,Debit Card,Cancelled
R04156,C0453,D0402,2025-11-08 23:05:04.348651,2025-11-09 00:12:04.348651,Metro Station,University,22.55,455.9,Credit Card,Cancelled
R04157,C0753,D0454,2026-05-25 20:32:04.348690,2026-05-25 20:52:04.348690,Bus Stand,Metro Station,15.05,307.9,Debit Card,Cancelled
R04158,C0227,D0329,2026-01-28 21:30:04.348734,2026-01-28 22:58:04.348734,Hospital,City Center,8.92,226.56,Credit Card,Completed
R04159,C0112,D0338,2026-04-18 15:20:04.348774,2026-04-18 16:04:04.348774,Airport,IT Park,7.58,222.44,Credit Card,Completed
R04160,C0179,D0437,2025-12-21 11:47:04.348813,2025-12-21 13:01:04.348813,Mall,Bus Stand,29.93,592.74,Debit Card,Cancelled
R04161,C0455,D0396,2025-08-09 10:37:04.348853,2025-08-09 11:16:04.348853,University,IT Park,17.51,403.18,Cash,Completed
R04162,C0811,D0461,2025-12-04 07:35:04.348891,2025-12-04 08:48:04.348891,City Center,City Center,15.07,346.26,Debit Card,Cancelled
R04163,C0309,D0022,2026-05-16 15:25:04.348927,2026-05-16 16:15:04.348927,Bus Stand,City Center,11.99,291.82,Debit Card,Completed
R04164,C0911,D0111,2025-10-18 20:16:04.348966,2025-10-18 21:01:04.348966,Metro Station,Residential Area,12.07,237.26,UPI,Cancelled
R04165,C0648,D0291,2026-01-15 09:36:04.349009,2026-01-15 10:11:04.349009,Railway Station,IT Park,6.14,170.52,Cash,Cancelled
R04166,C0151,D0048,2026-05-16 04:08:04.349063,2026-05-16 05:23:04.349063,Bus Stand,Residential Area,20.38,455.84,UPI,Completed
R04167,C0483,D0324,2025-09-17 21:17:04.349103,2025-09-17 22:46:04.349103,Metro Station,Airport,2.11,105.98,Cash,Completed
R04168,C0195,D0301,2025-12-05 15:57:04.349149,2025-12-05 17:22:04.349149,Bus Stand,Metro Station,29.24,551.32,Cash,Cancelled
R04169,C0406,D0087,2025-09-13 00:55:04.349195,2025-09-13 02:16:04.349195,City Center,City Center,9.73,205.14,Credit Card,Completed
R04170,C0190,D0157,2025-09-08 18:59:04.349253,2025-09-08 20:01:04.349253,Residential Area,City Center,21.07,428.26,Cash,Cancelled
R04171,C0916,D0122,2025-08-19 14:48:04.349293,2025-08-19 15:34:04.349293,Residential Area,IT Park,24.87,502.66,UPI,Cancelled
R04172,C0411,D0329,2026-03-06 19:58:04.349335,2026-03-06 20:38:04.349335,Railway Station,City Center,26.73,532.14,Cash,Cancelled
R04173,C0130,D0305,2026-07-20 06:32:04.349374,2026-07-20 08:01:04.349374,Hospital,University,16.45,331.1,Cash,Completed
R04174,C0878,D0442,2026-03-04 00:31:04.349421,2026-03-04 01:07:04.349421,Mall,Residential Area,23.39,514.02,UPI,Completed
R04175,C0855,D0185,2026-07-16 19:57:04.349462,2026-07-16 21:09:04.349462,Mall,City Center,19.58,382.44,UPI,Cancelled
R04176,C0694,D0229,2026-03-02 18:02:04.349500,2026-03-02 19:16:04.349500,City Center,Metro Station,26.49,506.82,Credit Card,Completed
R04177,C0724,D0483,2025-09-18 22:14:04.349539,2025-09-18 23:15:04.349539,City Center,Railway Station,8.19,188.42,Debit Card,Cancelled
R04178,C0214,D0468,2026-02-09 08:47:04.349585,2026-02-09 10:05:04.349585,Hospital,Residential Area,29.62,573.16,Debit Card,Completed
R04179,C0665,D0497,2026-06-09 07:31:04.349625,2026-06-09 07:47:04.349625,University,University,15.13,337.34,UPI,Completed
R04180,C0397,D0134,2026-02-24 23:03:04.349665,2026-02-24 23:54:04.349665,Residential Area,City Center,22.92,489.56,Credit Card,Completed
R04181,C0425,D0193,2026-07-03 19:44:04.349706,2026-07-03 21:01:04.349706,Hospital,Hospital,11.14,273.52,Credit Card,Completed
R04182,C0348,D0021,2026-01-19 22:03:04.349747,2026-01-19 22:45:04.349747,IT Park,Railway Station,6.25,136.5,Debit Card,Cancelled
R04183,C0484,D0337,2026-03-01 19:58:04.349786,2026-03-01 20:37:04.349786,Railway Station,City Center,2.39,109.02,Debit Card,Cancelled
R04184,C0200,D0258,2026-06-29 05:24:04.349825,2026-06-29 06:08:04.349825,Railway Station,City Center,9.26,207.68,UPI,Cancelled
R04185,C0945,D0471,2025-08-27 12:03:04.349865,2025-08-27 12:16:04.349865,Mall,City Center,28.2,531.6,UPI,Cancelled
R04186,C0124,D0354,2025-09-10 19:26:04.349905,2025-09-10 20:27:04.349905,Railway Station,City Center,23.52,480.36,Cash,Cancelled
R04187,C0409,D0046,2026-07-08 18:58:04.349947,2026-07-08 20:19:04.349947,Railway Station,Metro Station,2.96,93.28,UPI,Completed
R04188,C0471,D0118,2025-11-19 18:32:04.349996,2025-11-19 19:51:04.349996,IT Park,University,23.26,487.68,Cash,Completed
R04189,C0189,D0469,2025-09-12 11:01:04.350049,2025-09-12 11:31:04.350049,IT Park,Railway Station,2.21,124.78,Credit Card,Cancelled
R04190,C0273,D0006,2026-02-15 19:25:04.350090,2026-02-15 20:36:04.350090,IT Park,Mall,23.67,503.06,UPI,Cancelled
R04191,C0514,D0027,2025-11-22 11:00:04.350129,2025-11-22 11:47:04.350129,IT Park,Residential Area,25.93,487.74,UPI,Completed
R04192,C0371,D0269,2026-06-29 22:03:04.350167,2026-06-29 23:06:04.350167,Railway Station,Airport,21.48,453.64,UPI,Completed
R04193,C0209,D0308,2025-09-25 19:53:04.350206,2025-09-25 20:43:04.350206,Residential Area,Mall,26.85,532.3,Cash,Completed
R04194,C0236,D0242,2026-04-01 07:48:04.350263,2026-04-01 09:12:04.350263,Residential Area,Bus Stand,10.94,230.92,Cash,Completed
R04195,C0756,D0374,2025-12-12 00:59:04.350303,2025-12-12 01:27:04.350303,Airport,Hospital,21.81,484.58,Credit Card,Completed
R04196,C0655,D0133,2025-10-25 04:31:04.350342,2025-10-25 05:01:04.350342,Airport,Airport,12.38,247.84,Debit Card,Cancelled
R04197,C0381,D0469,2025-08-16 17:30:04.350384,2025-08-16 18:07:04.350384,Airport,Bus Stand,24.05,512.9,Cash,Cancelled
R04198,C0335,D0473,2025-08-12 21:12:04.350437,2025-08-12 21:58:04.350437,Airport,University,2.65,78.7,Credit Card,Completed
R04199,C0262,D0303,2026-07-10 11:14:04.350481,2026-07-10 12:26:04.350481,Railway Station,IT Park,9.33,213.94,Debit Card,Cancelled
R04200,C0567,D0324,2026-04-23 17:26:04.350520,2026-04-23 18:55:04.350520,Bus Stand,Hospital,22.3,470.4,Debit Card,Completed
R04201,C0683,D0326,2025-10-14 12:26:04.350559,2025-10-14 12:45:04.350559,Metro Station,Bus Stand,24.98,543.64,Credit Card,Cancelled
R04202,C0557,D0039,2025-10-02 07:36:04.350594,2025-10-02 08:29:04.350594,Bus Stand,Bus Stand,10.55,276.9,Debit Card,Cancelled
R04203,C0385,D0142,2025-08-17 23:11:04.350633,2025-08-17 23:25:04.350633,University,City Center,3.71,120.78,UPI,Cancelled
R04204,C0463,D0006,2026-04-09 04:04:04.350672,2026-04-09 04:23:04.350672,University,Mall,28.81,584.58,UPI,Completed
R04205,C0333,D0257,2025-12-03 23:05:04.350711,2025-12-03 23:52:04.350711,Metro Station,Mall,29.71,619.78,UPI,Cancelled
R04206,C0274,D0405,2026-03-19 05:36:04.350750,2026-03-19 06:57:04.350750,Railway Station,Residential Area,20.95,412.1,Debit Card,Cancelled
R04207,C0003,D0380,2026-05-06 01:22:04.350788,2026-05-06 02:07:04.350788,Mall,Bus Stand,13.73,304.14,Credit Card,Completed
R04208,C0212,D0356,2026-04-13 06:48:04.350831,2026-04-13 07:58:04.350831,Metro Station,Hospital,24.48,520.64,Debit Card,Cancelled
R04209,C0121,D0082,2025-08-06 20:34:04.350869,2025-08-06 21:56:04.350869,University,Airport,14.61,284.98,Debit Card,Completed
R04210,C0482,D0021,2026-05-05 03:28:04.350907,2026-05-05 04:49:04.350907,Bus Stand,Residential Area,21.29,425.22,Cash,Completed
R04211,C0408,D0413,2026-04-30 03:42:04.350942,2026-04-30 04:47:04.350942,Metro Station,Mall,21.51,473.18,UPI,Completed
R04212,C0588,D0385,2026-01-07 03:32:04.350980,2026-01-07 04:48:04.350980,University,Railway Station,8.78,235.04,Debit Card,Cancelled
R04213,C0153,D0193,2026-01-15 05:37:04.351030,2026-01-15 06:37:04.351030,Bus Stand,University,13.98,329.64,Cash,Cancelled
R04214,C0962,D0078,2026-05-04 17:11:04.351072,2026-05-04 18:13:04.351072,Hospital,Metro Station,27.23,512.14,Debit Card,Cancelled
R04215,C0667,D0383,2025-08-21 10:38:04.351112,2025-08-21 10:58:04.351112,IT Park,City Center,7.58,175.44,Credit Card,Completed
R04216,C0449,D0124,2025-08-26 11:10:04.351154,2025-08-26 12:03:04.351154,Residential Area,IT Park,26.33,504.94,Cash,Completed
R04217,C0334,D0121,2025-09-07 02:08:04.351192,2025-09-07 02:34:04.351192,Hospital,University,24.51,519.18,Cash,Cancelled
R04218,C0437,D0067,2026-04-23 01:34:04.351253,2026-04-23 02:40:04.351253,Mall,Airport,7.61,214.98,Cash,Cancelled
R04219,C0142,D0063,2025-12-31 00:14:04.351297,2025-12-31 00:38:04.351297,Hospital,Residential Area,7.05,213.9,Debit Card,Cancelled
R04220,C0595,D0360,2025-10-20 17:08:04.351335,2025-10-20 18:05:04.351335,Mall,Railway Station,27.17,574.06,Cash,Completed
R04221,C0677,D0455,2025-09-23 08:18:04.351373,2025-09-23 08:53:04.351373,Bus Stand,Hospital,13.68,328.24,Cash,Cancelled
R04222,C0301,D0019,2026-03-31 15:54:04.351409,2026-03-31 16:53:04.351409,Metro Station,Railway Station,11.05,293.9,Debit Card,Cancelled
R04223,C0138,D0377,2025-11-05 17:48:04.351446,2025-11-05 18:07:04.351446,University,City Center,17.55,391.9,Debit Card,Cancelled
R04224,C0275,D0450,2025-12-21 16:33:04.351484,2025-12-21 16:58:04.351484,Hospital,Railway Station,24.96,523.28,Debit Card,Cancelled
R04225,C0050,D0438,2025-11-10 18:25:04.351521,2025-11-10 19:28:04.351521,IT Park,University,15.81,374.58,UPI,Completed
R04226,C0637,D0217,2026-02-24 23:36:04.351569,2026-02-24 23:58:04.351569,IT Park,Mall,8.88,211.84,Credit Card,Cancelled
R04227,C0015,D0088,2026-04-22 20:39:04.351606,2026-04-22 21:06:04.351606,Residential Area,City Center,21.43,484.74,Debit Card,Cancelled
R04228,C0067,D0416,2026-06-11 03:30:04.351650,2026-06-11 03:59:04.351650,Airport,Residential Area,25.35,494.3,Debit Card,Cancelled
R04229,C0261,D0110,2026-05-22 19:59:04.351693,2026-05-22 20:40:04.351693,IT Park,Residential Area,20.03,445.54,Cash,Cancelled
R04230,C0373,D0404,2025-11-26 22:31:04.351733,2025-11-26 22:56:04.351733,Airport,Bus Stand,23.73,492.14,UPI,Completed
R04231,C0353,D0106,2026-03-06 12:17:04.351772,2026-03-06 12:54:04.351772,Airport,Airport,20.87,448.66,Cash,Cancelled
R04232,C0970,D0419,2026-04-12 00:48:04.351811,2026-04-12 02:11:04.351811,Bus Stand,Mall,11.24,282.32,UPI,Cancelled
R04233,C0117,D0218,2026-03-19 15:59:04.351853,2026-03-19 16:52:04.351853,Bus Stand,Bus Stand,22.06,463.08,Cash,Completed
R04234,C0846,D0345,2026-04-16 19:16:04.351892,2026-04-16 20:09:04.351892,University,Bus Stand,16.31,321.58,Credit Card,Completed
R04235,C0231,D0096,2026-05-11 19:00:04.351932,2026-05-11 19:52:04.351932,Airport,Hospital,9.65,251.7,UPI,Cancelled
R04236,C0172,D0036,2026-06-14 09:41:04.351972,2026-06-14 10:43:04.351972,Metro Station,Mall,28.07,526.26,Credit Card,Completed
R04237,C0447,D0081,2025-11-28 09:38:04.352011,2025-11-28 10:51:04.352011,University,Railway Station,13.46,313.28,Debit Card,Cancelled
R04238,C0607,D0411,2026-05-20 15:00:04.352075,2026-05-20 16:01:04.352075,Hospital,Railway Station,13.36,267.48,Cash,Completed
R04239,C0158,D0063,2026-02-23 00:30:04.352115,2026-02-23 00:51:04.352115,Mall,Residential Area,4.0,99.0,UPI,Completed
R04240,C0420,D0071,2025-09-01 06:15:04.352153,2025-09-01 06:26:04.352153,City Center,Residential Area,23.15,468.7,UPI,Cancelled
R04241,C0947,D0290,2025-10-18 14:12:04.352191,2025-10-18 14:51:04.352191,Railway Station,IT Park,20.61,412.98,Debit Card,Completed
R04242,C0222,D0327,2026-03-02 09:42:04.352247,2026-03-02 10:56:04.352247,Mall,Mall,6.48,205.64,UPI,Cancelled
R04243,C0951,D0336,2025-09-28 05:18:04.352287,2025-09-28 06:31:04.352287,City Center,Airport,28.99,592.82,Credit Card,Completed
R04244,C0521,D0371,2026-02-07 17:36:04.352325,2026-02-07 18:30:04.352325,IT Park,University,21.12,446.16,Debit Card,Cancelled
R04245,C0946,D0052,2026-07-27 19:31:04.352363,2026-07-27 20:49:04.352363,City Center,Airport,16.99,349.82,Credit Card,Completed
R04246,C0480,D0188,2026-02-11 23:07:04.352401,2026-02-11 23:49:04.352401,University,City Center,4.29,122.22,UPI,Cancelled
R04247,C0383,D0285,2026-07-12 05:10:04.352440,2026-07-12 06:39:04.352440,Railway Station,Metro Station,4.09,97.62,Credit Card,Cancelled
R04248,C0724,D0093,2026-02-23 16:49:04.352482,2026-02-23 17:50:04.352482,Airport,Metro Station,25.75,505.5,Debit Card,Cancelled
R04249,C0857,D0415,2025-09-14 21:35:04.352521,2025-09-14 21:55:04.352521,Bus Stand,Airport,6.46,164.28,Debit Card,Completed
R04250,C0613,D0321,2026-04-29 05:55:04.352561,2026-04-29 06:53:04.352561,Hospital,Metro Station,11.3,273.4,UPI,Cancelled
R04251,C0105,D0466,2026-04-17 12:02:04.352598,2026-04-17 12:44:04.352598,IT Park,Railway Station,20.44,421.92,Debit Card,Cancelled
R04252,C0837,D0013,2026-05-28 11:38:04.352638,2026-05-28 12:04:04.352638,City Center,University,28.11,601.98,Debit Card,Cancelled
R04253,C0108,D0166,2026-01-03 05:03:04.352678,2026-01-03 05:40:04.352678,Hospital,Mall,20.78,410.04,Cash,Completed
R04254,C0959,D0292,2025-09-24 00:23:04.352723,2025-09-24 00:55:04.352723,City Center,Airport,13.46,342.28,UPI,Cancelled
R04255,C0237,D0421,2026-04-25 10:38:04.352763,2026-04-25 10:52:04.352763,Bus Stand,University,22.44,465.92,UPI,Cancelled
R04256,C0526,D0270,2026-03-06 04:11:04.352801,2026-03-06 05:06:04.352801,Hospital,Bus Stand,25.41,526.38,Debit Card,Cancelled
R04257,C0027,D0345,2026-01-05 13:49:04.352836,2026-01-05 14:03:04.352836,IT Park,Railway Station,26.97,515.46,Cash,Completed
R04258,C0315,D0224,2025-12-25 18:40:04.352880,2025-12-25 18:51:04.352880,University,Mall,17.45,378.1,UPI,Completed
R04259,C0247,D0022,2026-05-09 01:07:04.352921,2026-05-09 02:28:04.352921,Mall,Mall,16.78,393.04,Cash,Completed
R04260,C0762,D0313,2025-08-24 03:24:04.352961,2025-08-24 04:08:04.352961,Railway Station,University,9.19,244.42,Credit Card,Completed
R04261,C0093,D0160,2025-12-02 20:36:04.352997,2025-12-02 20:57:04.352997,City Center,Bus Stand,14.97,341.46,Cash,Completed
R04262,C0301,D0425,2025-09-12 15:05:04.353045,2025-09-12 15:44:04.353045,Mall,IT Park,17.8,414.4,Credit Card,Completed
R04263,C0033,D0200,2025-09-17 01:00:04.353091,2025-09-17 02:08:04.353091,Hospital,Bus Stand,21.56,461.08,Cash,Completed
R04264,C0775,D0004,2025-12-07 20:52:04.353131,2025-12-07 21:56:04.353131,Residential Area,Metro Station,2.93,143.74,Cash,Completed
R04265,C0863,D0431,2025-12-04 00:22:04.353171,2025-12-04 00:48:04.353171,Residential Area,City Center,8.3,207.4,Cash,Cancelled
R04266,C0449,D0039,2026-03-05 20:14:04.355238,2026-03-05 20:45:04.355238,University,Airport,13.16,276.88,Credit Card,Cancelled
R04267,C0326,D0290,2026-07-03 14:51:04.355332,2026-07-03 16:05:04.355332,Residential Area,Hospital,10.4,264.2,Credit Card,Completed
R04268,C0680,D0133,2026-02-06 02:08:04.355391,2026-02-06 02:21:04.355391,Mall,City Center,8.05,166.9,UPI,Completed
R04269,C0718,D0109,2026-03-19 08:03:04.355439,2026-03-19 09:23:04.355439,Residential Area,City Center,22.75,458.5,Credit Card,Cancelled
R04270,C0676,D0427,2025-10-24 00:22:04.355483,2025-10-24 01:40:04.355483,Bus Stand,City Center,25.81,506.58,UPI,Cancelled
R04271,C0835,D0376,2026-02-09 01:03:04.355524,2026-02-09 02:26:04.355524,Hospital,Mall,24.77,477.86,UPI,Completed
R04272,C0655,D0220,2026-07-24 01:56:04.355564,2026-07-24 02:58:04.355564,Bus Stand,Residential Area,23.59,447.62,UPI,Cancelled
R04273,C0927,D0477,2025-08-02 21:38:04.355604,2025-08-02 22:18:04.355604,Airport,IT Park,20.08,420.44,UPI,Cancelled
R04274,C0459,D0199,2026-05-27 17:33:04.355645,2026-05-27 18:26:04.355645,Metro Station,IT Park,7.72,192.96,Debit Card,Completed
R04275,C0613,D0329,2026-01-04 06:14:04.355686,2026-01-04 07:42:04.355686,Railway Station,Hospital,3.23,107.14,UPI,Completed
R04276,C0969,D0010,2025-11-13 05:33:04.355725,2025-11-13 06:40:04.355725,Metro Station,Mall,24.9,535.2,Debit Card,Completed
R04277,C0221,D0360,2026-07-25 00:08:04.355767,2026-07-25 00:28:04.355767,Hospital,IT Park,8.56,214.08,Debit Card,Completed
R04278,C0883,D0368,2025-09-21 10:37:04.355817,2025-09-21 11:11:04.355817,IT Park,Hospital,8.02,222.36,Credit Card,Completed
R04279,C0444,D0353,2026-05-21 03:50:04.355860,2026-05-21 05:19:04.355860,Mall,Mall,5.73,159.14,Debit Card,Completed
R04280,C0711,D0303,2025-12-31 11:38:04.355899,2025-12-31 12:58:04.355899,Bus Stand,University,11.33,239.94,Credit Card,Cancelled
R04281,C0053,D0206,2026-03-31 05:03:04.355939,2026-03-31 06:11:04.355939,Residential Area,Airport,14.44,340.92,UPI,Cancelled
R04282,C0202,D0081,2026-02-16 18:45:04.355986,2026-02-16 19:30:04.355986,Airport,Railway Station,20.75,472.5,UPI,Cancelled
R04283,C0513,D0400,2025-08-14 00:55:04.356037,2025-08-14 01:49:04.356037,Airport,Hospital,8.03,235.54,Credit Card,Completed
R04284,C0625,D0089,2026-01-08 13:58:04.356078,2026-01-08 14:16:04.356078,City Center,Hospital,8.44,226.92,Debit Card,Cancelled
R04285,C0543,D0157,2026-03-01 16:01:04.356113,2026-03-01 16:39:04.356113,University,Railway Station,15.18,305.24,Cash,Cancelled
R04286,C0078,D0452,2026-04-03 15:22:04.356151,2026-04-03 16:04:04.356151,Residential Area,IT Park,22.21,487.78,Cash,Completed
R04287,C0542,D0422,2025-10-29 03:32:04.356189,2025-10-29 03:52:04.356189,Metro Station,Residential Area,8.34,194.12,Credit Card,Cancelled
R04288,C0756,D0229,2026-04-07 00:52:04.356253,2026-04-07 02:09:04.356253,University,Metro Station,10.35,249.3,Cash,Cancelled
R04289,C0263,D0472,2025-10-23 19:00:04.356295,2025-10-23 20:11:04.356295,Railway Station,Mall,25.8,508.4,Credit Card,Cancelled
R04290,C0635,D0171,2025-12-13 17:36:04.356335,2025-12-13 17:53:04.356335,City Center,University,20.83,469.94,Debit Card,Cancelled
R04291,C0007,D0181,2026-01-15 12:54:04.356373,2026-01-15 14:20:04.356373,Mall,Mall,5.42,117.56,Debit Card,Cancelled
R04292,C0619,D0221,2025-11-22 08:18:04.356412,2025-11-22 09:10:04.356412,University,IT Park,26.8,502.4,Cash,Completed
R04293,C0273,D0393,2025-10-12 20:42:04.356452,2025-10-12 21:43:04.356452,Residential Area,City Center,2.22,119.96,Credit Card,Cancelled
R04294,C0389,D0062,2026-02-18 04:03:04.356490,2026-02-18 05:06:04.356490,Mall,Metro Station,24.07,533.26,Debit Card,Completed
R04295,C0670,D0188,2026-06-24 19:09:04.356526,2026-06-24 20:15:04.356526,University,Residential Area,28.28,574.04,Credit Card,Completed
R04296,C0452,D0145,2026-07-04 09:21:04.356565,2026-07-04 09:40:04.356565,Metro Station,Railway Station,24.04,498.72,Cash,Cancelled
R04297,C0513,D0196,2026-05-22 03:11:04.356603,2026-05-22 04:13:04.356603,Residential Area,Railway Station,20.39,395.02,Debit Card,Cancelled
R04298,C0256,D0188,2026-07-24 09:54:04.356648,2026-07-24 10:37:04.356648,Mall,Metro Station,10.87,281.66,Debit Card,Completed
R04299,C0828,D0088,2026-05-22 14:51:04.356691,2026-05-22 15:39:04.356691,Railway Station,Mall,27.27,525.86,Cash,Completed
R04300,C0318,D0478,2025-10-12 18:30:04.356730,2025-10-12 19:41:04.356730,IT Park,Metro Station,13.25,283.5,Credit Card,Completed
R04301,C0092,D0043,2025-09-06 10:43:04.356774,2025-09-06 11:55:04.356774,City Center,Airport,18.26,410.68,UPI,Cancelled
R04302,C0383,D0475,2026-06-02 04:18:04.356820,2026-06-02 04:54:04.356820,Hospital,City Center,21.07,476.26,Debit Card,Cancelled
R04303,C0968,D0050,2025-08-06 16:15:04.356862,2025-08-06 17:23:04.356862,University,Airport,9.88,263.84,Cash,Cancelled
R04304,C0604,D0055,2025-12-11 03:40:04.356901,2025-12-11 05:03:04.356901,IT Park,IT Park,24.65,483.7,Debit Card,Cancelled
R04305,C0355,D0219,2026-01-30 01:09:04.356950,2026-01-30 01:20:04.356950,University,Hospital,25.96,562.28,Debit Card,Cancelled
R04306,C0693,D0014,2026-06-07 18:41:04.356993,2026-06-07 19:56:04.356993,Residential Area,Mall,8.23,243.14,UPI,Cancelled
R04307,C0183,D0066,2025-12-04 20:03:04.357042,2025-12-04 20:37:04.357042,Railway Station,Railway Station,21.59,474.62,Credit Card,Cancelled
R04308,C0505,D0051,2026-05-28 15:08:04.357088,2026-05-28 15:36:04.357088,Airport,Bus Stand,19.92,406.56,Credit Card,Cancelled
R04309,C0466,D0150,2026-02-28 10:30:04.357129,2026-02-28 10:41:04.357129,Mall,City Center,15.38,334.84,Debit Card,Completed
R04310,C0835,D0003,2025-12-02 20:44:04.357170,2025-12-02 21:41:04.357170,Hospital,University,22.08,439.44,Debit Card,Cancelled
R04311,C0206,D0414,2025-09-27 14:44:04.359259,2025-09-27 15:53:04.359259,IT Park,Hospital,7.27,161.86,Credit Card,Completed
R04312,C0018,D0310,2026-08-02 01:26:04.359337,2026-08-02 02:47:04.359337,University,Hospital,10.11,233.98,Debit Card,Cancelled
R04313,C0424,D0283,2026-01-22 13:22:04.359387,2026-01-22 13:49:04.359387,Residential Area,Metro Station,10.37,233.66,UPI,Cancelled
R04314,C0432,D0341,2025-11-13 02:21:04.359428,2025-11-13 03:28:04.359428,Mall,IT Park,28.56,570.08,UPI,Cancelled
R04315,C0926,D0496,2025-12-02 10:27:04.359468,2025-12-02 11:21:04.359468,Airport,Residential Area,14.16,332.88,Credit Card,Cancelled
R04316,C0027,D0164,2025-10-24 13:04:04.359507,2025-10-24 13:17:04.359507,Metro Station,University,20.35,464.3,Credit Card,Completed
R04317,C0789,D0105,2025-08-17 06:39:04.359549,2025-08-17 07:21:04.359549,IT Park,Residential Area,2.95,139.1,Debit Card,Cancelled
R04318,C0600,D0083,2026-02-22 04:51:04.359598,2026-02-22 06:04:04.359598,Residential Area,Airport,7.21,215.78,Debit Card,Completed
R04319,C0169,D0029,2026-05-26 02:50:04.359640,2026-05-26 03:41:04.359640,IT Park,Metro Station,28.4,608.2,Credit Card,Cancelled
R04320,C0731,D0141,2025-12-26 02:24:04.359679,2025-12-26 03:13:04.359679,Mall,University,13.81,322.58,UPI,Cancelled
R04321,C0759,D0216,2026-05-06 16:39:04.359719,2026-05-06 17:02:04.359719,City Center,Railway Station,15.15,339.7,Cash,Completed
R04322,C0586,D0164,2025-11-13 12:57:04.359758,2025-11-13 13:57:04.359758,IT Park,Bus Stand,18.78,407.04,Debit Card,Completed
R04323,C0038,D0082,2026-02-19 13:02:04.359797,2026-02-19 13:51:04.359797,City Center,Mall,9.36,193.48,Debit Card,Completed
R04324,C0096,D0294,2026-02-08 14:27:04.359834,2026-02-08 14:47:04.359834,Residential Area,City Center,13.13,285.34,UPI,Completed
R04325,C0036,D0359,2026-02-28 08:35:04.359872,2026-02-28 09:17:04.359872,Mall,Airport,14.61,313.98,UPI,Cancelled
R04326,C0330,D0245,2025-10-11 00:06:04.359917,2025-10-11 00:36:04.359917,Mall,Metro Station,22.74,491.32,Credit Card,Completed
R04327,C0165,D0039,2026-02-26 07:48:04.359956,2026-02-26 08:28:04.359956,IT Park,Metro Station,4.81,157.58,Credit Card,Completed
R04328,C0079,D0203,2025-08-27 04:13:04.360000,2025-08-27 04:52:04.360000,Hospital,Bus Stand,19.46,382.28,Debit Card,Completed
R04329,C0672,D0328,2025-09-11 03:39:04.360056,2025-09-11 04:10:04.360056,Mall,Airport,16.43,360.74,Credit Card,Cancelled
R04330,C0451,D0482,2026-06-15 06:58:04.360098,2026-06-15 07:24:04.360098,Bus Stand,IT Park,25.8,563.4,Debit Card,Cancelled
R04331,C0593,D0428,2025-11-08 03:02:04.360138,2025-11-08 04:16:04.360138,Mall,University,8.77,183.86,UPI,Completed
R04332,C0373,D0248,2026-01-23 04:57:04.360177,2026-01-23 06:17:04.360177,City Center,University,14.48,360.64,Credit Card,Completed
R04333,C0020,D0009,2025-10-28 03:15:04.360233,2025-10-28 04:16:04.360233,Metro Station,University,8.22,237.96,UPI,Cancelled
R04334,C0533,D0255,2026-01-17 19:30:04.360273,2026-01-17 20:35:04.360273,Railway Station,Metro Station,29.78,571.04,Debit Card,Completed
R04335,C0737,D0369,2025-09-25 13:00:04.360314,2025-09-25 13:45:04.360314,Bus Stand,Mall,19.64,422.52,Cash,Completed
R04336,C0143,D0035,2025-08-03 20:07:04.360353,2025-08-03 20:55:04.360353,University,IT Park,6.25,140.5,Cash,Cancelled
R04337,C0722,D0019,2026-01-23 09:09:04.360393,2026-01-23 09:24:04.360393,Bus Stand,Residential Area,16.13,317.34,UPI,Cancelled
R04338,C0090,D0436,2025-08-04 04:35:04.360439,2025-08-04 05:26:04.360439,Airport,Mall,9.04,239.72,Debit Card,Cancelled
R04339,C0995,D0018,2026-05-21 11:51:04.360489,2026-05-21 12:12:04.360489,Bus Stand,IT Park,18.13,406.34,UPI,Cancelled
R04340,C0287,D0349,2026-05-19 05:36:04.360530,2026-05-19 06:32:04.360530,Hospital,Bus Stand,29.52,582.36,Credit Card,Cancelled
R04341,C0651,D0028,2026-06-02 04:39:04.360569,2026-06-02 05:02:04.360569,Metro Station,Railway Station,11.36,227.48,Credit Card,Cancelled
R04342,C0249,D0214,2025-09-29 12:54:04.360608,2025-09-29 13:47:04.360608,IT Park,Airport,13.41,311.38,UPI,Completed
R04343,C0075,D0410,2025-08-11 18:14:04.360650,2025-08-11 18:42:04.360650,Hospital,Residential Area,29.5,618.0,Debit Card,Cancelled
R04344,C0113,D0289,2025-12-08 23:47:04.360690,2025-12-09 00:59:04.360690,Railway Station,University,15.04,292.72,Credit Card,Completed
R04345,C0475,D0301,2026-06-13 08:31:04.360730,2026-06-13 09:08:04.360730,University,Railway Station,23.45,493.1,UPI,Cancelled
R04346,C0812,D0409,2026-05-14 01:52:04.360770,2026-05-14 03:13:04.360770,Airport,Residential Area,22.15,433.7,Debit Card,Completed
R04347,C0788,D0471,2025-09-15 19:18:04.360811,2025-09-15 20:41:04.360811,Railway Station,Railway Station,23.46,485.28,UPI,Completed
R04348,C0210,D0353,2025-11-26 08:55:04.360856,2025-11-26 09:40:04.360856,Railway Station,Railway Station,4.72,145.96,Cash,Completed
R04349,C0212,D0245,2026-04-24 02:36:04.360899,2026-04-24 02:51:04.360899,IT Park,University,5.7,122.6,UPI,Cancelled
R04350,C0672,D0304,2025-11-01 02:52:04.360939,2025-11-01 03:08:04.360939,Airport,IT Park,3.4,90.2,Cash,Cancelled
R04351,C0052,D0184,2026-03-13 12:47:04.360979,2026-03-13 13:54:04.360979,Hospital,Residential Area,8.98,239.64,Credit Card,Cancelled
R04352,C0865,D0090,2025-10-24 18:08:04.361031,2025-10-24 19:19:04.361031,Metro Station,Hospital,14.09,321.62,Cash,Completed
R04353,C0633,D0021,2026-04-14 14:35:04.361072,2026-04-14 15:49:04.361072,Bus Stand,Bus Stand,12.14,293.52,Debit Card,Completed
R04354,C0636,D0234,2025-08-09 17:02:04.361109,2025-08-09 18:08:04.361109,Residential Area,Railway Station,8.64,243.52,UPI,Cancelled
R04355,C0083,D0459,2026-07-10 23:22:04.361146,2026-07-11 00:00:04.361146,Mall,Railway Station,19.96,394.28,UPI,Completed
R04356,C0371,D0176,2026-06-14 16:16:04.361185,2026-06-14 17:28:04.361185,Residential Area,City Center,10.79,252.22,Credit Card,Completed
R04357,C0783,D0228,2025-09-25 17:18:04.361241,2025-09-25 18:41:04.361241,Hospital,Mall,29.09,574.62,Debit Card,Cancelled
R04358,C0779,D0478,2025-11-28 14:20:04.361289,2025-11-28 15:45:04.361289,Railway Station,City Center,4.37,130.66,Credit Card,Cancelled
R04359,C0214,D0008,2026-06-24 00:07:04.361329,2026-06-24 00:50:04.361329,City Center,IT Park,27.22,530.96,Credit Card,Cancelled
R04360,C0426,D0041,2025-12-11 06:34:04.361369,2025-12-11 06:55:04.361369,Railway Station,Airport,3.02,119.36,Credit Card,Cancelled
R04361,C0091,D0245,2026-04-11 21:46:04.361409,2026-04-11 22:28:04.361409,IT Park,University,27.92,562.56,Credit Card,Cancelled
R04362,C0220,D0198,2026-06-28 06:53:04.361449,2026-06-28 07:34:04.361449,City Center,Hospital,4.79,107.22,Cash,Completed
R04363,C0174,D0399,2026-01-25 20:35:04.361488,2026-01-25 21:56:04.361488,City Center,Residential Area,7.96,199.28,UPI,Completed
R04364,C0228,D0102,2026-04-13 23:01:04.361527,2026-04-13 23:16:04.361527,City Center,Mall,4.03,159.54,Credit Card,Cancelled
R04365,C0390,D0006,2026-04-24 02:19:04.361567,2026-04-24 02:38:04.361567,Hospital,University,8.89,254.02,UPI,Completed
R04366,C0534,D0141,2026-03-27 15:37:04.361614,2026-03-27 16:53:04.361614,Metro Station,Railway Station,13.83,288.94,Cash,Cancelled
R04367,C0497,D0048,2026-03-21 04:27:04.361661,2026-03-21 04:52:04.361661,Mall,Bus Stand,13.9,283.2,UPI,Completed
R04368,C0316,D0287,2026-07-05 05:14:04.361704,2026-07-05 06:01:04.361704,Railway Station,Railway Station,27.95,534.1,Cash,Completed
R04369,C0989,D0494,2025-11-17 19:28:04.361746,2025-11-17 20:44:04.361746,University,City Center,11.07,299.26,Credit Card,Completed
R04370,C0327,D0002,2025-10-09 17:59:04.361789,2025-10-09 18:30:04.361789,University,Hospital,14.34,286.12,Debit Card,Cancelled
R04371,C0092,D0009,2025-08-18 09:01:04.361830,2025-08-18 09:33:04.361830,Metro Station,IT Park,8.72,252.96,UPI,Cancelled
R04372,C0146,D0054,2025-08-27 16:18:04.361870,2025-08-27 16:59:04.361870,Residential Area,Hospital,5.95,184.1,Debit Card,Cancelled
R04373,C0690,D0483,2025-10-06 02:02:04.361912,2025-10-06 03:04:04.361912,IT Park,Bus Stand,28.48,575.64,Debit Card,Completed
R04374,C0234,D0177,2025-12-08 16:13:04.361952,2025-12-08 17:34:04.361952,Metro Station,Bus Stand,22.21,494.78,UPI,Completed
R04375,C0734,D0066,2026-02-27 06:31:04.361992,2026-02-27 07:56:04.361992,Airport,University,29.59,632.62,Credit Card,Completed
R04376,C0937,D0390,2026-05-14 02:03:04.362042,2026-05-14 02:56:04.362042,IT Park,Hospital,8.04,205.72,Cash,Completed
R04377,C0326,D0317,2025-10-23 19:22:04.362084,2025-10-23 20:10:04.362084,Metro Station,Railway Station,6.7,213.6,Debit Card,Cancelled
R04378,C0710,D0220,2025-09-17 10:26:04.362129,2025-09-17 11:22:04.362129,IT Park,Metro Station,21.27,415.86,Debit Card,Cancelled
R04379,C0030,D0456,2026-05-29 14:20:04.362169,2026-05-29 15:50:04.362169,Mall,IT Park,15.88,319.84,Cash,Cancelled
R04380,C0141,D0368,2026-07-21 03:57:04.366231,2026-07-21 05:08:04.366231,IT Park,University,15.36,332.48,UPI,Completed
R04381,C0602,D0133,2025-08-02 15:53:04.366328,2025-08-02 16:44:04.366328,University,Mall,5.88,195.84,UPI,Cancelled
R04382,C0080,D0307,2026-02-26 18:52:04.366378,2026-02-26 19:02:04.366378,Bus Stand,Metro Station,8.0,169.0,UPI,Cancelled
R04383,C0280,D0447,2025-09-02 03:04:04.366423,2025-09-02 04:02:04.366423,Hospital,IT Park,14.64,353.52,Debit Card,Cancelled
R04384,C0931,D0495,2026-06-24 08:44:04.366466,2026-06-24 09:33:04.366466,Hospital,Mall,9.16,191.88,Cash,Completed
R04385,C0437,D0128,2026-02-25 18:08:04.366506,2026-02-25 18:26:04.366506,IT Park,Bus Stand,19.36,419.48,Debit Card,Completed
R04386,C0868,D0168,2026-06-27 04:06:04.366546,2026-06-27 04:24:04.366546,Residential Area,University,25.49,554.82,UPI,Cancelled
R04387,C0781,D0340,2026-06-04 19:56:04.366587,2026-06-04 21:04:04.366587,Mall,Residential Area,9.39,265.02,Credit Card,Completed
R04388,C0997,D0070,2025-12-07 04:00:04.366634,2025-12-07 04:37:04.366634,Metro Station,Mall,11.06,299.08,Debit Card,Completed
R04389,C0322,D0310,2026-07-09 17:48:04.366674,2026-07-09 18:46:04.366674,Airport,Mall,12.49,321.82,Debit Card,Cancelled
R04390,C0664,D0039,2025-11-03 15:54:04.366717,2025-11-03 17:15:04.366717,University,City Center,12.42,301.56,Credit Card,Completed
R04391,C0571,D0223,2026-05-05 19:44:04.366757,2026-05-05 20:54:04.366757,City Center,Mall,3.51,109.18,Debit Card,Cancelled
R04392,C0842,D0026,2025-08-14 14:37:04.366796,2025-08-14 15:17:04.366796,Railway Station,Mall,25.17,504.06,UPI,Cancelled
R04393,C0676,D0070,2026-03-30 01:50:04.366836,2026-03-30 02:13:04.366836,Residential Area,City Center,22.67,461.06,Credit Card,Cancelled
R04394,C0892,D0465,2025-08-18 16:26:04.366875,2025-08-18 17:47:04.366875,Mall,University,10.1,278.8,UPI,Cancelled
R04395,C0715,D0377,2025-11-19 04:40:04.366915,2025-11-19 05:53:04.366915,Mall,City Center,26.77,501.86,Credit Card,Cancelled
R04396,C0990,D0106,2026-03-21 17:04:04.366965,2026-03-21 18:18:04.366965,Railway Station,Metro Station,6.79,169.22,Cash,Completed
R04397,C0937,D0450,2026-02-26 11:15:04.367005,2026-02-26 11:49:04.367005,University,Residential Area,4.07,149.26,UPI,Completed
R04398,C0482,D0469,2026-03-04 23:21:04.367054,2026-03-04 23:59:04.367054,Residential Area,Railway Station,14.01,274.18,UPI,Cancelled
R04399,C0815,D0029,2026-02-23 13:12:04.367093,2026-02-23 13:23:04.367093,Mall,Hospital,10.46,260.28,Credit Card,Completed
R04400,C0254,D0262,2026-05-31 09:11:04.367132,2026-05-31 09:42:04.367132,Bus Stand,Metro Station,5.67,165.06,UPI,Cancelled
R04401,C0302,D0226,2026-05-05 12:03:04.367172,2026-05-05 13:18:04.367172,City Center,Residential Area,11.04,252.72,Cash,Cancelled
R04402,C0530,D0430,2025-09-16 00:24:04.367223,2025-09-16 01:16:04.367223,IT Park,Railway Station,13.3,302.4,UPI,Completed
R04403,C0829,D0452,2025-09-26 03:37:04.367264,2025-09-26 03:48:04.367264,City Center,Residential Area,2.36,142.48,Debit Card,Cancelled
R04404,C0986,D0260,2025-08-10 18:41:04.367302,2025-08-10 19:30:04.367302,Metro Station,City Center,18.57,380.26,Cash,Completed
R04405,C0559,D0257,2026-03-22 05:43:04.367338,2026-03-22 07:13:04.367338,University,University,20.01,459.18,Cash,Completed
R04406,C0383,D0174,2026-02-15 12:52:04.367376,2026-02-15 13:52:04.367376,University,Hospital,24.96,541.28,Cash,Cancelled
R04407,C0556,D0279,2026-06-17 19:27:04.367414,2026-06-17 20:09:04.367414,City Center,Railway Station,18.73,360.14,UPI,Completed
R04408,C0115,D0196,2025-12-10 00:13:04.367457,2025-12-10 00:33:04.367457,Metro Station,Hospital,6.34,201.12,UPI,Cancelled
R04409,C0352,D0147,2025-11-17 13:12:04.367498,2025-11-17 14:37:04.367498,Residential Area,City Center,4.08,106.44,Debit Card,Cancelled
R04410,C0928,D0483,2026-01-26 05:37:04.367537,2026-01-26 06:03:04.367537,University,City Center,6.13,210.34,Debit Card,Cancelled
R04411,C0503,D0148,2025-12-07 01:42:04.367575,2025-12-07 02:11:04.367575,Metro Station,IT Park,14.19,329.42,Cash,Completed
R04412,C0897,D0334,2026-06-08 14:25:04.367612,2026-06-08 15:23:04.367612,University,City Center,11.38,241.84,Debit Card,Completed
R04413,C0352,D0446,2025-11-12 02:23:04.367649,2025-11-12 02:55:04.367649,Metro Station,Airport,25.07,518.26,Debit Card,Completed
R04414,C0073,D0149,2025-08-11 06:58:04.367687,2025-08-11 08:25:04.367687,University,City Center,4.34,121.12,Debit Card,Completed
R04415,C0248,D0214,2025-08-18 13:01:04.367725,2025-08-18 13:27:04.367725,University,Hospital,25.97,495.46,Cash,Completed
R04416,C0285,D0238,2026-03-29 03:40:04.367764,2026-03-29 04:52:04.367764,IT Park,City Center,13.42,278.56,Cash,Completed
R04417,C0208,D0008,2025-10-22 05:27:04.367805,2025-10-22 06:27:04.367805,Railway Station,Bus Stand,14.53,350.54,Cash,Completed
R04418,C0519,D0264,2026-01-26 01:52:04.367851,2026-01-26 02:04:04.367851,Airport,University,2.61,70.98,UPI,Completed
R04419,C0136,D0389,2026-04-24 21:38:04.367891,2026-04-24 21:53:04.367891,IT Park,Hospital,10.77,266.86,UPI,Cancelled
R04420,C0214,D0077,2025-10-31 10:19:04.367930,2025-10-31 10:55:04.367930,Metro Station,Railway Station,6.58,194.44,UPI,Completed
R04421,C0574,D0191,2026-06-04 03:07:04.367968,2026-06-04 03:49:04.367968,Mall,University,26.69,547.42,Debit Card,Cancelled
R04422,C0124,D0028,2025-12-17 06:57:04.368006,2025-12-17 07:19:04.368006,Hospital,Bus Stand,9.53,195.54,Credit Card,Completed
R04423,C0536,D0017,2026-03-27 10:32:04.368057,2026-03-27 11:43:04.368057,Mall,Airport,11.13,223.34,Debit Card,Completed
R04424,C0272,D0387,2025-11-28 11:24:04.368129,2025-11-28 12:24:04.368129,IT Park,Mall,14.04,339.72,Debit Card,Completed
R04425,C0263,D0489,2026-01-14 19:35:04.368169,2026-01-14 20:23:04.368169,City Center,Metro Station,21.36,443.48,Debit Card,Cancelled
R04426,C0338,D0313,2026-03-03 21:35:04.368207,2026-03-03 23:00:04.368207,IT Park,Mall,24.07,486.26,UPI,Cancelled
R04427,C0691,D0290,2025-08-16 01:39:04.372326,2025-08-16 02:08:04.372326,Metro Station,Metro Station,9.13,184.34,Cash,Completed
R04428,C0805,D0427,2026-03-30 07:29:04.372388,2026-03-30 08:35:04.372388,Airport,Residential Area,10.75,287.5,Credit Card,Completed
R04429,C0718,D0466,2025-11-15 23:00:04.372441,2025-11-15 23:42:04.372441,Residential Area,Mall,29.8,636.4,UPI,Cancelled
R04430,C0796,D0097,2026-06-05 03:16:04.372486,2026-06-05 04:19:04.372486,Metro Station,IT Park,28.82,603.76,Cash,Cancelled
R04431,C0045,D0363,2025-08-20 21:27:04.372529,2025-08-20 22:45:04.372529,University,Airport,3.05,100.9,UPI,Completed
R04432,C0648,D0094,2026-07-12 18:46:04.372573,2026-07-12 20:02:04.372573,University,University,9.39,254.02,Cash,Cancelled
R04433,C0441,D0376,2025-09-18 06:58:04.372613,2025-09-18 07:14:04.372613,Residential Area,Bus Stand,26.0,521.0,Cash,Cancelled
R04434,C0845,D0150,2025-09-19 20:22:04.372653,2025-09-19 21:25:04.372653,Residential Area,University,29.46,613.28,Debit Card,Completed
R04435,C0452,D0270,2026-01-20 18:04:04.372694,2026-01-20 19:07:04.372694,Hospital,Residential Area,25.21,473.78,Debit Card,Completed
R04436,C0901,D0495,2025-11-07 18:15:04.372734,2025-11-07 18:55:04.372734,Bus Stand,Mall,11.95,283.1,Cash,Completed
R04437,C0983,D0111,2025-08-25 00:02:04.372776,2025-08-25 00:53:04.372776,Mall,Railway Station,7.72,200.96,Cash,Completed
R04438,C0498,D0241,2026-02-01 02:09:04.372824,2026-02-01 02:52:04.372824,Residential Area,Metro Station,17.6,402.8,Debit Card,Completed
R04439,C0834,D0278,2026-05-08 21:25:04.372868,2026-05-08 21:40:04.372868,City Center,Railway Station,29.35,567.3,Credit Card,Cancelled
R04440,C0433,D0126,2026-04-16 22:10:04.372908,2026-04-16 22:24:04.372908,Mall,Hospital,7.7,221.6,Debit Card,Cancelled
R04441,C0009,D0120,2026-06-03 22:03:04.372949,2026-06-03 22:15:04.372949,University,Metro Station,14.67,356.06,Debit Card,Completed
R04442,C0924,D0360,2025-12-26 08:04:04.372990,2025-12-26 09:15:04.372990,Bus Stand,Metro Station,22.43,437.74,UPI,Completed
R04443,C0819,D0240,2026-02-23 14:54:04.373042,2026-02-23 16:24:04.373042,University,Bus Stand,19.07,430.26,Cash,Cancelled
R04444,C0593,D0039,2026-03-19 03:46:04.373084,2026-03-19 04:43:04.373084,Airport,Mall,3.91,103.38,Cash,Cancelled
R04445,C0425,D0454,2025-12-26 03:34:04.373123,2025-12-26 03:53:04.373123,City Center,Railway Station,16.55,378.9,Cash,Completed
R04446,C0377,D0182,2026-03-29 14:59:04.373162,2026-03-29 15:45:04.373162,Residential Area,Mall,27.86,551.48,Cash,Cancelled
R04447,C0550,D0201,2025-09-09 17:57:04.373201,2025-09-09 19:03:04.373201,Hospital,Residential Area,20.31,433.58,Cash,Cancelled
R04448,C0189,D0400,2026-07-13 23:07:04.373268,2026-07-13 23:41:04.373268,Railway Station,Metro Station,24.33,520.94,Cash,Cancelled
R04449,C0934,D0105,2025-09-13 07:59:04.373306,2025-09-13 08:41:04.373306,Bus Stand,Railway Station,20.52,444.36,Debit Card,Cancelled
R04450,C0802,D0201,2026-06-05 14:28:04.373344,2026-06-05 15:54:04.373344,Bus Stand,Residential Area,7.17,226.06,UPI,Completed
R04451,C0268,D0086,2025-11-05 16:03:04.373383,2025-11-05 17:29:04.373383,University,University,28.81,538.58,Debit Card,Cancelled
R04452,C0822,D0218,2026-02-11 05:30:04.373428,2026-02-11 06:12:04.373428,Airport,City Center,14.93,316.74,Debit Card,Cancelled
R04453,C0490,D0324,2026-02-11 00:53:04.373468,2026-02-11 02:19:04.373468,IT Park,Railway Station,3.56,154.08,UPI,Completed
R04454,C0546,D0079,2025-10-10 15:55:04.373515,2025-10-10 16:19:04.373515,Metro Station,City Center,2.99,92.82,Debit Card,Completed
R04455,C0137,D0473,2026-05-08 07:16:04.373553,2026-05-08 08:01:04.373553,IT Park,Hospital,13.9,290.2,Credit Card,Cancelled
R04456,C0859,D0359,2026-06-12 18:16:04.373594,2026-06-12 19:02:04.373594,Residential Area,Hospital,21.2,471.6,UPI,Completed
R04457,C0130,D0252,2025-08-20 20:58:04.373633,2025-08-20 22:06:04.373633,City Center,City Center,2.41,72.38,Debit Card,Cancelled
R04458,C0854,D0281,2025-12-29 16:46:04.373675,2025-12-29 18:09:04.373675,Railway Station,Mall,9.55,267.9,Debit Card,Cancelled
R04459,C0696,D0379,2026-05-02 11:33:04.373714,2026-05-02 11:49:04.373714,IT Park,Residential Area,20.14,383.52,UPI,Cancelled
R04460,C0319,D0445,2026-04-26 20:52:04.373752,2026-04-26 21:06:04.373752,Mall,Bus Stand,16.43,354.74,UPI,Cancelled
R04461,C1000,D0480,2026-01-25 16:10:04.373791,2026-01-25 17:29:04.373791,Airport,University,18.98,434.64,UPI,Completed
R04462,C0467,D0354,2025-12-27 15:37:04.373829,2025-12-27 16:45:04.373829,Bus Stand,Residential Area,7.87,201.66,Credit Card,Cancelled
R04463,C0612,D0472,2025-08-22 19:41:04.373868,2025-08-22 20:43:04.373868,Bus Stand,University,27.8,529.4,Cash,Cancelled
R04464,C0306,D0386,2026-06-01 12:36:04.373907,2026-06-01 13:44:04.373907,Residential Area,Airport,28.41,585.38,UPI,Completed
R04465,C0593,D0492,2026-02-09 15:58:04.373945,2026-02-09 16:35:04.373945,Metro Station,Residential Area,19.19,392.42,Credit Card,Cancelled
R04466,C0659,D0179,2025-08-04 23:31:04.373983,2025-08-05 00:20:04.373983,IT Park,Railway Station,2.18,114.24,Cash,Completed
R04467,C0789,D0386,2026-01-21 16:09:04.374118,2026-01-21 17:03:04.374118,Hospital,Airport,23.83,508.94,Credit Card,Cancelled
R04468,C0117,D0026,2026-04-21 23:19:04.376809,2026-04-22 00:40:04.376809,Railway Station,Railway Station,21.26,478.68,Debit Card,Cancelled
R04469,C0932,D0425,2026-01-11 16:44:04.376897,2026-01-11 17:51:04.376897,Bus Stand,University,21.76,419.68,Credit Card,Cancelled
R04470,C0912,D0199,2026-05-08 18:57:04.376949,2026-05-08 19:31:04.376949,Airport,Bus Stand,16.0,319.0,Credit Card,Cancelled
R04471,C0450,D0255,2026-07-08 00:04:04.376995,2026-07-08 01:22:04.376995,Bus Stand,Airport,3.52,128.36,Debit Card,Completed
R04472,C0252,D0226,2026-03-07 00:40:04.377038,2026-03-07 01:33:04.377038,Railway Station,Metro Station,15.93,354.74,UPI,Completed
R04473,C0339,D0435,2026-05-03 15:15:04.377092,2026-05-03 15:26:04.377092,Mall,City Center,9.3,231.4,Credit Card,Completed
R04474,C0676,D0328,2026-07-02 05:12:04.377134,2026-07-02 06:40:04.377134,Metro Station,City Center,24.84,528.12,Credit Card,Completed
R04475,C0636,D0206,2025-12-25 03:10:04.377174,2025-12-25 04:39:04.377174,Metro Station,Hospital,11.96,237.28,Debit Card,Cancelled
R04476,C0579,D0408,2026-03-13 08:40:04.377229,2026-03-13 09:36:04.377229,University,Metro Station,27.65,526.7,Debit Card,Cancelled
R04477,C0107,D0047,2026-05-28 18:28:04.377268,2026-05-28 19:43:04.377268,IT Park,Airport,23.04,440.72,Credit Card,Cancelled
R04478,C0577,D0491,2026-06-01 16:38:04.377310,2026-06-01 17:17:04.377310,IT Park,Residential Area,19.24,398.32,Credit Card,Cancelled
R04479,C0387,D0232,2025-12-12 21:17:04.377350,2025-12-12 22:02:04.377350,Bus Stand,Airport,12.46,292.28,Cash,Completed
R04480,C0900,D0344,2026-05-24 20:00:04.377395,2026-05-24 20:33:04.377395,IT Park,Hospital,8.75,206.5,Debit Card,Completed
R04481,C0235,D0079,2026-05-26 01:01:04.377441,2026-05-26 02:13:04.377441,Hospital,Airport,24.62,520.16,Credit Card,Completed
R04482,C0493,D0490,2026-03-14 16:00:04.377479,2026-03-14 17:00:04.377479,Metro Station,Railway Station,11.1,284.8,Cash,Completed
R04483,C0820,D0219,2025-10-24 23:16:04.377517,2025-10-25 00:20:04.377517,Airport,University,23.61,456.98,Credit Card,Cancelled
R04484,C0790,D0332,2026-07-19 00:56:04.377558,2026-07-19 01:29:04.377558,Hospital,IT Park,28.29,534.22,Debit Card,Cancelled
R04485,C0989,D0395,2026-05-03 14:46:04.377598,2026-05-03 15:59:04.377598,Metro Station,City Center,11.56,230.08,Credit Card,Cancelled
R04486,C0460,D0268,2026-03-25 02:48:04.377635,2026-03-25 03:48:04.377635,Residential Area,Airport,27.18,585.24,UPI,Completed
R04487,C0221,D0366,2026-03-01 13:54:04.377673,2026-03-01 14:50:04.377673,Railway Station,City Center,5.38,137.84,Credit Card,Completed
R04488,C0560,D0371,2026-03-01 13:58:04.377718,2026-03-01 15:04:04.377718,University,Mall,29.19,547.42,Cash,Completed
R04489,C0995,D0062,2025-10-23 10:44:04.377759,2025-10-23 12:11:04.377759,Bus Stand,University,17.96,389.28,Debit Card,Cancelled
R04490,C0585,D0222,2026-03-25 11:09:04.377801,2026-03-25 12:14:04.377801,Hospital,Hospital,19.63,435.34,Cash,Cancelled
R04491,C0871,D0067,2025-11-03 01:27:04.377842,2025-11-03 02:56:04.377842,Bus Stand,Bus Stand,29.61,629.98,Credit Card,Completed
R04492,C0450,D0440,2026-03-03 05:30:04.377897,2026-03-03 06:33:04.377897,Hospital,Mall,3.83,98.94,Debit Card,Cancelled
R04493,C0736,D0345,2025-08-08 02:30:04.377949,2025-08-08 03:53:04.377949,Airport,Mall,15.77,367.86,Cash,Completed
R04494,C0150,D0063,2025-09-09 09:19:04.377990,2025-09-09 10:14:04.377990,Metro Station,Airport,29.66,606.88,Credit Card,Completed
R04495,C0888,D0152,2025-08-07 10:04:04.378031,2025-08-07 11:29:04.378031,Railway Station,Airport,11.15,292.7,Cash,Completed
R04496,C0163,D0195,2025-11-16 05:23:04.378073,2025-11-16 06:12:04.378073,City Center,Railway Station,2.24,132.32,Cash,Completed
R04497,C0572,D0278,2026-03-18 14:20:04.378114,2026-03-18 14:47:04.378114,Metro Station,Hospital,22.75,464.5,Credit Card,Completed
R04498,C0993,D0136,2026-01-23 23:49:04.378160,2026-01-24 00:12:04.378160,Residential Area,City Center,24.81,515.58,Credit Card,Cancelled
R04499,C0581,D0028,2026-02-09 18:39:04.378199,2026-02-09 18:53:04.378199,City Center,City Center,9.51,254.18,Debit Card,Cancelled
R04500,C0626,D0319,2026-01-06 16:13:04.378663,2026-01-06 17:40:04.378663,City Center,Residential Area,8.15,218.7,UPI,Cancelled
R04501,C0101,D0024,2025-12-19 19:06:04.378718,2025-12-19 20:28:04.378718,Railway Station,Metro Station,22.52,491.36,Credit Card,Cancelled
R04502,C0795,D0338,2025-12-06 03:22:04.378763,2025-12-06 04:26:04.378763,Residential Area,IT Park,24.83,532.94,UPI,Completed
R04503,C0323,D0063,2025-08-15 10:13:04.378806,2025-08-15 10:36:04.378806,Bus Stand,IT Park,29.19,618.42,UPI,Completed
R04504,C0925,D0281,2026-01-20 03:32:04.378850,2026-01-20 04:46:04.378850,Hospital,Hospital,27.43,545.74,Debit Card,Completed
R04505,C0674,D0031,2025-11-05 23:46:04.378957,2025-11-06 00:01:04.378957,Bus Stand,University,2.03,96.54,Cash,Cancelled
R04506,C0505,D0357,2025-12-05 01:59:04.379015,2025-12-05 02:39:04.379015,Railway Station,Residential Area,28.99,548.82,UPI,Completed
R04507,C0102,D0297,2026-05-14 12:15:04.379057,2026-05-14 12:29:04.379057,Metro Station,University,19.01,378.18,Debit Card,Cancelled
R04508,C0306,D0118,2025-08-06 03:33:04.379106,2025-08-06 04:14:04.379106,Airport,University,15.51,341.18,Debit Card,Cancelled
R04509,C0855,D0037,2025-10-19 00:01:04.379153,2025-10-19 00:31:04.379153,Railway Station,Airport,6.79,171.22,Credit Card,Completed
R04510,C0243,D0426,2026-02-23 11:45:04.379195,2026-02-23 12:58:04.379195,Mall,City Center,20.52,468.36,Credit Card,Completed
R04511,C0822,D0162,2026-02-19 13:32:04.379253,2026-02-19 14:46:04.379253,Metro Station,Residential Area,2.69,130.42,UPI,Completed
R04512,C0328,D0396,2026-06-11 03:15:04.379294,2026-06-11 03:59:04.379294,IT Park,Bus Stand,23.07,493.26,Credit Card,Completed
R04513,C0094,D0434,2026-03-26 16:39:04.379334,2026-03-26 17:49:04.379334,Hospital,University,9.87,260.66,UPI,Completed
R04514,C0077,D0319,2025-11-20 17:30:04.379373,2025-11-20 17:44:04.379373,City Center,Mall,17.01,341.18,Cash,Cancelled
R04515,C0849,D0398,2026-05-07 09:00:04.379415,2026-05-07 09:55:04.379415,Airport,Airport,26.31,526.58,Cash,Completed
R04516,C0369,D0363,2026-04-26 23:37:04.379453,2026-04-27 00:02:04.379453,City Center,IT Park,19.6,437.8,Credit Card,Completed
R04517,C0186,D0283,2025-08-14 11:32:04.379493,2025-08-14 12:05:04.379493,IT Park,Railway Station,6.55,211.9,UPI,Completed
R04518,C0223,D0410,2025-11-19 16:27:04.379544,2025-11-19 17:43:04.379544,City Center,Metro Station,4.59,163.62,Credit Card,Cancelled
R04519,C0255,D0225,2026-06-05 10:33:04.379586,2026-06-05 11:21:04.379586,Hospital,City Center,3.98,108.64,Cash,Cancelled
R04520,C0053,D0378,2025-11-05 15:11:04.379626,2025-11-05 16:21:04.379626,IT Park,Residential Area,28.73,616.14,Credit Card,Completed
R04521,C0572,D0200,2025-09-20 14:09:04.379666,2025-09-20 15:13:04.379666,Residential Area,University,9.42,212.56,UPI,Completed
R04522,C0235,D0248,2026-03-28 12:28:04.379705,2026-03-28 13:05:04.379705,City Center,Airport,23.86,516.48,UPI,Cancelled
R04523,C0050,D0012,2026-06-15 03:33:04.379744,2026-06-15 04:59:04.379744,Airport,Mall,18.72,425.96,Credit Card,Completed
R04524,C0528,D0381,2025-11-14 11:34:04.379781,2025-11-14 12:47:04.379781,IT Park,City Center,20.31,458.58,Debit Card,Completed
R04525,C0813,D0148,2025-10-23 02:23:04.379819,2025-10-23 02:59:04.379819,Bus Stand,Mall,11.68,282.24,UPI,Completed
R04526,C0067,D0285,2025-11-17 21:09:04.379857,2025-11-17 22:21:04.379857,Hospital,Residential Area,24.61,506.98,Debit Card,Completed
R04527,C0437,D0319,2025-12-31 22:34:04.379914,2025-12-31 23:32:04.379914,IT Park,University,8.42,175.56,Cash,Cancelled
R04528,C0233,D0194,2026-04-06 13:28:04.379960,2026-04-06 14:10:04.379960,University,Bus Stand,16.99,347.82,Debit Card,Completed
R04529,C0754,D0230,2025-10-01 20:41:04.380000,2025-10-01 22:01:04.380000,Mall,University,27.88,540.84,Cash,Cancelled
R04530,C0598,D0227,2026-03-14 16:55:04.380038,2026-03-14 17:40:04.380038,Metro Station,Metro Station,9.57,211.26,Debit Card,Completed
R04531,C0590,D0018,2025-09-16 18:36:04.380077,2025-09-16 19:33:04.380077,Mall,Railway Station,2.81,91.58,UPI,Completed
R04532,C0440,D0063,2025-09-09 11:07:04.380115,2025-09-09 11:53:04.380115,Mall,City Center,7.93,222.74,Debit Card,Cancelled
R04533,C0633,D0354,2026-04-06 10:16:04.380154,2026-04-06 10:29:04.380154,City Center,Residential Area,29.06,578.08,UPI,Cancelled
R04534,C0891,D0288,2026-04-29 17:19:04.380192,2026-04-29 18:21:04.380192,Airport,Hospital,25.3,506.4,Credit Card,Completed
R04535,C0673,D0215,2026-07-06 12:01:04.380245,2026-07-06 12:49:04.380245,IT Park,City Center,22.15,491.7,Debit Card,Cancelled
R04536,C0968,D0185,2025-09-10 04:01:04.380284,2025-09-10 04:36:04.380284,Railway Station,IT Park,18.19,379.42,Cash,Completed
R04537,C0888,D0059,2026-04-18 02:24:04.380324,2026-04-18 03:40:04.380324,Bus Stand,Residential Area,8.23,168.14,Debit Card,Cancelled
R04538,C0197,D0486,2026-04-07 11:12:04.380372,2026-04-07 11:48:04.380372,Metro Station,Railway Station,5.34,172.12,UPI,Completed
R04539,C0950,D0216,2026-06-23 13:53:04.380413,2026-06-23 14:20:04.380413,Railway Station,Hospital,26.49,533.82,Credit Card,Completed
R04540,C0251,D0187,2025-10-03 06:40:04.380452,2025-10-03 08:07:04.380452,City Center,Airport,7.73,222.14,Credit Card,Completed
R04541,C0201,D0057,2025-09-20 09:42:04.380490,2025-09-20 10:59:04.380490,Airport,Railway Station,13.48,299.64,Credit Card,Cancelled
R04542,C0711,D0065,2026-02-26 01:51:04.380528,2026-02-26 02:36:04.380528,IT Park,University,3.27,99.86,Cash,Cancelled
R04543,C0072,D0324,2026-01-02 13:14:04.380568,2026-01-02 13:59:04.380568,Metro Station,Metro Station,27.41,554.38,Debit Card,Cancelled
R04544,C0694,D0064,2025-12-14 03:46:04.380606,2025-12-14 04:30:04.380606,IT Park,City Center,13.01,269.18,Debit Card,Cancelled
R04545,C0243,D0120,2026-07-29 18:13:04.380643,2026-07-29 19:39:04.380643,Metro Station,Bus Stand,24.75,490.5,Cash,Cancelled
R04546,C0404,D0008,2026-07-16 03:38:04.380681,2026-07-16 04:58:04.380681,Metro Station,Residential Area,10.12,206.16,Credit Card,Completed
R04547,C0102,D0407,2026-07-26 11:13:04.380718,2026-07-26 12:04:04.380718,Residential Area,IT Park,15.9,337.2,Debit Card,Cancelled
R04548,C0252,D0285,2026-04-09 03:04:04.380763,2026-04-09 03:49:04.380763,Metro Station,Hospital,20.29,435.22,Debit Card,Completed
R04549,C0718,D0413,2025-11-26 22:05:04.380799,2025-11-26 22:28:04.380799,City Center,Hospital,26.41,547.38,Cash,Cancelled
R04550,C0798,D0313,2026-04-21 11:13:04.380837,2026-04-21 12:03:04.380837,IT Park,Mall,25.43,537.74,Credit Card,Cancelled
R04551,C0237,D0299,2025-08-15 17:00:04.380874,2025-08-15 17:41:04.380874,City Center,Hospital,9.14,212.52,Credit Card,Cancelled
R04552,C0236,D0275,2025-08-24 13:39:04.380925,2025-08-24 14:16:04.380925,Railway Station,Hospital,19.54,383.72,Credit Card,Completed
R04553,C0610,D0107,2025-08-28 19:02:04.380964,2025-08-28 20:32:04.380964,Metro Station,Metro Station,14.85,322.3,Debit Card,Cancelled
R04554,C0876,D0486,2026-02-16 22:02:04.381003,2026-02-16 23:31:04.381003,Mall,Residential Area,26.41,508.38,Debit Card,Completed
R04555,C0630,D0435,2026-04-23 11:45:04.381042,2026-04-23 12:07:04.381042,University,Mall,4.11,153.98,Cash,Cancelled
R04556,C0057,D0329,2025-10-01 00:21:04.381086,2025-10-01 00:47:04.381086,Residential Area,Airport,25.48,526.64,Debit Card,Cancelled
R04557,C0691,D0431,2026-01-22 08:42:04.381133,2026-01-22 09:20:04.381133,Metro Station,University,5.96,127.28,Debit Card,Completed
R04558,C0009,D0347,2025-11-28 03:32:04.381174,2025-11-28 04:05:04.381174,Hospital,Metro Station,2.6,108.8,UPI,Completed
R04559,C0037,D0421,2026-07-08 14:47:04.381227,2026-07-08 15:56:04.381227,Metro Station,IT Park,9.65,253.7,UPI,Cancelled
R04560,C0514,D0223,2026-02-16 13:23:04.381267,2026-02-16 13:46:04.381267,Residential Area,Bus Stand,18.43,404.74,Debit Card,Completed
R04561,C0279,D0166,2026-06-08 11:16:04.381304,2026-06-08 12:26:04.381304,City Center,IT Park,20.22,426.96,Debit Card,Cancelled
R04562,C0813,D0428,2026-01-11 18:42:04.381341,2026-01-11 19:12:04.381341,Bus Stand,Metro Station,8.8,180.4,Cash,Cancelled
R04563,C0098,D0236,2026-05-03 02:59:04.381380,2026-05-03 03:47:04.381380,Airport,University,14.84,330.12,UPI,Cancelled
R04564,C0245,D0144,2026-06-05 16:49:04.381419,2026-06-05 18:03:04.381419,City Center,Mall,15.22,331.96,UPI,Completed
R04565,C0299,D0045,2025-10-06 03:36:04.381457,2025-10-06 04:32:04.381457,Residential Area,Hospital,9.43,208.74,UPI,Cancelled
R04566,C0403,D0136,2026-03-24 03:16:04.381502,2026-03-24 03:34:04.381502,University,Bus Stand,28.35,533.3,Credit Card,Cancelled
R04567,C0258,D0171,2026-03-21 15:49:04.381540,2026-03-21 17:14:04.381540,Hospital,IT Park,21.91,477.38,Credit Card,Completed
R04568,C0522,D0193,2026-04-23 01:49:04.381582,2026-04-23 02:51:04.381582,Bus Stand,City Center,18.25,375.5,UPI,Completed
R04569,C0814,D0218,2026-06-27 17:21:04.381621,2026-06-27 18:24:04.381621,Hospital,University,23.14,447.52,Debit Card,Completed
R04570,C0926,D0419,2026-01-16 18:08:04.381659,2026-01-16 18:23:04.381659,University,IT Park,16.29,361.22,Debit Card,Completed
R04571,C0957,D0497,2025-12-24 07:04:04.381697,2025-12-24 08:14:04.381697,Metro Station,City Center,5.29,119.22,Debit Card,Cancelled
R04572,C0317,D0162,2026-02-09 20:14:04.381733,2026-02-09 20:32:04.381733,IT Park,Bus Stand,3.4,96.2,UPI,Completed
R04573,C0642,D0087,2026-03-10 10:46:04.381775,2026-03-10 11:50:04.381775,IT Park,Mall,16.94,352.92,UPI,Completed
R04574,C0872,D0119,2026-07-23 16:43:04.381815,2026-07-23 17:01:04.381815,Airport,Mall,21.95,472.1,UPI,Completed
R04575,C0135,D0356,2026-05-02 09:36:04.381853,2026-05-02 10:40:04.381853,City Center,Residential Area,25.31,510.58,Debit Card,Completed
R04576,C0934,D0306,2025-12-12 16:13:04.381903,2025-12-12 17:12:04.381903,Residential Area,Metro Station,4.03,170.54,Cash,Cancelled
R04577,C0731,D0247,2025-12-17 02:12:04.381941,2025-12-17 02:48:04.381941,Airport,University,18.51,418.18,UPI,Cancelled
R04578,C0084,D0196,2025-09-06 00:08:04.381985,2025-09-06 00:42:04.381985,Residential Area,City Center,17.69,352.42,Cash,Completed
R04579,C0681,D0406,2025-10-04 11:43:04.382027,2025-10-04 11:57:04.382027,IT Park,Airport,25.19,533.42,Debit Card,Cancelled
R04580,C0202,D0180,2026-03-26 22:37:04.382067,2026-03-26 23:39:04.382067,Hospital,Mall,28.36,573.48,UPI,Completed
R04581,C0375,D0297,2025-09-06 10:58:04.382112,2025-09-06 11:59:04.382112,Mall,Mall,15.94,308.92,Credit Card,Completed
R04582,C0334,D0047,2025-08-07 10:07:04.382152,2025-08-07 11:02:04.382152,Bus Stand,Mall,18.6,429.8,UPI,Completed
R04583,C0840,D0268,2025-09-17 07:21:04.382192,2025-09-17 08:20:04.382192,IT Park,City Center,12.37,248.66,Credit Card,Completed
R04584,C0202,D0319,2026-03-18 02:40:04.382246,2026-03-18 03:10:04.382246,Airport,Mall,25.5,516.0,Cash,Completed
R04585,C0120,D0168,2025-10-17 05:55:04.382288,2025-10-17 06:20:04.382288,Bus Stand,Residential Area,8.67,195.06,UPI,Cancelled
R04586,C0157,D0329,2026-01-18 06:11:04.382326,2026-01-18 07:22:04.382326,Airport,University,11.44,243.92,UPI,Cancelled
R04587,C0779,D0238,2025-08-11 07:30:04.382365,2025-08-11 08:37:04.382365,Metro Station,Hospital,14.94,298.92,Debit Card,Cancelled
R04588,C0706,D0121,2026-07-24 07:29:04.382407,2026-07-24 07:58:04.382407,IT Park,University,21.2,401.6,Cash,Cancelled
R04589,C0530,D0345,2025-08-17 17:49:04.382448,2025-08-17 18:57:04.382448,Metro Station,Railway Station,22.16,459.88,Debit Card,Cancelled
R04590,C0483,D0173,2026-01-19 11:47:04.382486,2026-01-19 13:13:04.382486,Airport,Residential Area,29.37,553.66,Cash,Cancelled
R04591,C0037,D0157,2025-11-01 03:31:04.382520,2025-11-01 04:20:04.382520,Hospital,Hospital,25.18,481.24,Cash,Cancelled
R04592,C0519,D0498,2025-10-05 07:52:04.382555,2025-10-05 09:18:04.382555,University,IT Park,27.81,588.58,Cash,Cancelled
R04593,C0203,D0119,2026-06-10 15:54:04.382592,2026-06-10 17:13:04.382592,Airport,Mall,22.88,482.84,Cash,Cancelled
R04594,C0450,D0046,2026-01-07 04:28:04.382636,2026-01-07 05:18:04.382636,Residential Area,Hospital,6.98,195.64,Cash,Completed
R04595,C0710,D0329,2026-01-31 16:40:04.382676,2026-01-31 17:13:04.382676,Mall,IT Park,11.03,297.54,Cash,Cancelled
R04596,C0715,D0097,2026-04-07 09:23:04.382716,2026-04-07 10:29:04.382716,Bus Stand,Hospital,19.89,406.02,Credit Card,Completed
R04597,C0882,D0246,2026-06-28 18:07:04.382752,2026-06-28 18:28:04.382752,Airport,Railway Station,4.85,141.3,Debit Card,Completed
R04598,C0965,D0314,2026-06-14 09:55:04.382792,2026-06-14 10:54:04.382792,Airport,Mall,26.33,563.94,UPI,Cancelled
R04599,C0066,D0128,2025-11-22 15:49:04.382828,2025-11-22 16:08:04.382828,Railway Station,City Center,25.96,555.28,Debit Card,Completed
R04600,C0856,D0395,2026-01-29 03:01:04.382867,2026-01-29 04:11:04.382867,Mall,Airport,2.84,118.12,Debit Card,Cancelled
R04601,C0525,D0138,2026-04-13 06:22:04.382924,2026-04-13 07:45:04.382924,IT Park,Airport,29.1,586.8,UPI,Completed
R04602,C0908,D0219,2026-01-19 03:27:04.382966,2026-01-19 04:19:04.382966,IT Park,Bus Stand,14.05,307.9,Debit Card,Cancelled
R04603,C0208,D0219,2026-04-28 03:23:04.383007,2026-04-28 04:27:04.383007,Residential Area,Bus Stand,5.05,187.9,UPI,Cancelled
R04604,C0457,D0199,2025-12-16 17:09:04.383046,2025-12-16 17:25:04.383046,City Center,University,15.86,374.48,Credit Card,Cancelled
R04605,C0398,D0441,2025-08-12 20:14:04.383084,2025-08-12 21:28:04.383084,Residential Area,City Center,17.97,413.46,Debit Card,Cancelled
R04606,C0343,D0326,2025-12-23 03:33:04.383124,2025-12-23 04:49:04.383124,City Center,Hospital,6.93,147.74,Debit Card,Completed
R04607,C0298,D0465,2025-09-26 14:47:04.383175,2025-09-26 15:25:04.383175,Bus Stand,Metro Station,8.33,225.94,Credit Card,Completed
R04608,C0051,D0255,2026-07-31 10:46:04.383237,2026-07-31 12:01:04.383237,Airport,IT Park,9.05,211.9,UPI,Completed
R04609,C0072,D0401,2025-10-29 10:03:04.383293,2025-10-29 11:06:04.383293,Bus Stand,City Center,25.39,489.02,UPI,Cancelled
R04610,C0804,D0305,2025-08-11 08:31:04.383335,2025-08-11 09:20:04.383335,Bus Stand,City Center,27.83,590.94,Debit Card,Cancelled
R04611,C0745,D0229,2025-09-01 15:21:04.383373,2025-09-01 16:41:04.383373,Railway Station,IT Park,26.07,515.26,UPI,Completed
R04612,C0658,D0377,2025-09-05 09:58:04.383414,2025-09-05 11:12:04.383414,IT Park,Airport,27.93,570.74,UPI,Completed
R04613,C0726,D0017,2026-01-02 18:55:04.383455,2026-01-02 19:39:04.383455,IT Park,City Center,5.12,132.16,Debit Card,Completed
R04614,C0053,D0382,2026-03-09 04:00:04.383494,2026-03-09 04:45:04.383494,City Center,Airport,12.69,287.42,Credit Card,Completed
R04615,C0521,D0047,2026-03-28 13:15:04.383533,2026-03-28 13:58:04.383533,Hospital,IT Park,27.18,532.24,Credit Card,Cancelled
R04616,C0737,D0483,2025-08-19 05:19:04.383573,2025-08-19 05:44:04.383573,Bus Stand,Residential Area,11.45,262.1,UPI,Completed
R04617,C0084,D0276,2026-03-09 12:49:04.383611,2026-03-09 14:18:04.383611,Mall,University,16.71,325.78,Cash,Cancelled
R04618,C0574,D0189,2026-07-18 07:58:04.383658,2026-07-18 08:54:04.383658,Residential Area,Mall,4.83,152.94,UPI,Completed
R04619,C0358,D0135,2025-09-17 12:48:04.383700,2025-09-17 12:58:04.383700,Bus Stand,Airport,18.49,400.82,UPI,Completed
R04620,C0650,D0293,2025-11-18 08:35:04.383744,2025-11-18 09:23:04.383744,University,IT Park,7.77,215.86,Cash,Completed
R04621,C0313,D0015,2025-12-13 03:31:04.383793,2025-12-13 04:51:04.383793,City Center,University,4.48,175.64,Credit Card,Completed
R04622,C0369,D0191,2026-01-01 07:10:04.383842,2026-01-01 08:05:04.383842,Metro Station,Residential Area,27.87,596.66,Cash,Completed
R04623,C0370,D0011,2026-05-19 17:19:04.383883,2026-05-19 17:41:04.383883,IT Park,Mall,26.81,581.58,Credit Card,Cancelled
R04624,C0883,D0382,2026-04-05 07:23:04.383940,2026-04-05 07:55:04.383940,Bus Stand,Metro Station,12.7,281.6,Debit Card,Completed
R04625,C0280,D0160,2026-07-03 00:24:04.383980,2026-07-03 01:37:04.383980,Hospital,Railway Station,12.57,247.26,UPI,Cancelled
R04626,C0602,D0264,2025-09-30 16:11:04.384021,2025-09-30 16:44:04.384021,IT Park,Hospital,11.17,243.06,Credit Card,Cancelled
R04627,C0747,D0327,2026-07-13 06:55:04.384070,2026-07-13 08:23:04.384070,Airport,IT Park,18.16,389.88,Debit Card,Cancelled
R04628,C0251,D0068,2025-08-07 14:07:04.384118,2025-08-07 15:34:04.384118,IT Park,University,18.46,357.28,Cash,Cancelled
R04629,C0662,D0294,2026-06-03 16:33:04.384172,2026-06-03 17:52:04.384172,Residential Area,Bus Stand,29.03,571.54,Cash,Completed
R04630,C0529,D0470,2025-10-09 07:32:04.384230,2025-10-09 07:51:04.384230,University,Hospital,3.0,125.0,Cash,Cancelled
R04631,C0665,D0013,2025-08-02 22:50:04.384270,2025-08-03 00:04:04.384270,Bus Stand,Metro Station,8.39,251.02,UPI,Completed
R04632,C0986,D0308,2025-11-17 10:28:04.384308,2025-11-17 11:26:04.384308,Mall,Railway Station,22.8,490.4,Credit Card,Completed
R04633,C0621,D0194,2026-01-12 03:01:04.384346,2026-01-12 04:07:04.384346,University,Hospital,13.43,283.74,UPI,Completed
R04634,C0953,D0019,2026-07-14 16:15:04.384384,2026-07-14 17:44:04.384384,Airport,Railway Station,14.73,294.14,Cash,Cancelled
R04635,C0651,D0062,2025-11-01 07:46:04.384422,2025-11-01 08:35:04.384422,Residential Area,Bus Stand,19.06,377.08,Cash,Completed
R04636,C0298,D0347,2025-08-09 18:41:04.384460,2025-08-09 18:55:04.384460,Bus Stand,Bus Stand,10.8,236.4,Cash,Completed
R04637,C0455,D0438,2026-08-01 08:36:04.384497,2026-08-01 09:21:04.384497,Airport,Hospital,13.02,316.36,UPI,Completed
R04638,C0198,D0287,2025-12-13 11:01:04.384543,2025-12-13 11:41:04.384543,City Center,Airport,25.31,480.58,Debit Card,Completed
R04639,C0411,D0301,2025-09-05 21:57:04.384582,2025-09-05 23:27:04.384582,Residential Area,Hospital,24.61,472.98,Cash,Completed
R04640,C0116,D0496,2026-03-29 03:33:04.384619,2026-03-29 03:57:04.384619,Mall,Railway Station,24.43,472.74,Credit Card,Cancelled
R04641,C0932,D0316,2026-01-18 23:35:04.384659,2026-01-19 00:53:04.384659,Metro Station,Airport,2.09,62.62,UPI,Completed
R04642,C0116,D0386,2026-07-01 10:35:04.384698,2026-07-01 11:19:04.384698,Residential Area,IT Park,27.59,585.62,UPI,Cancelled
R04643,C0696,D0090,2026-01-11 14:43:04.384736,2026-01-11 15:58:04.384736,Bus Stand,City Center,24.89,521.02,Credit Card,Completed
R04644,C0117,D0431,2025-09-27 20:31:04.384774,2025-09-27 21:13:04.384774,Residential Area,Mall,22.51,479.18,Cash,Cancelled
R04645,C0399,D0002,2026-01-29 18:45:04.384817,2026-01-29 20:09:04.384817,Residential Area,City Center,3.5,156.0,UPI,Completed
R04646,C0496,D0425,2026-04-12 00:15:04.384870,2026-04-12 01:09:04.384870,Hospital,IT Park,6.86,215.48,Credit Card,Completed
R04647,C0601,D0407,2025-09-24 19:47:04.384941,2025-09-24 20:16:04.384941,Railway Station,Railway Station,22.6,472.8,Debit Card,Cancelled
R04648,C0309,D0074,2025-11-27 04:34:04.384986,2025-11-27 05:38:04.384986,University,Metro Station,12.72,314.96,Cash,Cancelled
R04649,C0665,D0385,2025-11-20 08:12:04.385025,2025-11-20 08:40:04.385025,Hospital,Airport,11.22,296.96,UPI,Cancelled
R04650,C0134,D0011,2026-03-17 21:03:04.385062,2026-03-17 22:25:04.385062,Mall,Hospital,5.45,185.1,Cash,Completed
R04651,C0970,D0391,2025-09-07 01:22:04.385113,2025-09-07 02:52:04.385113,Bus Stand,City Center,18.15,393.7,Debit Card,Cancelled
R04652,C0026,D0389,2025-12-10 08:07:04.385153,2025-12-10 08:41:04.385153,IT Park,Residential Area,16.99,395.82,UPI,Completed
R04653,C0876,D0445,2026-05-15 01:58:04.385193,2026-05-15 02:51:04.385193,Railway Station,Hospital,18.21,403.78,Credit Card,Completed
R04654,C0320,D0391,2026-03-30 09:49:04.385248,2026-03-30 10:15:04.385248,IT Park,University,6.34,202.12,Cash,Cancelled
R04655,C0133,D0266,2025-10-25 22:14:04.385289,2025-10-25 23:36:04.385289,Residential Area,University,28.19,572.42,Cash,Completed
R04656,C0462,D0396,2026-05-29 18:42:04.385328,2026-05-29 19:36:04.385328,Bus Stand,IT Park,29.18,597.24,Debit Card,Completed
R04657,C0290,D0175,2026-04-10 07:27:04.385367,2026-04-10 07:40:04.385367,University,City Center,28.63,562.34,Debit Card,Completed
R04658,C0698,D0008,2026-03-20 11:56:04.385411,2026-03-20 12:09:04.385411,Mall,Railway Station,25.09,529.62,Debit Card,Cancelled
R04659,C0620,D0281,2026-05-23 18:53:04.385450,2026-05-23 19:40:04.385450,City Center,Mall,26.46,509.28,UPI,Completed
R04660,C0715,D0306,2026-05-25 21:20:04.385496,2026-05-25 22:33:04.385496,Railway Station,Bus Stand,19.02,439.36,UPI,Cancelled
R04661,C0736,D0199,2025-09-02 22:18:04.385539,2025-09-02 22:47:04.385539,Airport,Railway Station,28.78,580.04,Credit Card,Cancelled
R04662,C0987,D0162,2026-04-23 04:51:04.385577,2026-04-23 05:15:04.385577,Metro Station,Residential Area,25.02,534.36,Cash,Cancelled
R04663,C0274,D0090,2026-03-27 21:57:04.385615,2026-03-27 22:16:04.385615,Hospital,Hospital,13.91,275.38,Cash,Completed
R04664,C0278,D0381,2026-06-05 12:27:04.385652,2026-06-05 13:41:04.385652,IT Park,Hospital,22.41,448.38,Debit Card,Cancelled
R04665,C0897,D0055,2026-04-25 02:23:04.385690,2026-04-25 03:31:04.385690,City Center,Bus Stand,9.63,244.34,Credit Card,Completed
R04666,C0385,D0182,2026-03-28 18:14:04.385727,2026-03-28 18:25:04.385727,University,University,4.11,147.98,Cash,Cancelled
R04667,C0007,D0385,2025-08-19 18:31:04.385765,2025-08-19 19:35:04.385765,Airport,IT Park,22.95,471.1,Credit Card,Cancelled
R04668,C0542,D0261,2025-08-20 06:17:04.385811,2025-08-20 06:32:04.385811,Mall,IT Park,11.31,262.58,Cash,Completed
R04669,C0047,D0036,2026-01-31 08:46:04.385852,2026-01-31 10:09:04.385852,Mall,Residential Area,19.52,416.36,Credit Card,Cancelled
R04670,C0737,D0436,2025-11-08 12:16:04.385922,2025-11-08 13:00:04.385922,University,IT Park,15.83,353.94,Debit Card,Completed
R04671,C0834,D0075,2026-04-03 07:19:04.385962,2026-04-03 08:13:04.385962,Hospital,Hospital,12.12,250.16,Credit Card,Completed
R04672,C0267,D0137,2025-08-20 02:31:04.386001,2025-08-20 03:22:04.386001,Bus Stand,Bus Stand,7.11,210.98,Credit Card,Completed
R04673,C0966,D0305,2026-03-11 09:37:04.386039,2026-03-11 10:33:04.386039,Airport,City Center,17.28,388.04,Cash,Completed
R04674,C0265,D0162,2026-04-07 07:44:04.386079,2026-04-07 08:19:04.386079,Railway Station,Residential Area,26.17,557.06,Credit Card,Completed
R04675,C0296,D0475,2026-06-09 23:56:04.386117,2026-06-10 00:12:04.386117,City Center,Hospital,8.06,228.08,UPI,Cancelled
R04676,C0817,D0348,2025-09-16 04:23:04.386158,2025-09-16 05:37:04.386158,City Center,IT Park,7.97,210.46,UPI,Completed
R04677,C0232,D0496,2025-11-10 12:09:04.386197,2025-11-10 13:09:04.386197,IT Park,Railway Station,11.51,291.18,UPI,Cancelled
R04678,C0702,D0257,2026-04-29 20:36:04.386258,2026-04-29 21:19:04.386258,Railway Station,Mall,10.69,219.42,Cash,Completed
R04679,C0521,D0480,2025-09-23 22:13:04.386303,2025-09-23 23:37:04.386303,Hospital,Bus Stand,29.01,593.18,UPI,Completed
R04680,C0827,D0034,2025-11-23 19:01:04.386339,2025-11-23 19:27:04.386339,IT Park,Railway Station,5.11,125.98,UPI,Cancelled
R04681,C0774,D0393,2026-06-22 00:07:04.388322,2026-06-22 00:49:04.388322,Residential Area,City Center,7.73,237.14,UPI,Completed
R04682,C0197,D0436,2025-08-07 15:12:04.388372,2025-08-07 16:01:04.388372,Mall,Bus Stand,22.33,444.94,Credit Card,Cancelled
R04683,C0395,D0110,2026-03-04 10:13:04.388412,2026-03-04 11:27:04.388412,Railway Station,Railway Station,10.41,218.38,UPI,Completed
R04684,C0648,D0276,2026-06-10 22:18:04.388458,2026-06-10 22:44:04.388458,IT Park,University,26.05,558.9,Credit Card,Cancelled
R04685,C0162,D0081,2026-03-02 02:16:04.388492,2026-03-02 02:28:04.388492,Metro Station,Bus Stand,11.44,278.92,Credit Card,Completed
R04686,C0094,D0180,2026-07-06 01:59:04.388529,2026-07-06 03:21:04.388529,Residential Area,Hospital,24.95,493.1,Cash,Cancelled
R04687,C0187,D0359,2025-12-07 21:06:04.388564,2025-12-07 21:35:04.388564,Mall,Airport,15.48,370.64,Cash,Cancelled
R04688,C0043,D0401,2025-11-14 08:21:04.388930,2025-11-14 09:33:04.388930,Railway Station,Hospital,21.31,440.58,Credit Card,Completed
R04689,C0449,D0254,2026-05-11 04:02:04.389111,2026-05-11 04:49:04.389111,Bus Stand,Airport,25.25,499.5,UPI,Cancelled
R04690,C0902,D0201,2025-12-25 13:04:04.389265,2025-12-25 13:47:04.389265,Airport,Mall,8.94,222.92,UPI,Cancelled
R04691,C0314,D0368,2026-04-04 03:54:04.389416,2026-04-04 04:34:04.389416,City Center,IT Park,5.32,141.76,Credit Card,Cancelled
R04692,C0499,D0105,2025-11-08 16:21:04.389564,2025-11-08 16:36:04.389564,Metro Station,Residential Area,8.85,253.3,Debit Card,Completed
R04693,C0491,D0044,2026-04-16 22:34:04.389714,2026-04-16 23:12:04.389714,Residential Area,Hospital,20.08,440.44,UPI,Cancelled
R04694,C0534,D0326,2025-08-03 22:11:04.389764,2025-08-03 22:41:04.389764,Railway Station,Hospital,9.28,244.04,Credit Card,Cancelled
R04695,C0539,D0443,2026-02-13 23:58:04.389916,2026-02-14 01:26:04.389916,IT Park,Residential Area,6.66,182.88,Cash,Completed
R04696,C0193,D0280,2025-11-10 07:34:04.390061,2025-11-10 09:04:04.390061,University,University,21.68,458.24,Cash,Completed
R04697,C0474,D0185,2025-11-28 06:42:04.390201,2025-11-28 08:08:04.390201,City Center,Mall,14.1,308.8,Debit Card,Completed
R04698,C0548,D0437,2025-08-15 17:23:04.390484,2025-08-15 18:07:04.390484,Residential Area,Airport,11.09,233.62,Debit Card,Completed
R04699,C0344,D0212,2025-12-13 03:30:04.391279,2025-12-13 05:00:04.391279,Mall,Metro Station,22.08,493.44,UPI,Completed
R04700,C0010,D0191,2026-03-27 16:42:04.391720,2026-03-27 17:22:04.391720,Hospital,Hospital,15.08,366.44,Debit Card,Completed
R04701,C0968,D0273,2026-07-25 09:22:04.392143,2026-07-25 09:47:04.392143,Airport,Hospital,29.24,561.32,Cash,Cancelled
R04702,C0980,D0159,2026-02-01 01:55:04.392268,2026-02-01 03:04:04.392268,Bus Stand,Airport,20.93,438.74,Debit Card,Cancelled
R04703,C0846,D0334,2026-05-25 23:24:04.394269,2026-05-25 23:51:04.394269,University,IT Park,16.39,358.02,Credit Card,Completed
R04704,C0021,D0005,2025-11-24 17:02:04.394342,2025-11-24 17:42:04.394342,Hospital,Airport,12.76,264.68,Cash,Completed
R04705,C0983,D0162,2026-05-03 10:01:04.394390,2026-05-03 11:04:04.394390,Mall,Railway Station,19.02,371.36,Cash,Completed
R04706,C0588,D0157,2026-06-05 01:54:04.394434,2026-06-05 02:51:04.394434,Residential Area,Mall,21.97,480.46,Credit Card,Cancelled
R04707,C0140,D0260,2025-08-18 11:27:04.394485,2025-08-18 11:46:04.394485,City Center,Hospital,19.21,377.78,UPI,Cancelled
R04708,C0656,D0376,2025-10-08 07:21:04.394532,2025-10-08 08:18:04.394532,Residential Area,Airport,24.07,513.26,UPI,Cancelled
R04709,C0325,D0210,2026-01-05 05:11:04.394577,2026-01-05 06:28:04.394577,Railway Station,Residential Area,26.25,505.5,Debit Card,Completed
R04710,C0080,D0016,2025-09-22 09:37:04.394616,2025-09-22 10:20:04.394616,Metro Station,Mall,16.49,322.82,Debit Card,Completed
R04711,C0943,D0480,2025-12-08 04:29:04.394654,2025-12-08 05:28:04.394654,Metro Station,City Center,3.46,86.28,Credit Card,Completed
R04712,C0613,D0363,2025-09-16 22:32:04.394691,2025-09-16 23:29:04.394691,Mall,University,2.38,89.84,Cash,Completed
R04713,C0367,D0498,2026-02-08 16:35:04.394731,2026-02-08 17:45:04.394731,University,Metro Station,6.64,166.52,Cash,Cancelled
R04714,C0380,D0158,2025-09-27 07:35:04.394771,2025-09-27 08:50:04.394771,Mall,Metro Station,26.68,571.24,UPI,Completed
R04715,C0575,D0468,2025-09-04 22:13:04.394811,2025-09-04 22:54:04.394811,University,City Center,14.05,339.9,Debit Card,Cancelled
R04716,C0044,D0159,2026-06-08 09:54:04.394851,2026-06-08 10:44:04.394851,IT Park,Mall,25.03,550.54,Debit Card,Completed
R04717,C0346,D0219,2025-08-23 17:40:04.394903,2025-08-23 19:01:04.394903,Metro Station,IT Park,25.53,486.54,UPI,Completed
R04718,C0163,D0481,2026-04-16 15:31:04.394949,2026-04-16 16:36:04.394949,IT Park,Metro Station,18.22,358.96,UPI,Cancelled
R04719,C0773,D0485,2026-03-02 02:21:04.394988,2026-03-02 03:15:04.394988,Airport,Hospital,28.68,601.24,UPI,Cancelled
R04720,C0815,D0381,2025-12-02 17:27:04.395027,2025-12-02 18:23:04.395027,Bus Stand,University,17.86,357.48,Credit Card,Completed
R04721,C0702,D0172,2025-12-11 01:51:04.395065,2025-12-11 02:06:04.395065,Airport,Metro Station,24.7,490.6,UPI,Completed
R04722,C0108,D0056,2025-12-13 02:50:04.395106,2025-12-13 03:40:04.395106,Residential Area,IT Park,12.62,269.16,Credit Card,Cancelled
R04723,C0399,D0315,2026-05-22 19:38:04.395145,2026-05-22 19:53:04.395145,Residential Area,IT Park,12.44,259.92,Debit Card,Cancelled
R04724,C0921,D0117,2026-06-26 05:26:04.395185,2026-06-26 06:35:04.395185,Hospital,Metro Station,25.45,537.1,UPI,Completed
R04725,C0237,D0096,2026-04-13 19:25:04.395249,2026-04-13 19:57:04.395249,City Center,Metro Station,19.52,386.36,Debit Card,Completed
R04726,C0631,D0086,2025-09-27 18:10:04.395288,2025-09-27 18:38:04.395288,IT Park,Hospital,29.28,600.04,Credit Card,Cancelled
R04727,C0868,D0250,2026-03-06 08:43:04.395326,2026-03-06 09:27:04.395326,Metro Station,Hospital,28.92,584.56,UPI,Completed
R04728,C0850,D0407,2025-09-13 07:41:04.395373,2025-09-13 08:33:04.395373,IT Park,Residential Area,14.05,285.9,Debit Card,Completed
R04729,C0612,D0082,2026-03-30 06:42:04.395415,2026-03-30 07:22:04.395415,University,Bus Stand,7.5,205.0,Debit Card,Completed
R04730,C0288,D0376,2026-06-11 14:42:04.395455,2026-06-11 15:28:04.395455,Residential Area,City Center,22.35,461.3,Debit Card,Completed
R04731,C0792,D0193,2025-09-27 01:12:04.395493,2025-09-27 01:55:04.395493,Railway Station,Airport,2.03,130.54,Debit Card,Cancelled
R04732,C0432,D0250,2025-10-29 23:16:04.395543,2025-10-30 00:22:04.395543,Residential Area,City Center,16.78,343.04,Debit Card,Cancelled
R04733,C0212,D0308,2025-08-18 11:09:04.395585,2025-08-18 11:51:04.395585,University,Mall,25.5,504.0,Cash,Cancelled
R04734,C0571,D0434,2025-11-24 13:26:04.395623,2025-11-24 13:41:04.395623,Railway Station,IT Park,15.47,349.46,Credit Card,Completed
R04735,C0681,D0343,2025-12-07 05:07:04.395662,2025-12-07 05:34:04.395662,Railway Station,Metro Station,22.21,455.78,Debit Card,Completed
R04736,C0240,D0243,2026-02-20 12:05:04.395706,2026-02-20 13:16:04.395706,Residential Area,Mall,18.14,406.52,UPI,Cancelled
R04737,C0110,D0445,2025-12-04 14:09:04.395744,2025-12-04 15:08:04.395744,Bus Stand,Airport,9.69,254.42,Credit Card,Completed
R04738,C0534,D0071,2026-06-22 05:00:04.395789,2026-06-22 05:52:04.395789,Residential Area,IT Park,18.02,355.36,UPI,Cancelled
R04739,C0799,D0499,2026-06-02 06:18:04.395828,2026-06-02 07:13:04.395828,Bus Stand,City Center,18.5,419.0,Debit Card,Cancelled
R04740,C0603,D0237,2025-10-17 08:24:04.395867,2025-10-17 09:10:04.395867,Metro Station,Residential Area,18.56,355.08,Debit Card,Cancelled
R04741,C0148,D0294,2025-09-18 15:07:04.395918,2025-09-18 15:36:04.395918,Railway Station,Bus Stand,24.41,533.38,UPI,Completed
R04742,C0250,D0377,2025-12-05 18:25:04.395959,2025-12-05 19:42:04.395959,Residential Area,Airport,14.31,282.58,UPI,Completed
R04743,C0291,D0318,2026-07-30 05:36:04.395997,2026-07-30 06:20:04.395997,Airport,IT Park,22.66,487.88,Credit Card,Completed
R04744,C0732,D0278,2025-10-11 11:28:04.396034,2025-10-11 12:58:04.396034,Metro Station,City Center,19.28,381.04,Debit Card,Cancelled
R04745,C0445,D0421,2026-05-10 14:17:04.396071,2026-05-10 15:40:04.396071,Mall,Bus Stand,21.01,472.18,UPI,Completed
R04746,C0674,D0424,2026-03-13 16:07:04.396109,2026-03-13 16:38:04.396109,City Center,IT Park,19.46,404.28,Debit Card,Completed
R04747,C0317,D0452,2026-02-28 13:40:04.396158,2026-02-28 14:20:04.396158,Airport,IT Park,26.23,565.14,Credit Card,Cancelled
R04748,C0087,D0051,2026-04-01 00:45:04.400225,2026-04-01 01:29:04.400225,Residential Area,Railway Station,23.24,464.32,Credit Card,Completed
R04749,C0981,D0432,2026-05-01 00:16:04.400323,2026-05-01 01:29:04.400323,Mall,Residential Area,3.4,99.2,UPI,Cancelled
R04750,C0560,D0485,2025-08-09 10:23:04.400373,2025-08-09 10:34:04.400373,Bus Stand,Hospital,15.65,303.7,Debit Card,Cancelled
R04751,C0134,D0449,2026-04-07 03:11:04.400417,2026-04-07 04:36:04.400417,Airport,Residential Area,27.93,567.74,Debit Card,Cancelled
R04752,C0154,D0453,2026-01-26 09:12:04.400461,2026-01-26 10:32:04.400461,Bus Stand,Metro Station,7.98,236.64,Credit Card,Completed
R04753,C0179,D0481,2026-06-30 13:19:04.400503,2026-06-30 13:30:04.400503,IT Park,IT Park,28.08,600.44,Debit Card,Cancelled
R04754,C0865,D0150,2025-08-02 17:38:04.400543,2025-08-02 18:08:04.400543,University,Airport,23.39,467.02,Credit Card,Cancelled
R04755,C0586,D0429,2025-11-27 09:32:04.400586,2025-11-27 10:22:04.400586,Metro Station,Metro Station,7.04,216.72,UPI,Completed
R04756,C0189,D0216,2026-01-18 11:08:04.400625,2026-01-18 11:53:04.400625,University,Mall,14.44,321.92,Credit Card,Completed
R04757,C0945,D0414,2025-09-30 00:46:04.400665,2025-09-30 02:10:04.400665,University,Hospital,8.21,215.78,UPI,Completed
R04758,C0514,D0428,2026-03-15 08:37:04.400715,2026-03-15 08:56:04.400715,Bus Stand,Mall,22.68,476.24,UPI,Cancelled
R04759,C0894,D0269,2026-04-12 07:07:04.400756,2026-04-12 07:35:04.400756,Residential Area,Railway Station,7.77,232.86,Debit Card,Completed
R04760,C0576,D0102,2025-11-19 01:39:04.400798,2025-11-19 02:51:04.400798,IT Park,Residential Area,9.87,199.66,UPI,Completed
R04761,C0550,D0303,2026-05-17 08:07:04.400839,2026-05-17 08:53:04.400839,Metro Station,Bus Stand,13.26,335.68,Debit Card,Completed
R04762,C0102,D0181,2026-05-19 20:48:04.400878,2026-05-19 21:51:04.400878,Airport,Mall,8.92,190.56,Credit Card,Cancelled
R04763,C0863,D0390,2025-09-30 17:32:04.400931,2025-09-30 18:52:04.400931,Hospital,Bus Stand,9.08,258.44,Cash,Completed
R04764,C0322,D0407,2025-12-23 15:51:04.400980,2025-12-23 16:45:04.400980,Airport,Hospital,2.18,70.24,Cash,Completed
R04765,C0159,D0294,2026-04-21 22:59:04.401021,2026-04-21 23:39:04.401021,University,Residential Area,28.24,542.32,Debit Card,Completed
R04766,C0151,D0023,2026-06-28 21:49:04.401062,2026-06-28 23:17:04.401062,IT Park,Mall,12.67,307.06,Cash,Cancelled
R04767,C0832,D0269,2026-01-21 14:21:04.401104,2026-01-21 15:12:04.401104,University,Bus Stand,6.35,152.3,UPI,Completed
R04768,C0761,D0361,2026-01-17 18:22:04.401149,2026-01-17 19:01:04.401149,Airport,City Center,2.87,120.66,Cash,Cancelled
R04769,C0021,D0327,2026-02-08 17:21:04.401190,2026-02-08 18:02:04.401190,Hospital,Residential Area,12.16,287.88,Cash,Cancelled
R04770,C0999,D0006,2025-09-20 13:10:04.401245,2025-09-20 14:27:04.401245,City Center,IT Park,22.57,449.26,Debit Card,Cancelled
R04771,C0029,D0046,2025-11-09 01:45:04.401288,2025-11-09 03:07:04.401288,Residential Area,Railway Station,5.92,168.56,UPI,Cancelled
R04772,C0892,D0261,2025-11-02 17:19:04.401326,2025-11-02 18:35:04.401326,Metro Station,Railway Station,16.89,403.02,Debit Card,Completed
R04773,C0862,D0116,2025-11-04 21:32:04.401370,2025-11-04 21:42:04.401370,City Center,Bus Stand,17.63,346.34,Credit Card,Completed
R04774,C0928,D0243,2026-06-11 01:37:04.401412,2026-06-11 02:05:04.401412,Airport,Bus Stand,5.35,143.3,Debit Card,Completed
R04775,C0462,D0276,2025-12-23 08:29:04.401455,2025-12-23 08:39:04.401455,Residential Area,Bus Stand,2.57,92.26,UPI,Completed
R04776,C0261,D0021,2026-03-25 08:33:04.401495,2026-03-25 09:27:04.401495,Hospital,Metro Station,17.83,346.94,Credit Card,Cancelled
R04777,C0540,D0027,2025-08-16 22:58:04.401535,2025-08-16 23:49:04.401535,Metro Station,IT Park,6.66,148.88,Cash,Cancelled
R04778,C0374,D0178,2026-03-06 01:28:04.401581,2026-03-06 02:49:04.401581,Airport,Hospital,17.9,358.2,Debit Card,Cancelled
R04779,C0398,D0087,2026-02-25 14:50:04.401623,2026-02-25 15:27:04.401623,Railway Station,Hospital,4.35,132.3,Cash,Completed
R04780,C0936,D0261,2026-01-17 09:53:04.401664,2026-01-17 11:04:04.401664,IT Park,City Center,29.99,635.82,Cash,Completed
R04781,C0063,D0425,2026-04-24 16:02:04.401705,2026-04-24 16:46:04.401705,IT Park,Hospital,3.86,116.48,Debit Card,Completed
R04782,C0085,D0213,2026-05-25 08:34:04.401746,2026-05-25 09:29:04.401746,Residential Area,Residential Area,15.9,340.2,Credit Card,Cancelled
R04783,C0302,D0176,2026-06-22 01:42:04.401786,2026-06-22 02:54:04.401786,Metro Station,University,9.46,208.28,UPI,Completed
R04784,C0921,D0245,2025-09-13 12:53:04.401827,2025-09-13 13:51:04.401827,Airport,Hospital,19.47,426.46,Credit Card,Cancelled
R04785,C0430,D0344,2025-08-15 16:17:04.401868,2025-08-15 17:39:04.401868,Railway Station,Metro Station,24.38,490.84,UPI,Cancelled
R04786,C0738,D0297,2025-11-01 23:56:04.401917,2025-11-02 00:08:04.401917,Hospital,Mall,19.32,380.76,Debit Card,Cancelled
R04787,C0250,D0469,2026-04-09 23:29:04.401957,2026-04-10 00:46:04.401957,Mall,University,7.28,203.04,Credit Card,Completed
R04788,C0630,D0456,2026-02-25 23:42:04.402000,2026-02-25 23:55:04.402000,Railway Station,IT Park,9.09,226.62,Credit Card,Completed
R04789,C0215,D0260,2025-12-05 19:42:04.402040,2025-12-05 20:03:04.402040,Airport,IT Park,12.27,283.86,UPI,Completed
R04790,C0154,D0497,2026-04-22 13:32:04.402079,2026-04-22 13:48:04.402079,IT Park,Metro Station,24.22,514.96,Cash,Completed
R04791,C0366,D0393,2025-08-15 17:14:04.402118,2025-08-15 18:44:04.402118,City Center,University,21.62,470.16,Credit Card,Completed
R04792,C0104,D0190,2025-12-16 22:32:04.402162,2025-12-16 23:19:04.402162,Residential Area,Railway Station,13.26,293.68,Cash,Completed
R04793,C0132,D0402,2025-09-09 19:09:04.402201,2025-09-09 20:20:04.402201,Hospital,Mall,14.2,278.6,Credit Card,Cancelled
R04794,C0256,D0123,2026-04-06 03:52:04.404532,2026-04-06 05:12:04.404532,Airport,Metro Station,29.92,581.56,UPI,Cancelled
R04795,C0824,D0024,2025-09-27 08:47:04.404581,2025-09-27 09:49:04.404581,Metro Station,City Center,2.02,123.36,Cash,Completed
R04796,C0726,D0472,2025-12-07 23:19:04.404624,2025-12-08 00:22:04.404624,IT Park,Bus Stand,21.88,420.84,Debit Card,Cancelled
R04797,C0527,D0022,2026-07-18 14:04:04.404664,2026-07-18 15:12:04.404664,Hospital,City Center,11.61,284.98,UPI,Cancelled
R04798,C0255,D0078,2025-11-28 07:26:04.404709,2025-11-28 08:13:04.404709,Airport,Airport,6.29,150.22,Cash,Cancelled
R04799,C0880,D0166,2026-01-24 08:55:04.404744,2026-01-24 09:48:04.404744,Mall,Metro Station,29.44,558.92,Cash,Cancelled
R04800,C0563,D0002,2026-07-23 08:56:04.404777,2026-07-23 10:14:04.404777,Bus Stand,Railway Station,14.89,338.02,Debit Card,Completed
R04801,C0421,D0107,2026-02-17 19:09:04.404812,2026-02-17 20:29:04.404812,University,Bus Stand,14.73,285.14,Cash,Cancelled
R04802,C0425,D0078,2025-11-17 08:36:04.404850,2025-11-17 09:43:04.404850,IT Park,IT Park,29.23,608.14,Debit Card,Cancelled
R04803,C0230,D0326,2026-02-02 06:55:04.404898,2026-02-02 07:42:04.404898,Bus Stand,City Center,23.04,458.72,Cash,Completed
R04804,C0439,D0044,2026-03-13 09:03:04.404933,2026-03-13 09:28:04.404933,City Center,Hospital,13.0,286.0,Debit Card,Completed
R04805,C0390,D0138,2026-05-08 21:34:04.404966,2026-05-08 21:46:04.404966,Metro Station,Bus Stand,9.61,212.98,Cash,Cancelled
R04806,C0135,D0303,2025-10-31 04:27:04.404999,2025-10-31 05:55:04.404999,Hospital,Bus Stand,6.25,196.5,Cash,Cancelled
R04807,C0446,D0078,2026-05-01 14:19:04.405040,2026-05-01 15:38:04.405040,Bus Stand,Bus Stand,19.96,381.28,Credit Card,Completed
R04808,C0544,D0412,2026-04-18 04:26:04.405082,2026-04-18 05:02:04.405082,Residential Area,Mall,6.72,177.96,Cash,Completed
R04809,C0916,D0318,2026-03-01 19:16:04.405119,2026-03-01 19:37:04.405119,Metro Station,Residential Area,11.21,238.78,UPI,Cancelled
R04810,C0303,D0078,2026-03-20 05:34:04.405154,2026-03-20 06:52:04.405154,University,Airport,16.09,351.62,Cash,Cancelled
R04811,C0848,D0309,2026-02-14 18:18:04.405188,2026-02-14 19:00:04.405188,Airport,Residential Area,12.58,316.44,Cash,Cancelled
R04812,C0006,D0088,2026-05-13 10:42:04.405241,2026-05-13 11:01:04.405241,Railway Station,Airport,8.85,223.3,Cash,Completed
R04813,C0654,D0132,2026-06-12 00:08:04.405280,2026-06-12 00:57:04.405280,Railway Station,City Center,22.04,445.72,UPI,Cancelled
R04814,C0140,D0174,2026-03-26 16:26:04.405326,2026-03-26 17:25:04.405326,Hospital,Residential Area,7.31,231.58,Debit Card,Cancelled
R04815,C0945,D0172,2025-12-19 10:28:04.405364,2025-12-19 10:51:04.405364,IT Park,Hospital,21.27,472.86,Credit Card,Cancelled
R04816,C0210,D0467,2026-05-28 05:12:04.405402,2026-05-28 06:39:04.405402,Mall,Hospital,25.8,505.4,UPI,Cancelled
R04817,C0102,D0265,2026-06-12 11:24:04.405440,2026-06-12 12:46:04.405440,IT Park,Railway Station,12.64,285.52,Debit Card,Cancelled
R04818,C0482,D0091,2025-09-18 10:42:04.405485,2025-09-18 11:02:04.405485,City Center,City Center,16.4,376.2,Debit Card,Cancelled
R04819,C0606,D0369,2025-10-15 00:10:04.405524,2025-10-15 00:44:04.405524,Airport,Metro Station,18.78,374.04,Debit Card,Cancelled
R04820,C0904,D0142,2025-10-26 16:08:04.405562,2025-10-26 16:28:04.405562,Mall,Airport,13.33,306.94,UPI,Completed
R04821,C0739,D0499,2025-12-28 12:59:04.405603,2025-12-28 13:42:04.405603,IT Park,IT Park,24.89,489.02,Cash,Cancelled
R04822,C0035,D0039,2026-02-01 02:28:04.405640,2026-02-01 02:50:04.405640,IT Park,Railway Station,27.91,554.38,Credit Card,Cancelled
R04823,C0053,D0310,2025-09-20 04:11:04.405678,2025-09-20 04:48:04.405678,Railway Station,Residential Area,17.53,382.54,Debit Card,Completed
R04824,C0531,D0049,2026-05-08 11:29:04.405717,2026-05-08 12:57:04.405717,IT Park,Airport,2.35,90.3,Credit Card,Completed
R04825,C0421,D0312,2025-11-18 11:53:04.405755,2025-11-18 12:09:04.405755,Airport,Railway Station,16.19,388.42,Debit Card,Completed
R04826,C0151,D0222,2026-02-14 12:24:04.405793,2026-02-14 12:49:04.405793,Residential Area,Airport,26.98,552.64,Cash,Cancelled
R04827,C0816,D0417,2026-04-08 21:39:04.405831,2026-04-08 22:30:04.405831,Mall,Mall,26.77,558.86,UPI,Cancelled
R04828,C0142,D0099,2025-12-17 08:31:04.405873,2025-12-17 09:44:04.405873,University,Airport,22.06,456.08,Credit Card,Completed
R04829,C0764,D0317,2025-12-10 11:11:04.405938,2025-12-10 11:48:04.405938,Metro Station,Metro Station,16.23,350.14,UPI,Cancelled
R04830,C0981,D0445,2025-09-23 16:12:04.405976,2025-09-23 17:06:04.405976,Hospital,Railway Station,17.9,350.2,Credit Card,Completed
R04831,C0959,D0077,2026-01-18 03:58:04.406014,2026-01-18 05:27:04.406014,Airport,Metro Station,19.82,376.76,Debit Card,Completed
R04832,C0845,D0350,2025-11-27 18:53:04.406053,2025-11-27 19:11:04.406053,IT Park,Metro Station,28.29,549.22,Credit Card,Completed
R04833,C0917,D0439,2025-09-13 07:09:04.406090,2025-09-13 08:19:04.406090,City Center,Bus Stand,5.22,131.96,UPI,Completed
R04834,C0641,D0378,2026-07-31 09:29:04.406128,2026-07-31 10:12:04.406128,Bus Stand,Airport,19.7,413.6,Credit Card,Completed
R04835,C0802,D0365,2025-08-16 10:14:04.406165,2025-08-16 11:11:04.406165,University,Metro Station,23.58,461.44,UPI,Cancelled
R04836,C0315,D0427,2025-12-19 05:49:04.406207,2025-12-19 06:33:04.406207,IT Park,Railway Station,7.25,227.5,Cash,Completed
R04837,C0528,D0476,2026-03-24 08:15:04.407958,2026-03-24 09:09:04.407958,Residential Area,Hospital,8.52,196.36,Debit Card,Completed
R04838,C0352,D0382,2026-03-24 03:11:04.408015,2026-03-24 04:26:04.408015,University,Bus Stand,26.22,566.96,Credit Card,Cancelled
R04839,C0326,D0325,2026-04-07 16:57:04.408067,2026-04-07 17:42:04.408067,City Center,Mall,12.61,311.98,Debit Card,Completed
R04840,C0213,D0017,2025-10-11 04:56:04.408109,2025-10-11 05:27:04.408109,University,Bus Stand,4.56,139.08,UPI,Completed
R04841,C0619,D0293,2026-04-29 16:00:04.408154,2026-04-29 17:14:04.408154,Hospital,University,10.68,290.24,Credit Card,Completed
R04842,C0371,D0072,2025-08-18 23:07:04.408195,2025-08-19 00:24:04.408195,City Center,Residential Area,23.34,481.12,Debit Card,Completed
R04843,C0328,D0185,2025-12-09 22:21:04.408253,2025-12-09 23:32:04.408253,University,Bus Stand,14.01,287.18,UPI,Cancelled
R04844,C0616,D0049,2026-05-13 09:32:04.408294,2026-05-13 10:29:04.408294,Bus Stand,Metro Station,19.52,427.36,UPI,Cancelled
R04845,C0266,D0134,2025-08-25 06:05:04.408336,2025-08-25 07:20:04.408336,Airport,Hospital,28.78,593.04,Credit Card,Completed
R04846,C0019,D0328,2025-08-31 05:22:04.408383,2025-08-31 06:37:04.408383,Residential Area,Bus Stand,29.32,615.76,Credit Card,Cancelled
R04847,C0232,D0481,2026-02-01 21:00:04.408425,2026-02-01 22:18:04.408425,Railway Station,Mall,5.96,169.28,Debit Card,Cancelled
R04848,C0984,D0385,2025-09-15 22:52:04.408471,2025-09-15 23:50:04.408471,Bus Stand,Residential Area,5.11,163.98,Debit Card,Cancelled
R04849,C0324,D0360,2026-06-10 18:47:04.408514,2026-06-10 20:10:04.408514,IT Park,Residential Area,22.96,488.28,Debit Card,Cancelled
R04850,C0052,D0145,2025-10-24 20:00:04.408554,2025-10-24 21:26:04.408554,Mall,Metro Station,7.03,224.54,Debit Card,Completed
R04851,C0194,D0434,2025-12-25 15:34:04.408594,2025-12-25 16:08:04.408594,IT Park,Bus Stand,15.0,354.0,Credit Card,Cancelled
R04852,C0779,D0123,2025-09-28 15:34:04.408633,2025-09-28 17:03:04.408633,IT Park,Mall,4.19,99.42,Debit Card,Completed
R04853,C0903,D0196,2026-05-12 12:53:04.408673,2026-05-12 13:08:04.408673,University,University,12.82,286.76,Debit Card,Cancelled
R04854,C0601,D0310,2026-04-27 18:27:04.408712,2026-04-27 18:48:04.408712,IT Park,Railway Station,19.86,445.48,UPI,Completed
R04855,C0657,D0038,2026-07-15 17:48:04.408751,2026-07-15 18:27:04.408751,City Center,Mall,19.59,416.62,Credit Card,Cancelled
R04856,C0630,D0100,2026-01-13 04:18:04.408791,2026-01-13 04:57:04.408791,City Center,Hospital,27.54,535.72,Cash,Cancelled
R04857,C0167,D0308,2025-09-27 22:25:04.408831,2025-09-27 23:26:04.408831,University,University,23.18,499.24,Debit Card,Cancelled
R04858,C0426,D0363,2026-01-24 14:25:04.408875,2026-01-24 15:37:04.408875,Airport,Railway Station,18.15,379.7,Cash,Completed
R04859,C0495,D0362,2026-03-20 19:41:04.408928,2026-03-20 20:55:04.408928,Airport,Railway Station,4.67,135.06,Cash,Cancelled
R04860,C0499,D0381,2025-12-10 10:51:04.408965,2025-12-10 11:22:04.408965,City Center,City Center,25.07,502.26,UPI,Completed
R04861,C0217,D0310,2025-09-03 13:37:04.409000,2025-09-03 14:23:04.409000,Hospital,Railway Station,2.61,73.98,Debit Card,Completed
R04862,C0060,D0152,2026-02-13 00:01:04.409037,2026-02-13 00:19:04.409037,IT Park,Metro Station,4.01,147.18,Debit Card,Completed
R04863,C0288,D0357,2025-12-14 22:29:04.409075,2025-12-14 23:46:04.409075,IT Park,Metro Station,13.35,308.3,Credit Card,Cancelled
R04864,C0503,D0176,2026-04-28 00:10:04.409115,2026-04-28 00:50:04.409115,IT Park,Hospital,15.97,343.46,Credit Card,Cancelled
R04865,C0348,D0390,2026-02-10 23:08:04.409155,2026-02-11 00:32:04.409155,University,City Center,7.8,240.4,UPI,Cancelled
R04866,C0518,D0017,2026-06-18 17:41:04.409194,2026-06-18 19:06:04.409194,City Center,Railway Station,11.37,230.66,Credit Card,Cancelled
R04867,C0796,D0141,2026-06-27 14:24:04.409248,2026-06-27 15:04:04.409248,Bus Stand,Mall,27.2,544.6,Credit Card,Completed
R04868,C0485,D0367,2026-03-31 20:51:04.409294,2026-03-31 21:48:04.409294,University,Metro Station,21.83,418.94,UPI,Completed
R04869,C0885,D0248,2026-03-03 09:08:04.409334,2026-03-03 09:59:04.409334,University,IT Park,4.04,171.72,Debit Card,Completed
R04870,C0058,D0419,2026-04-05 09:27:04.409373,2026-04-05 10:46:04.409373,Hospital,City Center,19.43,404.74,Credit Card,Cancelled
R04871,C0341,D0123,2025-09-15 22:24:04.409412,2025-09-15 23:14:04.409412,Airport,Residential Area,10.59,281.62,Debit Card,Completed
R04872,C0598,D0492,2026-01-28 04:05:04.409452,2026-01-28 05:28:04.409452,IT Park,University,15.04,337.72,Credit Card,Cancelled
R04873,C0812,D0332,2025-10-31 04:35:04.409491,2025-10-31 05:46:04.409491,City Center,Bus Stand,7.57,223.26,Credit Card,Cancelled
R04874,C0285,D0319,2025-09-06 20:44:04.409531,2025-09-06 21:57:04.409531,Mall,Hospital,6.38,174.84,Debit Card,Cancelled
R04875,C0079,D0041,2026-07-02 22:12:04.409570,2026-07-02 23:26:04.409570,Hospital,Mall,6.71,161.78,UPI,Completed
R04876,C0808,D0308,2026-05-04 04:21:04.409626,2026-05-04 05:17:04.409626,Hospital,IT Park,15.82,324.76,Credit Card,Completed
R04877,C0001,D0500,2026-07-06 17:10:04.409668,2026-07-06 18:31:04.409668,Mall,Metro Station,25.92,505.56,UPI,Cancelled
R04878,C0900,D0167,2026-04-17 13:21:04.409717,2026-04-17 14:21:04.409717,Mall,Bus Stand,29.87,599.66,Cash,Cancelled
R04879,C0485,D0052,2025-11-15 05:09:04.409757,2025-11-15 05:48:04.409757,City Center,Railway Station,3.63,143.34,Cash,Completed
R04880,C0231,D0131,2025-08-20 23:05:04.409797,2025-08-21 00:05:04.409797,Residential Area,Metro Station,11.27,298.86,UPI,Completed
R04881,C0404,D0038,2026-01-13 16:59:04.409836,2026-01-13 17:13:04.409836,Hospital,Bus Stand,2.89,113.02,Debit Card,Cancelled
R04882,C0193,D0076,2025-09-17 21:21:04.409875,2025-09-17 22:21:04.409875,University,University,15.69,313.42,Debit Card,Cancelled
R04883,C0837,D0367,2026-01-11 22:41:04.409923,2026-01-11 23:14:04.409923,Airport,IT Park,12.74,257.32,Cash,Completed
R04884,C0649,D0249,2025-10-20 01:29:04.409963,2025-10-20 02:58:04.409963,Metro Station,Railway Station,16.01,331.18,Debit Card,Cancelled
R04885,C0938,D0128,2026-01-05 21:45:04.410002,2026-01-05 22:09:04.410002,Hospital,Residential Area,11.95,291.1,Credit Card,Cancelled
R04886,C0763,D0375,2026-06-06 13:33:04.410041,2026-06-06 14:31:04.410041,Bus Stand,Airport,18.72,388.96,Cash,Completed
R04887,C0056,D0341,2025-12-13 01:06:04.410081,2025-12-13 01:50:04.410081,Metro Station,IT Park,9.42,262.56,Debit Card,Cancelled
R04888,C0044,D0044,2026-01-23 23:50:04.410123,2026-01-24 00:37:04.410123,Mall,University,10.91,240.38,Credit Card,Completed
R04889,C0551,D0428,2025-10-08 21:28:04.410163,2025-10-08 22:32:04.410163,Railway Station,Hospital,5.68,139.24,Cash,Cancelled
R04890,C0139,D0164,2026-02-16 17:27:04.410203,2026-02-16 18:42:04.410203,Hospital,Airport,26.54,548.72,Credit Card,Completed
R04891,C0569,D0420,2025-10-22 13:52:04.414322,2025-10-22 14:58:04.414322,University,Airport,27.34,584.12,Credit Card,Cancelled
R04892,C0589,D0048,2026-06-29 07:16:04.414374,2026-06-29 08:38:04.414374,Airport,Bus Stand,25.18,474.24,Credit Card,Cancelled
R04893,C0718,D0203,2026-04-14 04:50:04.414418,2026-04-14 05:03:04.414418,IT Park,Hospital,5.22,120.96,UPI,Cancelled
R04894,C0143,D0299,2025-11-26 03:45:04.414461,2025-11-26 04:35:04.414461,Residential Area,Railway Station,2.2,134.6,Cash,Completed
R04895,C0104,D0261,2026-02-07 08:20:04.414502,2026-02-07 08:33:04.414502,Mall,IT Park,11.75,262.5,Credit Card,Completed
R04896,C0031,D0175,2025-12-27 21:42:04.414543,2025-12-27 22:38:04.414543,Metro Station,University,20.55,409.9,Debit Card,Cancelled
R04897,C0014,D0233,2026-03-05 12:15:04.414584,2026-03-05 12:29:04.414584,University,Residential Area,17.95,398.1,UPI,Completed
R04898,C0570,D0036,2025-09-06 22:52:04.414634,2025-09-06 23:27:04.414634,Railway Station,Metro Station,2.77,134.86,Cash,Cancelled
R04899,C0759,D0005,2025-11-06 09:55:04.414684,2025-11-06 11:08:04.414684,Residential Area,Bus Stand,22.61,460.98,Debit Card,Cancelled
R04900,C0001,D0041,2026-02-21 15:47:04.414730,2026-02-21 16:44:04.414730,Railway Station,University,2.14,115.52,Cash,Cancelled
R04901,C0210,D0090,2026-02-19 22:22:04.414771,2026-02-19 23:52:04.414771,Residential Area,University,6.8,166.4,Credit Card,Completed
R04902,C0348,D0442,2026-04-10 08:26:04.414816,2026-04-10 08:52:04.414816,Residential Area,University,11.29,277.22,Credit Card,Cancelled
R04903,C0789,D0019,2026-06-14 02:52:04.414856,2026-06-14 03:59:04.414856,Metro Station,Residential Area,18.64,414.52,Credit Card,Cancelled
R04904,C0268,D0150,2026-07-15 11:07:04.414904,2026-07-15 11:19:04.414904,University,Railway Station,23.59,490.62,UPI,Completed
R04905,C0199,D0427,2026-05-23 16:42:04.414945,2026-05-23 16:53:04.414945,Mall,University,27.08,524.44,Credit Card,Completed
R04906,C0404,D0126,2026-04-26 14:25:04.414993,2026-04-26 15:49:04.414993,Bus Stand,Hospital,20.23,415.14,UPI,Cancelled
R04907,C0876,D0362,2026-07-21 20:40:04.415033,2026-07-21 21:06:04.415033,IT Park,Hospital,9.53,263.54,Debit Card,Cancelled
R04908,C0021,D0052,2026-07-31 01:23:04.415078,2026-07-31 02:21:04.415078,Mall,Railway Station,15.24,359.32,Debit Card,Completed
R04909,C0340,D0138,2026-07-09 05:34:04.415117,2026-07-09 06:54:04.415117,Metro Station,Hospital,19.65,384.7,Debit Card,Completed
R04910,C0222,D0391,2025-08-20 10:52:04.415158,2025-08-20 11:48:04.415158,Railway Station,University,2.23,61.14,Cash,Completed
R04911,C0560,D0366,2026-02-14 23:00:04.415197,2026-02-14 23:25:04.415197,University,Metro Station,14.61,344.98,Credit Card,Cancelled
R04912,C0620,D0368,2026-06-26 03:02:04.415252,2026-06-26 03:13:04.415252,Bus Stand,Residential Area,19.03,440.54,Debit Card,Cancelled
R04913,C0813,D0044,2026-05-15 09:06:04.415292,2026-05-15 09:38:04.415292,IT Park,Bus Stand,12.38,252.84,UPI,Cancelled
R04914,C0652,D0376,2025-09-08 13:47:04.415333,2025-09-08 14:07:04.415333,Railway Station,Mall,16.26,331.68,Debit Card,Cancelled
R04915,C0675,D0290,2026-01-16 03:04:04.415372,2026-01-16 04:27:04.415372,Airport,University,10.77,263.86,Cash,Completed
R04916,C0985,D0171,2026-05-23 22:05:04.415411,2026-05-23 23:00:04.415411,Airport,City Center,22.55,453.9,Cash,Completed
R04917,C0563,D0138,2025-08-31 14:06:04.415452,2025-08-31 14:52:04.415452,City Center,Bus Stand,27.42,524.56,Debit Card,Cancelled
R04918,C0250,D0138,2026-07-09 06:10:04.415496,2026-07-09 06:32:04.415496,University,City Center,17.85,360.3,Debit Card,Completed
R04919,C0367,D0362,2025-11-28 10:12:04.415537,2025-11-28 11:38:04.415537,Residential Area,Metro Station,10.01,226.18,Cash,Completed
R04920,C0914,D0190,2026-07-27 17:54:04.415576,2026-07-27 19:17:04.415576,University,City Center,11.26,241.68,Credit Card,Completed
R04921,C0021,D0164,2026-01-29 04:27:04.415614,2026-01-29 04:52:04.415614,Hospital,Metro Station,13.23,267.14,Debit Card,Cancelled
R04922,C0043,D0110,2025-10-27 13:08:04.415653,2025-10-27 14:05:04.415653,Mall,University,10.28,219.04,Credit Card,Cancelled
R04923,C0118,D0336,2026-03-04 20:29:04.415691,2026-03-04 21:40:04.415691,University,IT Park,18.58,414.44,Debit Card,Cancelled
R04924,C0989,D0003,2026-05-04 17:29:04.415731,2026-05-04 18:09:04.415731,Metro Station,Mall,13.58,322.44,UPI,Cancelled
R04925,C0789,D0197,2025-11-26 23:06:04.415770,2025-11-27 00:15:04.415770,Mall,University,14.38,301.84,Cash,Completed
R04926,C0805,D0100,2026-01-11 02:58:04.415810,2026-01-11 03:22:04.415810,Railway Station,City Center,12.85,290.3,Debit Card,Completed
R04927,C0725,D0325,2026-07-08 04:31:04.415848,2026-07-08 05:09:04.415848,Hospital,IT Park,4.33,113.94,Credit Card,Cancelled
R04928,C0243,D0285,2026-01-29 20:00:04.415903,2026-01-29 20:14:04.415903,Bus Stand,City Center,23.64,487.52,Credit Card,Cancelled
R04929,C0032,D0153,2025-10-18 00:23:04.415946,2025-10-18 01:48:04.415946,IT Park,Bus Stand,20.29,457.22,Credit Card,Completed
R04930,C0058,D0018,2026-03-17 17:28:04.415986,2026-03-17 18:15:04.415986,Metro Station,Mall,13.95,314.1,Cash,Completed
R04931,C0539,D0094,2026-02-19 12:08:04.416025,2026-02-19 13:09:04.416025,Airport,Mall,23.85,517.3,Debit Card,Cancelled
R04932,C0110,D0380,2026-04-13 23:51:04.416065,2026-04-14 00:18:04.416065,Airport,Bus Stand,19.8,433.4,Debit Card,Cancelled
R04933,C0888,D0290,2026-01-05 08:33:04.416104,2026-01-05 09:52:04.416104,Bus Stand,Mall,24.91,527.38,Debit Card,Cancelled
R04934,C0555,D0433,2025-11-20 01:27:04.416147,2025-11-20 02:45:04.416147,City Center,City Center,29.65,600.7,UPI,Completed
R04935,C0159,D0111,2025-11-15 21:21:04.416187,2025-11-15 22:47:04.416187,IT Park,Railway Station,27.27,535.86,Debit Card,Cancelled
R04936,C0022,D0253,2026-06-18 01:13:04.419284,2026-06-18 01:54:04.419284,Bus Stand,Railway Station,25.13,542.34,Cash,Cancelled
R04937,C0270,D0320,2026-03-29 04:25:04.419354,2026-03-29 05:35:04.419354,Residential Area,City Center,16.71,361.78,Debit Card,Cancelled
R04938,C0938,D0398,2025-08-22 00:05:04.419414,2025-08-22 00:20:04.419414,Railway Station,Hospital,7.8,163.4,Credit Card,Cancelled
R04939,C0415,D0328,2026-06-19 16:13:04.419464,2026-06-19 16:23:04.419464,Mall,IT Park,7.62,162.16,Cash,Completed
R04940,C0155,D0177,2025-08-23 01:24:04.419502,2025-08-23 01:38:04.419502,Metro Station,Metro Station,11.68,276.24,Cash,Completed
R04941,C0915,D0005,2025-11-24 08:24:04.419555,2025-11-24 09:39:04.419555,Metro Station,IT Park,28.95,587.1,Debit Card,Completed
R04942,C0509,D0325,2025-12-02 17:56:04.419596,2025-12-02 18:33:04.419596,Hospital,Hospital,18.54,397.72,UPI,Cancelled
R04943,C0611,D0447,2026-04-06 22:45:04.419635,2026-04-06 23:51:04.419635,Mall,Metro Station,16.72,382.96,Cash,Completed
R04944,C0366,D0118,2026-05-30 03:37:04.419671,2026-05-30 03:54:04.419671,City Center,IT Park,28.09,576.62,Credit Card,Completed
R04945,C0546,D0187,2025-12-05 03:51:04.419709,2025-12-05 04:22:04.419709,IT Park,Mall,23.33,511.94,Cash,Completed
R04946,C0826,D0163,2026-06-25 11:31:04.419748,2026-06-25 11:49:04.419748,City Center,IT Park,19.73,453.14,Credit Card,Cancelled
R04947,C0159,D0466,2026-03-30 12:51:04.419785,2026-03-30 14:10:04.419785,Metro Station,Railway Station,25.15,514.7,Debit Card,Completed
R04948,C0092,D0073,2025-11-26 00:02:04.419832,2025-11-26 01:17:04.419832,Residential Area,Metro Station,4.08,172.44,Debit Card,Cancelled
R04949,C0503,D0121,2026-05-22 11:48:04.419873,2026-05-22 13:12:04.419873,Railway Station,City Center,7.91,212.38,UPI,Cancelled
R04950,C0430,D0182,2025-11-25 04:24:04.419926,2025-11-25 05:32:04.419926,Railway Station,Bus Stand,15.95,327.1,Cash,Completed
R04951,C0963,D0421,2026-06-24 18:09:04.419965,2026-06-24 19:12:04.419965,Mall,Residential Area,24.03,462.54,Credit Card,Completed
R04952,C0229,D0442,2026-07-23 18:24:04.420004,2026-07-23 19:32:04.420004,Airport,IT Park,19.36,444.48,UPI,Completed
R04953,C0855,D0128,2025-10-12 14:05:04.420043,2025-10-12 15:33:04.420043,Railway Station,Railway Station,4.93,142.74,Credit Card,Cancelled
R04954,C0824,D0178,2025-12-19 13:47:04.420082,2025-12-19 14:14:04.420082,Railway Station,City Center,8.88,220.84,Cash,Completed
R04955,C0542,D0215,2025-10-28 07:57:04.420121,2025-10-28 08:28:04.420121,Hospital,IT Park,27.55,595.9,Cash,Cancelled
R04956,C0066,D0355,2026-02-17 23:54:04.420158,2026-02-18 01:06:04.420158,Railway Station,Residential Area,5.09,158.62,Debit Card,Completed
R04957,C0826,D0468,2026-05-01 15:03:04.420197,2026-05-01 15:21:04.420197,University,IT Park,2.57,75.26,UPI,Cancelled
R04958,C0595,D0112,2025-09-07 12:59:04.420265,2025-09-07 13:50:04.420265,Metro Station,University,20.79,466.22,Debit Card,Cancelled
R04959,C0667,D0478,2026-07-24 09:58:04.420306,2026-07-24 10:53:04.420306,IT Park,City Center,19.18,413.24,Debit Card,Completed
R04960,C0056,D0387,2026-05-10 04:28:04.420346,2026-05-10 05:52:04.420346,University,Residential Area,15.84,311.12,Cash,Cancelled
R04961,C0669,D0401,2025-11-09 16:06:04.420385,2025-11-09 16:31:04.420385,Airport,IT Park,5.16,139.88,Credit Card,Cancelled
R04962,C0093,D0192,2026-04-27 12:09:04.420431,2026-04-27 12:21:04.420431,City Center,Railway Station,19.56,430.08,Cash,Cancelled
R04963,C0263,D0422,2026-06-30 11:50:04.420472,2026-06-30 12:17:04.420472,Railway Station,City Center,20.63,411.34,Credit Card,Cancelled
R04964,C0916,D0033,2025-09-07 15:39:04.420515,2025-09-07 16:14:04.420515,Metro Station,IT Park,12.28,275.04,Debit Card,Completed
R04965,C0108,D0174,2025-12-30 10:31:04.420555,2025-12-30 11:20:04.420555,Railway Station,Airport,21.25,480.5,Cash,Completed
R04966,C0184,D0279,2026-01-20 00:50:04.420595,2026-01-20 01:09:04.420595,City Center,IT Park,13.89,320.02,UPI,Completed
R04967,C0378,D0191,2025-12-19 05:28:04.420633,2025-12-19 05:57:04.420633,Hospital,University,25.66,510.88,UPI,Cancelled
R04968,C0555,D0426,2026-05-22 06:36:04.420676,2026-05-22 06:51:04.420676,Hospital,Railway Station,21.25,437.5,Cash,Completed
R04969,C0298,D0495,2026-07-04 14:46:04.420717,2026-07-04 15:51:04.420717,Metro Station,Metro Station,28.48,532.64,Cash,Completed
R04970,C0741,D0246,2025-11-21 09:54:04.420756,2025-11-21 11:07:04.420756,Bus Stand,Railway Station,13.04,302.72,Cash,Cancelled
R04971,C0428,D0330,2025-12-07 08:27:04.420796,2025-12-07 08:37:04.420796,Mall,City Center,6.49,193.82,Credit Card,Cancelled
R04972,C0034,D0041,2026-03-31 04:25:04.420836,2026-03-31 04:35:04.420836,City Center,IT Park,26.21,494.78,UPI,Cancelled
R04973,C0188,D0334,2026-07-03 20:23:04.420876,2026-07-03 20:37:04.420876,Mall,Metro Station,16.19,356.42,Debit Card,Completed
R04974,C0596,D0305,2026-04-05 17:46:04.420928,2026-04-05 19:13:04.420928,Metro Station,IT Park,2.61,142.98,UPI,Cancelled
R04975,C0402,D0085,2026-07-08 04:35:04.420967,2026-07-08 05:26:04.420967,Hospital,IT Park,10.27,254.86,Credit Card,Completed
R04976,C0178,D0206,2026-06-30 21:31:04.421006,2026-06-30 22:29:04.421006,Hospital,Mall,3.52,93.36,UPI,Completed
R04977,C0571,D0040,2025-08-15 05:58:04.421046,2025-08-15 06:28:04.421046,IT Park,City Center,17.87,410.66,Credit Card,Cancelled
R04978,C0331,D0371,2025-10-18 05:21:04.421091,2025-10-18 06:13:04.421091,Mall,University,18.5,421.0,Credit Card,Completed
R04979,C0630,D0399,2025-12-30 07:56:04.421142,2025-12-30 08:25:04.421142,Metro Station,Hospital,3.28,156.04,UPI,Cancelled
R04980,C0349,D0193,2026-04-27 02:38:04.421181,2026-04-27 03:17:04.421181,Mall,Airport,24.25,501.5,Debit Card,Cancelled
R04981,C0222,D0423,2025-12-24 21:13:04.423342,2025-12-24 22:24:04.423342,Airport,Airport,25.76,512.68,Cash,Completed
R04982,C0176,D0472,2025-12-29 09:32:04.423421,2025-12-29 10:48:04.423421,Metro Station,Railway Station,10.14,251.52,UPI,Cancelled
R04983,C0020,D0471,2025-11-12 18:48:04.423484,2025-11-12 19:00:04.423484,Railway Station,Airport,2.22,86.96,UPI,Completed
R04984,C0294,D0339,2025-12-09 16:24:04.423530,2025-12-09 17:38:04.423530,University,City Center,3.0,127.0,Cash,Cancelled
R04985,C0598,D0231,2026-06-04 01:33:04.423571,2026-06-04 01:57:04.423571,Railway Station,Hospital,25.34,503.12,Debit Card,Cancelled
R04986,C0210,D0499,2025-10-03 04:16:04.423611,2025-10-03 05:44:04.423611,Mall,Railway Station,2.01,92.18,Cash,Completed
R04987,C0194,D0002,2026-05-31 07:33:04.423653,2026-05-31 08:41:04.423653,Airport,Bus Stand,13.94,350.92,UPI,Completed
R04988,C0761,D0108,2026-02-11 10:12:04.423701,2026-02-11 11:28:04.423701,Residential Area,Bus Stand,6.55,196.9,Debit Card,Completed
R04989,C0291,D0019,2026-04-02 11:37:04.423743,2026-04-02 12:43:04.423743,Metro Station,Mall,29.62,562.16,UPI,Completed
R04990,C0764,D0202,2026-04-17 19:54:04.423781,2026-04-17 20:43:04.423781,Residential Area,Airport,15.29,361.22,Debit Card,Completed
R04991,C0465,D0394,2026-02-22 16:30:04.423831,2026-02-22 17:06:04.423831,Residential Area,Metro Station,8.34,217.12,Credit Card,Completed
R04992,C0818,D0198,2025-11-06 10:18:04.423872,2025-11-06 11:07:04.423872,Airport,IT Park,13.54,291.72,Credit Card,Cancelled
R04993,C0692,D0159,2026-02-01 02:26:04.423927,2026-02-01 02:59:04.423927,Bus Stand,Hospital,28.39,570.02,UPI,Completed
R04994,C0620,D0034,2025-10-19 22:31:04.423969,2025-10-19 23:23:04.423969,Mall,City Center,7.11,209.98,Debit Card,Completed
R04995,C0309,D0288,2025-08-15 04:06:04.424010,2025-08-15 05:25:04.424010,IT Park,Bus Stand,8.1,217.8,Cash,Cancelled
R04996,C0759,D0190,2025-11-19 11:07:04.424051,2025-11-19 12:04:04.424051,Residential Area,Mall,7.42,167.56,Debit Card,Completed
R04997,C0200,D0483,2026-01-13 02:57:04.424093,2026-01-13 03:41:04.424093,Mall,University,12.07,294.26,Cash,Completed
R04998,C0045,D0303,2026-04-29 05:43:04.424146,2026-04-29 06:17:04.424146,Mall,Mall,23.96,492.28,Credit Card,Completed
R04999,C0240,D0267,2026-05-08 11:25:04.424190,2026-05-08 12:30:04.424190,Metro Station,Bus Stand,21.96,455.28,Credit Card,Completed
R05000,C0261,D0344,2026-06-19 03:36:04.424251,2026-06-19 04:53:04.424251,Airport,Residential Area,8.34,190.12,Cash,Completed
